imgid,filename,caption,sentid
30258,8037906430.jpg,"Many hockey players are bunched up around the goal, the goalie is in a crouched position and one player wearing a red and white jersey appears to be celebrating.",151290
30258,8037906430.jpg,A professional hockey player is jumping above the ice with his hands in the air as the other players try to score on a goal as it's being defended.,151291
30258,8037906430.jpg,A spirited hockey game where the fans in the background are cheering enthusiastically.,151292
30258,8037906430.jpg,A hockey player is jumping in the air and there are cheering fans in the background.,151293
30258,8037906430.jpg,Hockey player jumps with joy after his hockey team scores a goal.,151294
29768,7656601.jpg,A man in a yellow raincoat stands on boat with two other men while seagulls fly overhead.,148840
29768,7656601.jpg,"3 men on a boat at sea, with multiple seagulls in the background.",148841
29768,7656601.jpg,The gentlemen are on the boat deck relaxing.,148842
29768,7656601.jpg,These fisherman are on a boat out to sea.,148843
29768,7656601.jpg,Several men are outside on a boat.,148844
2005,158857536.jpg,"A man with a guitar, in cowboy boots and underwear, is standing in a street next to a woman, with yellow taxicabs in the background.",10025
2005,158857536.jpg,The naked cowboy outside of the Bank of America is talking to a redheaded woman as cabs drive by.,10026
2005,158857536.jpg,"A man wearing only a cowboy hat, cowboy boots, and underwear talks to a woman on a city street.",10027
2005,158857536.jpg,"A professed ""Naked Cowboy"" protests outside of the Bank of America building.",10028
2005,158857536.jpg,"A man in cowboy boots, briefs and holding a guitar, holds a woman's arm.",10029
3230,2086534745.jpg,A yellow kayak is descending quickly down a white water rapid.,16150
3230,2086534745.jpg,A rafter in a yellow raft in a steamy white river.,16151
3230,2086534745.jpg,A man in a yellow boat paddling down rough waters.,16152
3230,2086534745.jpg,The yellow kayak is in the middle of the rapids.,16153
3230,2086534745.jpg,Kayacker riding rough current downstream.,16154
2991,2047471190.jpg,A woman wearing a pink hat nods off while sitting on a bench surrounded by pigeons.,14955
2991,2047471190.jpg,A woman sleeping on a park bench with pigeons behind her.,14956
2991,2047471190.jpg,A lady wearing a white hat sitting on bench sleeping,14957
2991,2047471190.jpg,A woman is sleeping while sitting on a park bench.,14958
2991,2047471190.jpg,A woman in a spotted shirt sleeping on a bench.,14959
12630,3315616181.jpg,A man in a green shirt is climbing an obstacle course.,63150
12630,3315616181.jpg,A man in a green shirt climbs an indoor climbing wall.,63151
12630,3315616181.jpg,A teenage boy climbs an indoor climbing wall.,63152
12630,3315616181.jpg,Someone climbs an indoor climbing wall.,63153
12630,3315616181.jpg,A teenager climbs a rock wall.,63154
29291,7286147430.jpg,"A girl with light brown hair, glasses, white tank top, black bra, and a lip ring is looking at her iPhone as she lies on a couch in a room with a white wall.",146455
29291,7286147430.jpg,A teenage girl with librarian glasses and a lip piercing is on her pink iPhone while sitting on a couch.,146456
29291,7286147430.jpg,"A young girl with long hair, glasses and a lip ring playing on her iPhone in a brightly lit room.",146457
29291,7286147430.jpg,A woman with glasses and a lip piercing is sitting down looking at her pink iPhone.,146458
29291,7286147430.jpg,A young person is engaged with their smartphone.,146459
5919,2458862292.jpg,"A man stands at the wheel of a classic american car, door and trunk open.",29595
5919,2458862292.jpg,The man in the blue is posing for a picture next to his car.,29596
5919,2458862292.jpg,Man in blue shirt stands outside the car.,29597
5919,2458862292.jpg,A african american stands by his car.,29598
5919,2458862292.jpg,A man stands next to a car.,29599
25799,524031846.jpg,A boy splashes in a pool with his arms out to catch something.,128995
25799,524031846.jpg,A boy in swimming trunks is splashing in a swimming pool.,128996
25799,524031846.jpg,A young boy jumping to catch something in a pool.,128997
25799,524031846.jpg,Boy reaches up while in pool.,128998
25799,524031846.jpg,A boy jumps into the pool.,128999
28368,6800805602.jpg,A scientist wears latex gloves while handling samples and scientific equipment behind a glass shield.,141840
28368,6800805602.jpg,A woman wearing glasses is working in a lab with test tubes and equipment under a glass protector.,141841
28368,6800805602.jpg,"Woman with glasses, plastic gloves, and a lab coat, puts drops in a test tube.",141842
28368,6800805602.jpg,Woman in white lab coat and rubber gloves fills vial with substance.,141843
28368,6800805602.jpg,A lady scientist is checking something with a tool under a screen.,141844
23482,4842561523.jpg,A man in a white t-shirt is crossing the sidewalk.,117410
23482,4842561523.jpg,A man in a white shirt walking down the sidewalk.,117411
23482,4842561523.jpg,"Man going into a shallow, dark passageway.",117412
23482,4842561523.jpg,The person in white T-shirt is walking.,117413
23482,4842561523.jpg,A man walks down a shady sidewalk.,117414
29937,7754829172.jpg,"A volleyball match, with players in primarily red uniforms, being played in front of a large crowd.",149685
29937,7754829172.jpg,A man in green is setting the ball during a pro volleyball game.,149686
29937,7754829172.jpg,A group of men plays volleyball at the Olympic games.,149687
29937,7754829172.jpg,A men's Olympic indoor volleyball game,149688
29937,7754829172.jpg,Players in a basketball game.,149689
10781,3091403322.jpg,A man in a white shirt and black hat is sitting and playing the drums.,53905
10781,3091403322.jpg,"A man in white T-shirt, hat and jeans playing drums.",53906
10781,3091403322.jpg,A man wearing a white shirt is playing the drums.,53907
10781,3091403322.jpg,A man with a camouflage hat on playing drums.,53908
10781,3091403322.jpg,A man is playing music with the drum set.,53909
8791,2835793460.jpg,"A young women, in a black shirt, is holding a bike, while a young boy is holding a skateboard.",43955
8791,2835793460.jpg,A lady putting her bike on the sidewalk as a guy carries his skateboard onto the same sidewalk.,43956
8791,2835793460.jpg,A skateboarder is talking to a young girl who is trying to pull her bike away from him.,43957
8791,2835793460.jpg,A young woman holds her friend's bicycle for him while he pulls out his skateboard.,43958
8791,2835793460.jpg,A woman holding a bicycle and a boy holding a skateboard near a sidewalk.,43959
21235,4667566271.jpg,"A balding dark-haired man in a brown trench coat is chipping away at a stone block, surrounded by carved statues.",106175
21235,4667566271.jpg,A man is carving a strangely-shaped figure out of stone using a long-rodded tool.,106176
21235,4667566271.jpg,A man in a brown jacket is carving stone with a hammer and chisel.,106177
21235,4667566271.jpg,A man is using a hammer and chisel to make sculptures.,106178
21235,4667566271.jpg,An older gentleman carving granite with a chisel.,106179
7418,264859622.jpg,"A man walking a tightrope, low to the ground, between two trees.",37090
7418,264859622.jpg,A young man is walking across a suspended rope at night.,37091
7418,264859622.jpg,A young man walks a tightrope tied to a tree at night.,37092
7418,264859622.jpg,A man walks on a low tightrope under a tree.,37093
7418,264859622.jpg,A man walks across the tightrope.,37094
21265,466956675.jpg,A person climbing a large mountainside.,106325
21265,466956675.jpg,A person climbs up a rock face.,106326
21265,466956675.jpg,A man climbing a sheer rock wall,106327
21265,466956675.jpg,A climber ascending a mountain,106328
21265,466956675.jpg,A rock climber,106329
1273,1389651420.jpg,A little boy in a red shirt is making a face into the camera while waiting at a go-cart track.,6365
1273,1389651420.jpg,A little boy grinning with a go-cart in the background.,6366
1273,1389651420.jpg,The small boy is excited he will be riding a go-cart.,6367
1273,1389651420.jpg,A boy stands beside a railing at a go kart track.,6368
1273,1389651420.jpg,A little boy is standing in line for go-karts.,6369
20374,4575380951.jpg,A lady in a convent rolling dough in the kitchen.,101870
20374,4575380951.jpg,An old woman prepares food with a rolling pin.,101871
20374,4575380951.jpg,An older person in a tan outfit is cooking.,101872
20374,4575380951.jpg,A woman sitting at a table preparing food.,101873
20374,4575380951.jpg,A woman in a tan outfit is preparing food.,101874
23884,4872490297.jpg,"Two children, one male the other female in a room, the female is getting into a chair.",119420
23884,4872490297.jpg,Children are playing in a classroom setting : one of them is climbing onto a chair.,119421
23884,4872490297.jpg,A girl in a pink sweatshirt goes to sit at a table while a boy watches.,119422
23884,4872490297.jpg,Two young children are in a room dressed in blue pants.,119423
23884,4872490297.jpg,A girl in a pink shirt is climbing onto a wooden chair.,119424
5545,2416193212.jpg,A woman wearing a backpack walks in front of a purple wall.,27725
5545,2416193212.jpg,A woman with a backpack walking past a purple wall.,27726
5545,2416193212.jpg,A woman walking along side a purple building.,27727
5545,2416193212.jpg,A woman walking beside a purple wall.,27728
5545,2416193212.jpg,A woman walking down the block.,27729
15079,3601533527.jpg,A man is partially silhouetted and leaning against a dark object.,75395
15079,3601533527.jpg,The man is standing outside next to a wooden phone pole.,75396
15079,3601533527.jpg,A man wearing a baseball cap leaning against a post.,75397
15079,3601533527.jpg,The man is leaning against a tree.,75398
15079,3601533527.jpg,A man leaning on a pole.,75399
22379,4756001265.jpg,Two people walking down a checkered sidewalk in front of a red and yellow cone.,111895
22379,4756001265.jpg,Two men walking back and forth through a japanese or chinese shopping center.,111896
22379,4756001265.jpg,A few men and kids walking down an oriental side street.,111897
22379,4756001265.jpg,Chinese or Japanese shopping downtown in the streets.,111898
22379,4756001265.jpg,A kid is playing in the middle of a shopping plaza.,111899
13768,3446762868.jpg,The skateboarder is leaping in the air in front of the telegraph pole.,68840
13768,3446762868.jpg,Skateboarder in jeans and t-shirt performing jump.,68841
13768,3446762868.jpg,A skateboarder in the air in front of wires.,68842
13768,3446762868.jpg,A skateboarder does a trick in midair.,68843
13768,3446762868.jpg,A skateboarder jumps into the air.,68844
28182,663377207.jpg,A black man wearing a safety vest and hard hat is dumpster diving and appears to be holding a piece of electrical conduit.,140910
28182,663377207.jpg,A man in a hard hat is working near a dumpster.,140911
28182,663377207.jpg,A construction worker works near a bulldozer.,140912
28182,663377207.jpg,A construction worker posing for the camera.,140913
28182,663377207.jpg,The man with white hat is working so hard.,140914
25344,5045035726.jpg,A man is talking into a mic while a woman looks at a book beside him and a kid watches them.,126720
25344,5045035726.jpg,"Man with black hat, holding microphone next to girl with red-hair looking at a book.",126721
25344,5045035726.jpg,A kid with a green mohawk looks on as a man and woman talk into a microphone.,126722
25344,5045035726.jpg,A man talking into a microphone with a woman standing next to him.,126723
25344,5045035726.jpg,Man with a microphone interviewing a young woman,126724
30158,7954265762.jpg,A woman in a red dress is singing on a stage as a man in a suit plays a saxaphone.,150790
30158,7954265762.jpg,A woman in a red dress is signing while a man in a suit is playing the saxophone.,150791
30158,7954265762.jpg,A female singer and a male saxophonist are performing on stage.,150792
30158,7954265762.jpg,Asian singer performs live jazz music in a nightclub.,150793
30158,7954265762.jpg,A quartet is performing inside.,150794
17845,4117842141.jpg,A group of people are standing around a dining table with food on it.,89225
17845,4117842141.jpg,A man and a woman cut a cake together while other people look on.,89226
17845,4117842141.jpg,Formally dressed family watching a couple cut a cake.,89227
17845,4117842141.jpg,People at a formal dinner party celebration.,89228
17845,4117842141.jpg,A couple cutting the cake with an audience.,89229
13021,3357209547.jpg,Two warmly clothed people are walking by a very old wooden church.,65105
13021,3357209547.jpg,Two people are near a wooden building wearing backpacks.,65106
13021,3357209547.jpg,Two people are walking towards a wooded building.,65107
13021,3357209547.jpg,Two people are walking towards a house.,65108
13021,3357209547.jpg,Two people walking by an old house.,65109
19067,4433720033.jpg,"A man in a t-shirt and jeans smoking a cigarette at a sidewalk cafe, while others wait to get inside.",95335
19067,4433720033.jpg,A man in blue jeans and a black shirts sits outside among a group of metal chairs and tables.,95336
19067,4433720033.jpg,A man in a black shirt sits outside at one of many silver chairs and tables.,95337
19067,4433720033.jpg,Male sitting in a chair at a outdoor cafe smoking a cigarette.,95338
19067,4433720033.jpg,"An overweight man sits outside a bistro, smoking a cigarette.",95339
15568,3662871327.jpg,Young man with upturned hair posing with young man with sunglasses and woman with glasses,77840
15568,3662871327.jpg,Two men and a girl pose with funny faces in front of a wood panel wall.,77841
15568,3662871327.jpg,Three people posing for a picture with one man giving a kissing face.,77842
15568,3662871327.jpg,Three friends making faces for the camera.,77843
15568,3662871327.jpg,Three young adults pose for the camera.,77844
17590,405970010.jpg,A man in snow clothes and a red helmet is on top of a mountain with other mountains in the background.,87950
17590,405970010.jpg,A man wearing a huge backpack and blue jacket with many distant mountains in the background,87951
17590,405970010.jpg,A hiker on a snow-covered mountain overlooking a valley.,87952
17590,405970010.jpg,A smiling hiker poses on top of a snow-covered mountain,87953
17590,405970010.jpg,A man carrying a backpack stands on a snowy area.,87954
9375,2908391223.jpg,"A couple sitting at a reception table, the man is laughing as he motions back and the woman is laughing motioning forward.",46875
9375,2908391223.jpg,A group of well dressed people sitting around a table with champagne glasses laughing.,46876
9375,2908391223.jpg,A newly married couple laughs during their reception.,46877
9375,2908391223.jpg,A group of formally dressed people are laughing.,46878
9375,2908391223.jpg,A wedding party laughs during the reception.,46879
1280,1391386453.jpg,A young man in uniform is standing with his back to a museum case that has a classical bust on the top shelf.,6400
1280,1391386453.jpg,A man in a military style uniform is standing with his arms behind his back in a public corridor.,6401
1280,1391386453.jpg,The security guard is guarding the museum with the black and white checked floor.,6402
1280,1391386453.jpg,The soldier is standing tall as he observes the passing people.,6403
1280,1391386453.jpg,A soldier is at his post inside of a museum.,6404
30535,82679822.jpg,"A caucasian woman in a blue top and black slacks looks off to the side of the camera with a drink in one hand and a amused look upon her face, while a man sits next to her, looking unamused, drink in one hand, straw in the other.",152675
30535,82679822.jpg,Man and a woman sitting in black chairs drinking.,152676
30535,82679822.jpg,A man and women sip drinks in two leather chairs.,152677
30535,82679822.jpg,Two people having drinks in a bar or restaurant.,152678
30535,82679822.jpg,Two friends catch up over a couple of drinks.,152679
978,131624221.jpg,A man in jeans and sandals sits outside near trees and a goose and plays a string instrument.,4890
978,131624221.jpg,"A man sits in the sunlight, on a bench, playing a banjo while a Canadian Goose looks on.",4891
978,131624221.jpg,The goose appears to be listening to the banjo player that is sitting on the park bench.,4892
978,131624221.jpg,Guy playing banjo in the park as a duck enjoys the music.,4893
978,131624221.jpg,A man is sitting on a bench playing his guitar.,4894
12733,3328296271.jpg,A group of volunteers help build a house on behalf of Habitat for Humanity.,63665
12733,3328296271.jpg,A group of people in jeans and white shirts are bent over a piece of wood.,63666
12733,3328296271.jpg,Children are working on a construction project to build a deck.,63667
12733,3328296271.jpg,Workers with white t-shirts measure a wooden board.,63668
12733,3328296271.jpg,People repairing a home or building.,63669
16278,3755475040.jpg,Here is a picture of a baby boy vacuuming his house and carpet.,81390
16278,3755475040.jpg,A little boy in his underwear and shoes is holding a vacuum.,81391
16278,3755475040.jpg,A young child in only his underwear is vacuuming.,81392
16278,3755475040.jpg,A little boy in his underwear pushing a vacuum.,81393
16278,3755475040.jpg,A boy is vacuuming a rug.,81394
11141,3135980417.jpg,"Two women in shadow, sit by a sunny window, talking to one another.",55705
11141,3135980417.jpg,Two women are inside talking to one another.,55706
11141,3135980417.jpg,Two men sitting and talking on a couch.,55707
11141,3135980417.jpg,Two women are having a conversation.,55708
11141,3135980417.jpg,Two young women having a conversation,55709
13295,339056745.jpg,"A group of people in a beach standing in sand holding a net, while another group of people stand in the sea holding the rest of the net.",66475
13295,339056745.jpg,Fishermen at the sandy beach side by side throwing the net to the ocean.,66476
13295,339056745.jpg,A group of men pulling a fishing net onto the beach.,66477
13295,339056745.jpg,Several people casting a net out into the ocean.,66478
13295,339056745.jpg,Fishermen casting a large net out to sea.,66479
14823,3569416047.jpg,A person wearing a black shirt is riding a bike in front of a red wall with a flower on it.,74115
14823,3569416047.jpg,A person is riding a bicycle with a red wall in the background.,74116
14823,3569416047.jpg,A man riding a bike in front of a large red wall.,74117
14823,3569416047.jpg,A female woman rides a bicycle along a long wall.,74118
14823,3569416047.jpg,"A person rides a bicycle by a long, red wall.",74119
30983,98557260.jpg,An Asian couple posing for a picture in a restaurant.,154915
30983,98557260.jpg,The couple is out to eat and having a good time.,154916
30983,98557260.jpg,A asian couple having something to eat.,154917
30983,98557260.jpg,A man and woman smiling during a meal.,154918
30983,98557260.jpg,An asian couple enjoy a sushi dinner,154919
18422,428408242.jpg,A brown and white dog is jumping with a red Frisbee in its mouth.,92110
18422,428408242.jpg,"A brown and white dog leaps, holding a flexible Frisbee.",92111
18422,428408242.jpg,The brown and white bog has a red item in its mouth.,92112
18422,428408242.jpg,A fit dog leaps with a disc in its mouth.,92113
18422,428408242.jpg,A dog running with a Frisbee.,92114
5759,2440309761.jpg,A young soccer player is kicking a goal while the goalie tries to block.,28795
5759,2440309761.jpg,Little boys in their red uniforms play soccer outside.,28796
5759,2440309761.jpg,Two boys in red uniforms are playing soccer.,28797
5759,2440309761.jpg,Two boys in red uniforms playing soccer.,28798
5759,2440309761.jpg,Children playing a soccer game.,28799
19646,44953144.jpg,A young man in a white and pink striped shirt is riding in a horse and buggy down a paved road.,98230
19646,44953144.jpg,A man in a pink and white striped shirt holding the reins of a horse.,98231
19646,44953144.jpg,A man is traveling down the street in a vehicle pulled by a horse.,98232
19646,44953144.jpg,A man conducts a horse-driven carriage on a tree-lined avenue.,98233
19646,44953144.jpg,A man controlling a horse drawn carriage,98234
6218,2502079538.jpg,A couple of people in the desert walking in front of a large tan camel,31090
6218,2502079538.jpg,"A woman, child, and camel with supplies walking near a tree.",31091
6218,2502079538.jpg,Two people stand by a camel with containers strapped to him.,31092
6218,2502079538.jpg,Camel standing next to tree in desert carrying water,31093
6218,2502079538.jpg,A camel carries two peoples stuff.,31094
8253,2759652248.jpg,A snowboarder is lunging of a ramp at a sponsored contest with many spectators watching.,41265
8253,2759652248.jpg,A snowboarder in a striped sweatshirt flies off a snowy ramp as a crowd watches.,41266
8253,2759652248.jpg,Snowboarder in a striped shirt going off a ramp in front of a crowd.,41267
8253,2759652248.jpg,A man is snowboarding at an organized event.,41268
8253,2759652248.jpg,A snowboarder uses a ramp to grind a rail.,41269
8060,2736263527.jpg,"Two people clearing the ground in a garden, in preparation for planting new flowers.",40300
8060,2736263527.jpg,A man and a woman wear gloves to garden and dig with shovels.,40301
8060,2736263527.jpg,A man and woman dig up dirt and have a plant near them.,40302
8060,2736263527.jpg,Two people are digging in the dirt and planting plants.,40303
8060,2736263527.jpg,Two people planting flowers in a garden.,40304
852,1287073593.jpg,"Five sled dogs are pulling a person on a sled, through the snow.",4260
852,1287073593.jpg,A group of dogs pull a person on a dog sled up a hill.,4261
852,1287073593.jpg,Dogsled rider pulled past flags on snowy hill.,4262
852,1287073593.jpg,The man is mushing his dogs on a snow trail,4263
852,1287073593.jpg,Dogs pulling a sled in a sled race.,4264
6193,249757010.jpg,"Woman wearing a blue and white horizontally striped hoodie, knitting on a maroon sofa.",30965
6193,249757010.jpg,A brunette woman wearing a striped shirt and jeans is crocheting a gray material.,30966
6193,249757010.jpg,A girl wearing a striped shirt is knitting a gray scarf in front of a bookshelf.,30967
6193,249757010.jpg,A teenage girl with short brown hair knits with large needles and gray yarn.,30968
6193,249757010.jpg,"A woman in s a striped shirt, sitting on a coach, knitting something.",30969
11375,3168360695.jpg,A young boy in green Christmas print pajamas unwraps a gift while a man with a gold wedding band and green sweatshirt assists him.,56875
11375,3168360695.jpg,A boy in green Christmas pajamas is opening his present.,56876
11375,3168360695.jpg,A young child in green pajamas opens his gift.,56877
11375,3168360695.jpg,A boy with green pajamas is opening a present.,56878
11375,3168360695.jpg,A young boy opens a Christmas present.,56879
6083,247778426.jpg,"A big, brown dog running through the water",30415
6083,247778426.jpg,The brown dog splashes through the water.,30416
6083,247778426.jpg,A brown dog running through a pond.,30417
6083,247778426.jpg,A dog plays in water.,30418
6083,247778426.jpg,The dog is swimming.,30419
4790,2317714088.jpg,"Several people standing in front of a pile of snow in front of a house, with one person shoveling.",23950
4790,2317714088.jpg,A person has just thrown a snowball and hit someone in the back.,23951
4790,2317714088.jpg,Some people are gathered by a mound of snow outside a house.,23952
4790,2317714088.jpg,People outside a house in snow.,23953
4790,2317714088.jpg,People stand outside a house.,23954
17881,413045343.jpg,A diverse group of younger looking people seem to be waiting for a lecture to start.,89405
17881,413045343.jpg,A group of young women and men sit together and some are eating.,89406
17881,413045343.jpg,A group of people are seating inside an auditorium.,89407
17881,413045343.jpg,A group of people are talking and eating.,89408
17881,413045343.jpg,People are socializing before a lecture.,89409
17883,4130537606.jpg,"A burning trailer house in background, two uniformed firefighters raised up in air on ladder, and three uniformed firefighters on ground with hose spraying water at the fire.",89415
17883,4130537606.jpg,Two firemen at the end of a cherry picker attempting to get above a fire in a small trailer at night.,89416
17883,4130537606.jpg,The fireman use heavy duty machinery to make putting out fires easier.,89417
17883,4130537606.jpg,Firemen are putting out a fire in a trailer.,89418
17883,4130537606.jpg,Firemen putting out a fire in a trailer,89419
12583,3309078113.jpg,Four people walking single file next to a large brick building.,62915
12583,3309078113.jpg,Four people walking along the side of a brick building.,62916
12583,3309078113.jpg,People walk along a sidewalk by a brick building.,62917
12583,3309078113.jpg,A line of people walking down the street.,62918
12583,3309078113.jpg,People are walking along a sidewalk.,62919
18012,4166296106.jpg,Three people wearing life-vests are paddling along in a canoe on a small river in a marsh.,90060
18012,4166296106.jpg,One woman and two men wearing life vests rowing a small boat down a marsh lined river.,90061
18012,4166296106.jpg,A family takes a canoe ride down a river surrounded by beautiful scenery.,90062
18012,4166296106.jpg,Three people paddle down a river through tall grass in a canoe.,90063
18012,4166296106.jpg,Three people are canoeing in a stream.,90064
23646,4857155667.jpg,Man with gray shirt looking at city map and another man to his left wearing a red shirt while taking a digital photograph.,118230
23646,4857155667.jpg,An older man with white hair and beard reading a map as he's walking through an unfamiliar city.,118231
23646,4857155667.jpg,An older man with a white beard is looking at a city map.,118232
23646,4857155667.jpg,A white-haired gentleman is studying a map.,118233
23646,4857155667.jpg,A man in a white shirt is reading a map.,118234
19621,4491852454.jpg,"A person in a blue jacket with black sleeves, green pants and a blue hat is sitting on the sidewalk.",98105
19621,4491852454.jpg,A man is sitting on the ground observing another man trying to enter a building.,98106
19621,4491852454.jpg,A man entering into a building as another man sits on a street on a cold day.,98107
19621,4491852454.jpg,"A man sleeps against a building, as another enters the building.",98108
19621,4491852454.jpg,Man in jacket sitting on ground leaning up against building.,98109
6378,252180174.jpg,A man in a blue shirt watching another man in a blue shirt and sunglasses holding a rifle near the water with multicolored boats in the background.,31890
6378,252180174.jpg,"Two men, both in blue, stand on a boat with a gun.",31891
6378,252180174.jpg,One man shows a gun to another man on the dock.,31892
6378,252180174.jpg,A young man holding a gun in a boat.,31893
6378,252180174.jpg,Two men getting ready to shoot.,31894
15599,3665996775.jpg,A young girl in a red dress and black shirt with two purple water balloons.,77995
15599,3665996775.jpg,A little girl is wearing a flowing dress and carrying water balloons.,77996
15599,3665996775.jpg,The girl is wearing a pink tutu and walking through the grass.,77997
15599,3665996775.jpg,A young girl in a pink dress with something in her hand.,77998
15599,3665996775.jpg,A young girl wearing a pink tutu.,77999
27928,6377636101.jpg,A white male in a yellow jacket is kayaking through waves of water in a blue kayak.,139640
27928,6377636101.jpg,This man in the kayak is think this kayak is way too small for him.,139641
27928,6377636101.jpg,A man is kayaking and has encountered a rough wave.,139642
27928,6377636101.jpg,A man in a blue kayak going through rapids.,139643
27928,6377636101.jpg,A man in a kayak fights rough waters.,139644
14512,3534046564.jpg,Two black and white dogs running towards each other in the grass,72560
14512,3534046564.jpg,Two dogs face off of each other on the grass.,72561
14512,3534046564.jpg,Two dogs approach each other in the grass.,72562
14512,3534046564.jpg,Two dogs are playing out in a yard.,72563
14512,3534046564.jpg,Two dogs face off in the park.,72564
25740,5218106811.jpg,Three man around a wheeled cart with baked goods while a man with a cane walks away.,128700
25740,5218106811.jpg,Four men are standing near a bread stand outside while one of them takes a bite.,128701
25740,5218106811.jpg,A old man with a cane walks by a blue cart selling items.,128702
25740,5218106811.jpg,Old man walks away from food cart selling bread items.,128703
25740,5218106811.jpg,A man with a cane walks away from a food cart.,128704
18408,4280369285.jpg,A dirt track car with a large red bull logo on the side is driving fast on a dirt track.,92040
18408,4280369285.jpg,A truck driving fast over some dirt with dust kicked up all over the place.,92041
18408,4280369285.jpg,A group people are racing a car with sand in the background.,92042
18408,4280369285.jpg,A vehicle races creating a sandy dusty cloud.,92043
18408,4280369285.jpg,The car left a huge cloud of smoke.,92044
26743,5701786491.jpg,A little girl with long blond-hair in a ponytail wearing a black and white polka dotted dress with pink trim and rabbit ears sits in a red chair playing the Speed Up video game.,133715
26743,5701786491.jpg,A young girl wearing a polka dot dress and bunny ears is playing an arcade game.,133716
26743,5701786491.jpg,A young girl wearing bunny ears takes the wheel on a video racing game.,133717
26743,5701786491.jpg,Little girl in a bunny costume playing a large commercial video game.,133718
26743,5701786491.jpg,Little girl playing racing arcade game,133719
12740,3328428819.jpg,Three girls help lay a roof on a newly constructed building.,63700
12740,3328428819.jpg,A group of young girls are doing repair work on the roof.,63701
12740,3328428819.jpg,Three young people on top of a roof working.,63702
12740,3328428819.jpg,Three girls working on a rooftop together.,63703
12740,3328428819.jpg,Three girls hammer nails on a roof.,63704
27681,6249146423.jpg,A fit young man is repelling up a mountain wall in a forested area.,138405
27681,6249146423.jpg,Someone is scaling a rock formation with trees in the background.,138406
27681,6249146423.jpg,A man climbing a cliff with a forest in the background.,138407
27681,6249146423.jpg,One man rock climbing on a sunny day.,138408
27681,6249146423.jpg,A man is climbing a rock formation.,138409
20801,4625272395.jpg,Three ballet dancers wearing red dance on a red-lit stage.,104005
20801,4625272395.jpg,Three women are dancing on a stage bathed in red light.,104006
20801,4625272395.jpg,Two ballerinas wearing red and performing on stage.,104007
20801,4625272395.jpg,Several ballerinas dressed in red are dancing.,104008
20801,4625272395.jpg,Two ballerina dancers performing on a stage.,104009
12369,3278777548.jpg,Several people are walking along a narrow bridge over some water.,61845
12369,3278777548.jpg,Several people walking in a line acroos a distant bridge,61846
12369,3278777548.jpg,Four people walk on a bridge over a body of water.,61847
12369,3278777548.jpg,People walking on a bridge over water.,61848
12369,3278777548.jpg,Four people are walking on a bridge.,61849
12657,3319020762.jpg,A boy is being splashed by a large wave in the sea.,63285
12657,3319020762.jpg,Two people jumpinjg over a large wave at the beach,63286
12657,3319020762.jpg,Two people in the surf as the wave covers them.,63287
12657,3319020762.jpg,Two kids getting hit by a wave in the ocean,63288
12657,3319020762.jpg,Two people are in the waves.,63289
30115,7911930912.jpg,"A tan-skinned woman with a braided ponytail stands beside a net in a pink, short-sleeved shirt.",150575
30115,7911930912.jpg,The volleyball player looks exhausted after a game of volleyball.,150576
30115,7911930912.jpg,A woman with a pink uniform is standing on a volleyball court.,150577
30115,7911930912.jpg,One of the many volleyball players in the tournament.,150578
30115,7911930912.jpg,A female volleyball player.,150579
15603,3666188047.jpg,A child in a yellow shirt is playing a red arcade ride.,78015
15603,3666188047.jpg,A young man playing a motorcycle video game.,78016
15603,3666188047.jpg,A small boy is playing a racing arcade game.,78017
15603,3666188047.jpg,A child rides a mechanical ride.,78018
15603,3666188047.jpg,A boy rides a game machine.,78019
5645,2427558437.jpg,A large brown dog and a small brown dog are standing near each other beside a body of water.,28225
5645,2427558437.jpg,A big dog and a little dog stand near each other near the water.,28226
5645,2427558437.jpg,Two brown dogs together standing on the bank of a lake.,28227
5645,2427558437.jpg,The two dogs are walking past each other on a beach,28228
5645,2427558437.jpg,Two dogs pass each other near some water.,28229
26435,5518763793.jpg,A boy in a green t-shirt and orange pants is using chalk to draw on the sidewalk as a younger boy in a yellow t-shirt looks on.,132175
26435,5518763793.jpg,"Two boys, one wearing green, the other in yellow, are playing with sidewalk chalk, drawing pictures on the ground.",132176
26435,5518763793.jpg,A young boy with an older man using chalk to draw on the sidewalk.,132177
26435,5518763793.jpg,A father and son create chalk art on blacktop.,132178
26435,5518763793.jpg,Two boys using chalk to write on a sidewalk.,132179
13991,3474648788.jpg,A man and a woman face each other on opposite sides of a table overflowing with works of art.,69955
13991,3474648788.jpg,A man and woman are talking at an outdoor flea market where art is on display.,69956
13991,3474648788.jpg,A man and a woman are standing around artwork.,69957
13991,3474648788.jpg,A man and woman talk at an outdoor art sale.,69958
13991,3474648788.jpg,A man is selling art to a woman.,69959
25071,4972294091.jpg,A woman on a bike waits the corner of an intersection at a pedestrian crosswalk.,125355
25071,4972294091.jpg,A woman standing next to her bike waiting to cross the street.,125356
25071,4972294091.jpg,"A woman on a bicycle, waiting to cross the street.",125357
25071,4972294091.jpg,A female cyclist waiting on the corner curb.,125358
25071,4972294091.jpg,A bicyclist waits to cross a street.,125359
25891,5279027434.jpg,"There is a woman, who is all dressed up in a beautiful multicolored tutu with a tiara, doing a split in midair for a performance.",129455
25891,5279027434.jpg,A beautiful ballerina dancing beautifully in the air with a colorful tutu.,129456
25891,5279027434.jpg,A ballerina in a greenish and blue outfit leaps during her performance.,129457
25891,5279027434.jpg,"A ballet dancer wearing a blue tutu doing the splits, mid-leap.",129458
25891,5279027434.jpg,A young woman performs ballet on stage.,129459
16158,3732782360.jpg,A picture of a sidewalk between a road and buildings.,80790
16158,3732782360.jpg,A man walks into a store in the shopping district.,80791
16158,3732782360.jpg,People walk along a busy street on a gloomy day.,80792
16158,3732782360.jpg,Citizens bustle about their town leisurely.,80793
16158,3732782360.jpg,A man in a suit and tie is opening a door.,80794
22966,4805896271.jpg,A city street is shown with a large number of people and double-decker buses.,114830
22966,4805896271.jpg,People are standing on a crowded street with suitcases.,114831
22966,4805896271.jpg,People are commuting around a busy city intersection.,114832
22966,4805896271.jpg,Two men drag suitcases down a crowded street.,114833
22966,4805896271.jpg,Travelers with briefcases on a busy street.,114834
18582,4323644214.jpg,A sports match is taking place between one team wearing the colors red and white and another team sporting the colors black and blue.,92910
18582,4323644214.jpg,"A group of soccer players on a field, one team wearing black and blue uniforms, the other, red and white.",92911
18582,4323644214.jpg,The black shirted team are celebrating with one another.,92912
18582,4323644214.jpg,A group of soccer players are celebrating on the field.,92913
18582,4323644214.jpg,A soccer team celebrates.,92914
8732,282960970.jpg,A person wearing jeans sits on top of a horse saddle.,43660
8732,282960970.jpg,A woman in jeans is sitting on the saddle of a horse.,43661
8732,282960970.jpg,The person is sitting on top of a horse.,43662
8732,282960970.jpg,The girl is sitting on top of a saddle.,43663
8732,282960970.jpg,This person is sitting in a saddle.,43664
17169,3961790757.jpg,A man with white hair and a full beard is eating food wrapped in aluminum foil.,85845
17169,3961790757.jpg,An old man with gray hair wearing a scarf and black jacket.,85846
17169,3961790757.jpg,A man with white hair and a long white beard is eating.,85847
17169,3961790757.jpg,An older man eating a burrito.,85848
17169,3961790757.jpg,A man with a beard is eating.,85849
9751,2955693752.jpg,Several men wearing ornate cultural costumes dance barefooted for people seated at tables.,48755
9751,2955693752.jpg,Four men who are wearing colorful clothing are dancing barefoot on wood floors.,48756
9751,2955693752.jpg,Men dressed in fancy traditional clothing dance in a circle.,48757
9751,2955693752.jpg,A group of men in ethnic dress are dancing.,48758
9751,2955693752.jpg,A group of dancers doing a performance.,48759
17451,4027325112.jpg,Two men at a fish market filled with boxes of fish and freshly cut fillets study a weight scale.,87255
17451,4027325112.jpg,Fisherman at the market weighing their catch at the end of a long day.,87256
17451,4027325112.jpg,People working together with fish set on the tables.,87257
17451,4027325112.jpg,Two man in front of a scale surrounded by fish.,87258
17451,4027325112.jpg,Dark image of two people inside a fish market,87259
17548,4049532274.jpg,A man with a torch is heating up a roof and laying down a layer of tar paper.,87740
17548,4049532274.jpg,A man stands with on foot elevated onto a step in front of a small fire.,87741
17548,4049532274.jpg,A man is spraying water into a grate that has fire coming out of it.,87742
17548,4049532274.jpg,A balding man is standing and working with a blowtorch.,87743
17548,4049532274.jpg,A gentleman using a torch to seal a runner to a grate.,87744
18071,4182684430.jpg,Two workmen are standing on a roof while they repair a chimney.,90355
18071,4182684430.jpg,Two men located on a roof prepare to look into a chimney.,90356
18071,4182684430.jpg,Two men are laying bricks for a home's chimney.,90357
18071,4182684430.jpg,Two men laying red bricks to form a chimney.,90358
18071,4182684430.jpg,Two men building a new chimney.,90359
29151,7173939318.jpg,Amidst a busy dock comes a red and white ship with a landscape of mountains and possibly middle-eastern territory.,145755
29151,7173939318.jpg,"Pier with groups of people, some with fishing poles, boats in water and buildings and monuments in background.",145756
29151,7173939318.jpg,A beautiful seaside scene with people on a dock and a large white building in the background,145757
29151,7173939318.jpg,A boat pear with people boarding and disembarking some boats.,145758
29151,7173939318.jpg,A group of people on a dock by a city boarding various boats,145759
27909,6360761183.jpg,"A man dressed in a bright pastel snowsuit, stands out against the clear blue ski and bright white snow as he snowboards down a slope.",139545
27909,6360761183.jpg,A snowboarder wearing a multicolor jumpsuit makes his way down the mountain.,139546
27909,6360761183.jpg,A person in a rainbow colored snowsuit is snowboarding down a snowy slope.,139547
27909,6360761183.jpg,"A person in a colorful snowsuit, snowboards down a hill.",139548
27909,6360761183.jpg,A snowboarder boarding down a hill in a colorful snowsuit.,139549
12374,327944239.jpg,Shirtless man with long pole navigates covered boat down a palm tree lined river past a hut.,61870
12374,327944239.jpg,A tribal man standing on the back of a covered boat riding through calm waters,61871
12374,327944239.jpg,A boat floats down a river with lush forest on either side.,61872
12374,327944239.jpg,An Indian houseboat sails down a river past a house.,61873
12374,327944239.jpg,In a small village a Man sets sail along the Swamp.,61874
23207,4821806073.jpg,"A fair-skinned woman with dark hair wears a pair of large dark sunglasses, crimson lipstick, and a red and white plaid shirt.",116035
23207,4821806073.jpg,"A woman with bright red lipstick, sunglasses and a red plaid shirt is looking towards the camera.",116036
23207,4821806073.jpg,A lady wearing black sunglasses frowning as she stares at something.,116037
23207,4821806073.jpg,A lady with big glasses is looking at something.,116038
23207,4821806073.jpg,A woman with sunglasses and a plaid shirt.,116039
30940,97138973.jpg,A man with brown hair is all wet wearing a black shirt that someone is helping him with.,154700
30940,97138973.jpg,The man is laughing because he just realize that his swimsuit came loose.,154701
30940,97138973.jpg,This gentleman just finished a refreshing swim.,154702
30940,97138973.jpg,A man who just came from a swim.,154703
30940,97138973.jpg,A wet man in a black tank top.,154704
15920,3706356018.jpg,Five children on a white-metal midair ride called the frog hopper.,79600
15920,3706356018.jpg,"A group of children on the ""Frog Hopper"" ride at a fair.",79601
15920,3706356018.jpg,"A group of children in the ride called ""Frog Hopper"".",79602
15920,3706356018.jpg,Five little kids are on a ride called the Frog Hopper.,79603
15920,3706356018.jpg,Little kids are on an amusement park ride.,79604
16145,3731335528.jpg,The lead singer of Green Day is singing into a microphone and wearing his guitar and there is a young boy behind him.,80725
16145,3731335528.jpg,"Lead singer of the band ""Green Day"", Billy Joe, sings a song on stage with a young boy in the background.",80726
16145,3731335528.jpg,The lead singer of the band Green Day is singing and a young boy is standing behind him.,80727
16145,3731335528.jpg,Band singer holding the microphone on stage with a little boy in the background.,80728
16145,3731335528.jpg,The leader from Green Day singing with a young fan on stage.,80729
12264,3265578645.jpg,A person with long hair and a black coat stands in the street in front of a bus while people on the sidewalk look on.,61320
12264,3265578645.jpg,A woman in jeans and a black jacket standing on the road in front of a white and red bus.,61321
12264,3265578645.jpg,The person looks cautiously into traffic to be sure no car is coming.,61322
12264,3265578645.jpg,Man with back to camera standing in front of a bus,61323
12264,3265578645.jpg,A person stands in front of a white and red bus.,61324
19900,4525293073.jpg,An older woman with gray hair and a plaid jacket is standing on a sidewalk.,99500
19900,4525293073.jpg,"A woman with gray hair, wearing a plaid jacket, walking down a sidewalk.",99501
19900,4525293073.jpg,A woman with a flannel jacket and black purse standing on the sidewalk.,99502
19900,4525293073.jpg,An older woman in a green pattered overcoat standing for the camera.,99503
19900,4525293073.jpg,A woman in a turquoise and brown plaid jacket standing on a street.,99504
25442,50831436.jpg,Two young men are playing a board game in the living room.,127210
25442,50831436.jpg,Several men are playing a board game in a living room.,127211
25442,50831436.jpg,"A few men sitting on sofas, playing a board game.",127212
25442,50831436.jpg,Two men playing a board game in the living room.,127213
25442,50831436.jpg,A bunch of men play a card game.,127214
19537,4482946929.jpg,A young african american woman in a brown and black shirt holds a yellow sign with black text which reads 'Free Hugs' while standing next to a young man in a cap and dress shirt.,97685
19537,4482946929.jpg,A young black woman holds a sign offering free hugs among a crowd of people.,97686
19537,4482946929.jpg,"A black women holding a sign that says, ""free hugs"" in the city.",97687
19537,4482946929.jpg,"A woman is holding up a yellow sign that reads ""free hugs""",97688
19537,4482946929.jpg,A group of people advertising for free hugs.,97689
25372,505955292.jpg,The kid is getting onto the horses back by holding onto its hair.,126860
25372,505955292.jpg,Child with purple shirt and blue jeans is atop a brown horse.,126861
25372,505955292.jpg,A young boy rides a brown horse bareback.,126862
25372,505955292.jpg,The small child is on a horse's back.,126863
25372,505955292.jpg,A boy rides a horse.,126864
15984,3713324467.jpg,A man holding plastic toys looks away while a man wearing a white hat smiles at the camera.,79920
15984,3713324467.jpg,A bearded man and a bald man carrying prizes at a carnival.,79921
15984,3713324467.jpg,Two men standing in front of an amusement park ride,79922
15984,3713324467.jpg,Two men one with a beard at a carnival.,79923
15984,3713324467.jpg,Two bearded men at a fair.,79924
17052,3932691940.jpg,A woman is smiling as she shows a young boy an accordion and allows him to touch the instrument.,85260
17052,3932691940.jpg,A young woman is sitting on outdoor steps while playing a white accordion in front of a toddler.,85261
17052,3932691940.jpg,A woman sits on the steps of a house holding an accordion while a young boy tries to join her.,85262
17052,3932691940.jpg,A woman playing along with a little boy on an accordion on the front door stairs.,85263
17052,3932691940.jpg,A woman is sitting on a steps outdoors playing an accordion.,85264
23108,4814731415.jpg,3 people passing the bus stop while on a bike ride down the street.,115540
23108,4814731415.jpg,A picture of people riding bicycles on a cobble street.,115541
23108,4814731415.jpg,Several people are riding bicycles on a brick pathway.,115542
23108,4814731415.jpg,Some bike riders riding on a path through a city.,115543
23108,4814731415.jpg,A park scene featuring people riding bikes.,115544
7753,2697822530.jpg,"A group of six people, men and women, hold up a pole in the middle of a forest while another woman monitors this action.",38765
7753,2697822530.jpg,A group of adults be led by an older gentleman in an exercise involving a group-effort to stabilize a long rod.,38766
7753,2697822530.jpg,Group of people with facing each other with their fingers thrust through some type of pipe.,38767
7753,2697822530.jpg,"A group of ladies and men, working together to install a pipe underground.",38768
7753,2697822530.jpg,A group of people hold on to a long skinny object.,38769
11357,3166578139.jpg,A person dressed in black skiing down a snow covered hill.,56785
11357,3166578139.jpg,A lonely skier enjoys the slopes on a beautiful day.,56786
11357,3166578139.jpg,A skier on a high mountain slope.,56787
11357,3166578139.jpg,A person skis down a snowy hill.,56788
11357,3166578139.jpg,Skier skiing downhill,56789
28563,6885986568.jpg,Rocks outside sitting in the sunlight chilling watching the sun come up.,142815
28563,6885986568.jpg,A mountain biker is jumping an old tree stump in an old dead forest.,142816
28563,6885986568.jpg,A kid is getting air on a bike as he covers his face with his arm.,142817
28563,6885986568.jpg,A cyclist on a small bike is airborne above a pile of dirt.,142818
28563,6885986568.jpg,A person riding a bike is in mid-jump in a forest.,142819
24528,4931423774.jpg,A person in a red shirt is riding a white horse chasing a young bull.,122640
24528,4931423774.jpg,A person riding a white horse is roping a small animal with horns.,122641
24528,4931423774.jpg,A woman on the back of a horse ropes a cattle.,122642
24528,4931423774.jpg,A rodeo participants tries to rope a steer.,122643
24528,4931423774.jpg,A woman ropes a calf in a rodeo.,122644
29273,7277129240.jpg,A young boy is falls to the awkwardly to the ground with a surprised look on his face while a group of people watch from behind.,146365
29273,7277129240.jpg,People watching a young boy looking like he is falling onto his bottom on a tiled floor.,146366
29273,7277129240.jpg,"A young white boy is horizontal in the air, about to hit the floor.",146367
29273,7277129240.jpg,This is a young boy in midair.,146368
29273,7277129240.jpg,A young boy breakdancing.,146369
5816,2446014453.jpg,Two men dressed as angels are jumping in the air next to a woman using crutches.,29080
5816,2446014453.jpg,2 men in white outfits with feathered wings and a woman with crutches jumping.,29081
5816,2446014453.jpg,A woman on crutches watching two street performers jumping around.,29082
5816,2446014453.jpg,Two men in angel costumes jumping next to a woman on crutches.,29083
5816,2446014453.jpg,A girl on crutches is next to two men in white jumping.,29084
30734,880663417.jpg,A man with a shaved head wearing plain black clothes on a green lawn puts his arm on the back of the lady he is with.,153670
30734,880663417.jpg,A man and a woman are standing in the grass talking with the man's arm around the woman's shoulder.,153671
30734,880663417.jpg,A bald headed man has his arm on a woman back as they stand together.,153672
30734,880663417.jpg,A couple at an event watching the activities.,153673
30734,880663417.jpg,A man and a woman are standing in a field.,153674
21603,4693832859.jpg,A child in a gray sweatshirt walks on a pathway through the forest.,108015
21603,4693832859.jpg,A little boy with blue mittens walking over a wooden trail bridge.,108016
21603,4693832859.jpg,A small boy walks down a wooden path in the woods.,108017
21603,4693832859.jpg,A young kid is walking very carefully.,108018
21603,4693832859.jpg,A child walking down a wooden path.,108019
9372,290764786.jpg,A large black man wearing a red chicago shirt is sitting in a wheelchair by a blue lamp post.,46860
9372,290764786.jpg,An old man sleeping in a wheelchair outside of a building.,46861
9372,290764786.jpg,A man in a wheelchair is sleeping on a sidewalk.,46862
9372,290764786.jpg,Man sitting in a wheelchair.,46863
9372,290764786.jpg,A man resting on a street.,46864
27094,5899468014.jpg,A person wearing a helmet and wet pants is sitting on little rocks and carrying books wtih RNLI printed on them.,135470
27094,5899468014.jpg,"A person wearing a helmet, vest, and rubber boots sits with their feet in some shallow water.",135471
27094,5899468014.jpg,A male who is wearing a helmet and rubber suit is sitting down near an area of water.,135472
27094,5899468014.jpg,A person sits in rocks in waterproof gear with their boots in the water.,135473
27094,5899468014.jpg,"Person protecting themselves from the water, by wearing a suit.",135474
16805,386655611.jpg,The brown and white dog carries a very large stick across the snow.,84025
16805,386655611.jpg,A black dog is carrying a huge stick whilst walking in the snow.,84026
16805,386655611.jpg,A dog carries a very large tree branch in the snow.,84027
16805,386655611.jpg,A black dog carries a huge stick in its mouth.,84028
16805,386655611.jpg,"A dog carries a huge, snow covered stick.",84029
10832,3094823646.jpg,A bald man in a black jacket and black pants holding a microphone singing with a man in a black shirt and jeans playing an electric guitar on stage.,54160
10832,3094823646.jpg,The bald-headed lead singer of the band sings into the microphone while the guitarist plays beside him.,54161
10832,3094823646.jpg,A man with no hair is singing.,54162
10832,3094823646.jpg,Two men at a concert singing.,54163
10832,3094823646.jpg,Two musicians are performing.,54164
10610,3070031806.jpg,A dog running on the sand by the beach while his owner looks at the other dogs on the beach.,53050
10610,3070031806.jpg,A man is standing at the shoreline on the beach with 4 dogs.,53051
10610,3070031806.jpg,A man is standing in front of 4 dogs on the beach.,53052
10610,3070031806.jpg,Man watching four dogs play on the beach,53053
10610,3070031806.jpg,A man and 4 dogs playing on the beach.,53054
28018,6468440411.jpg,A bearded man leans back and smokes a cigarette while the sun sets over a body of water in the background.,140090
28018,6468440411.jpg,A man is lying down next to a river and smoking a cigarette.,140091
28018,6468440411.jpg,A young man leans his head back as he smokes during sunset.,140092
28018,6468440411.jpg,"A man leaning back, smoking a cigarette near the water.",140093
28018,6468440411.jpg,A man is smoking at sunset.,140094
24756,4946876505.jpg,"A woman in a white bikini rides a bicycle, people walk and cycle behind her.",123780
24756,4946876505.jpg,A tanned woman is riding a bicycle while wearing a white bikini.,123781
24756,4946876505.jpg,A young woman riding a bike wearing a white bikini.,123782
24756,4946876505.jpg,A tan woman riding her bike next to the beach.,123783
24756,4946876505.jpg,A woman in a white bikini riding a bike.,123784
29136,7168140387.jpg,"Two men, one standing on the other's shoulders in a public square, one is juggling a fire apparatus while the other smiles broadly.",145680
29136,7168140387.jpg,"With a building facade in the background, a man stands upon the shoulders of another while holding several burning sticks.",145681
29136,7168140387.jpg,"A bearded man wearing a vest is standing on the shoulders of another, while performing tricks with fire.",145682
29136,7168140387.jpg,A smiling man holding sticks and fire stands on the shoulders of another smiling man.,145683
29136,7168140387.jpg,"Performers juggling fire and doing tricks, very happily.",145684
17672,4078860212.jpg,Two skateboarders look on while another boarder gets ready to do a stunt on the street.,88360
17672,4078860212.jpg,A man skateboarding down a street while two other men look on.,88361
17672,4078860212.jpg,Two guys stand by as another guy skates down the road.,88362
17672,4078860212.jpg,One man is skateboarding while two others look on.,88363
17672,4078860212.jpg,Three friends skateboarding on an inviting street.,88364
19703,450425195.jpg,"A young Asian girl dressed in red, white, and black sitting on a bench on a deck by water.",98515
19703,450425195.jpg,A girl with three circles painted on her face sitting on a bench in front of a lake.,98516
19703,450425195.jpg,Young girl with painted face and pigtails is sitting on a bench at water's edge.,98517
19703,450425195.jpg,A small female child sitting on a wooden bench next to a body of water.,98518
19703,450425195.jpg,"A young girl in pigtails sits barefoot on a bench, overlooking water.",98519
18152,4201813513.jpg,A man in a black and blue jacket and a white helmet skiing down a hill swiftly.,90760
18152,4201813513.jpg,A skier with ski sticks is cutting into the snow as he makes a sharp turn.,90761
18152,4201813513.jpg,The skier in blue is turning and creating a dust cloud of snow behind him.,90762
18152,4201813513.jpg,A skier is coming down the slope and stirring up a lot of snow behind him.,90763
18152,4201813513.jpg,"A skier is skiing downhill, making a turn.",90764
17785,4105382797.jpg,A woman in a orange and brown wrap over her green shirt shovels a brown material into lines on a cement pad.,88925
17785,4105382797.jpg,Black woman in orange dress shoveling grains.,88926
17785,4105382797.jpg,A woman shovels grain in the blazing heat.,88927
17785,4105382797.jpg,A woman is using a shovel to move grains.,88928
17785,4105382797.jpg,Woman in African dress shovels grain.,88929
22837,4796004241.jpg,A woman in a white dress with a tattoo on her leg is being shown a picture by a man.,114185
22837,4796004241.jpg,A man and a woman in a white dress taking photographs on the street.,114186
22837,4796004241.jpg,Lady in white dress with tattooed leg looks at friend's camera.,114187
22837,4796004241.jpg,A man and a woman in a white dress look into a camera.,114188
22837,4796004241.jpg,A photographer shows his photo to a woman.,114189
21584,4691873312.jpg,Many people walking in a street and there are news vans parked at the curb.,107920
21584,4691873312.jpg,Many people in red sports jerseys walking and talking in a city street.,107921
21584,4691873312.jpg,A female cyclist pushes her children down a crowded street.,107922
21584,4691873312.jpg,A crowd of people is walking in the street.,107923
21584,4691873312.jpg,People walk down a crowded street.,107924
20611,460781612.jpg,A black and white dog is midjump and has a Frisbee in his mouth.,103055
20611,460781612.jpg,A black and white dog jumps up in the air to catch a Frisbee.,103056
20611,460781612.jpg,"A dog jumps in the air, catching a Frisbee in its mouth.",103057
20611,460781612.jpg,"A white dog in a jump, holding a plate in his mouth.",103058
20611,460781612.jpg,A black and white dog catches a Frisbee in midair.,103059
14232,3501175119.jpg,"Two women sit at a bench in a small park, one in a blue dress, the other in a white dress",71160
14232,3501175119.jpg,"Two women, both of whom are wearing blue dresses are sitting on a bench in a courtyard",71161
14232,3501175119.jpg,Two women outside of the old building on the street sitting in a chair talking,71162
14232,3501175119.jpg,Two women are sitting on a park bench talking to each other.,71163
14232,3501175119.jpg,Two women sitting in a green bench.,71164
10910,3106022785.jpg,"A woman dressed as Dorthy from the Wizard of Oz smiling at a baby, standing above her on a table, dressed as an elephant.",54550
10910,3106022785.jpg,A baby dressed as an elephant standing on a bed held up by a woman dressed in a Dorothy costume.,54551
10910,3106022785.jpg,A woman is holding the hands of a boy dressed up as an elephant.,54552
10910,3106022785.jpg,A happy baby is wearing an elephant costume,54553
10910,3106022785.jpg,A baby is dressed up as an elephant,54554
25622,5163589087.jpg,"A small group of young black men, some in traditional African dress, are assembled outdoors.",128110
25622,5163589087.jpg,"Six black men are dancing outside on the dirt ground, two of them carrying sticks.",128111
25622,5163589087.jpg,African men dancing while wearing a mix of traditional and western clothing.,128112
25622,5163589087.jpg,A group of people engaged in some sort of outdoor gathering or ritual.,128113
25622,5163589087.jpg,Several black men are celebrating and dancing in the dirt.,128114
7266,2631353232.jpg,"A woman wearing a black tank top, jeans and black sneakers is sitting on a wall near a mountainside full of houses.",36330
7266,2631353232.jpg,A woman sits on a wall in a cemetery with a cityscape in the background.,36331
7266,2631353232.jpg,A redhead women in blue jeans is sitting in a cemetery on the coast.,36332
7266,2631353232.jpg,A girl sitting on a wall near white crosses in the ground.,36333
7266,2631353232.jpg,A woman is sitting outside on a ledge near a cemetery.,36334
17133,3954079669.jpg,"Musician sitting on the ground plays his guitar as crowds of people walk around him disregarding the sign in his case which states ""tell me why my music sucks"".",85665
17133,3954079669.jpg,"A street musician sitting playing guitar with an open case and a sign reading ""TELL ME WHY MY MUSIC SUCKS"".",85666
17133,3954079669.jpg,Street musicians are sitting on the ground as passersby go about their business.,85667
17133,3954079669.jpg,2 young people in the middle of a crowded area are playing music.,85668
17133,3954079669.jpg,A street musician playing his guitar on the street.,85669
17946,415118186.jpg,"A man wearing black clothes, standing and looking out over a snowy scene.",89730
17946,415118186.jpg,A person in dark clothing takes a snapshot of a snowy scene.,89731
17946,415118186.jpg,A man in black looks out over a snowy landscape.,89732
17946,415118186.jpg,A person taking pictures outside in the snow.,89733
17946,415118186.jpg,A man looks out over frozen tundra.,89734
12824,3337113147.jpg,A girl in a blue shirt and pink pants is looking through a tripod.,64120
12824,3337113147.jpg,A toddler girl with pigtails plays with a camera tripod.,64121
12824,3337113147.jpg,Child using their imagination with a tripod.,64122
12824,3337113147.jpg,A small child playing with a camera tripod.,64123
12824,3337113147.jpg,A toddler girl is inspecting a tripod.,64124
23989,4885564387.jpg,A woman with sunglasses is working a control board.,119945
23989,4885564387.jpg,A woman in a blue shirt is also wearing sunglasses.,119946
23989,4885564387.jpg,The tech people are dressed up in costumes.,119947
23989,4885564387.jpg,Two people are DJing at a concert.,119948
23989,4885564387.jpg,Two people stand under a tarp.,119949
21845,4714730332.jpg,Two police officers and one man in civilian clothes are standing on a street.,109225
21845,4714730332.jpg,Two officers are writing a ticket for a man wearing a green shirt.,109226
21845,4714730332.jpg,"A driver caught by the police, awaiting his ticket.",109227
21845,4714730332.jpg,A London police officer writing a ticket to a man.,109228
21845,4714730332.jpg,A man is getting a ticket from a police officer.,109229
30914,96395587.jpg,A man is standing at the front of a conference room with people sitting at rows of tables next to a table with a laptop and projector.,154570
30914,96395587.jpg,A man stands beside a projector in a dimly lit conference room while some people who are wearing dress shirts are talking.,154571
30914,96395587.jpg,A man is standing by a table in a banquet room filled with people and tables.,154572
30914,96395587.jpg,A dining room full of people eating and a waiter serving them.,154573
30914,96395587.jpg,A large group watches a presentation in a conference room.,154574
2666,191003284.jpg,A man helps a young girl balance on a bicycle that is too big for her.,13330
2666,191003284.jpg,This man is helping a girl in an orange dress onto a bicycle.,13331
2666,191003284.jpg,A man is helping a girl sit on a large bicycle.,13332
2666,191003284.jpg,A man holding onto a small girl on a bike.,13333
2666,191003284.jpg,A man helps a little girl ride a bike.,13334
27487,6161478369.jpg,"Three speakers, two men and one women, stand on stage and address an audience.",137435
27487,6161478369.jpg,"Three individuals, two men and one woman, on a stage in front of a crowd.",137436
27487,6161478369.jpg,Two men and one woman are performing on stage for a small audience.,137437
27487,6161478369.jpg,A man giving a speech in front of a crowd.,137438
27487,6161478369.jpg,"Two men and a woman, giving a speech.",137439
28759,6954561740.jpg,"A bull rider being bucked off a bull, while another cowboy in a blue shirt tries to distract the bull.",143795
28759,6954561740.jpg,Several men in various positions and states of distress surround a kicking bull.,143796
28759,6954561740.jpg,A person wearing a pink shirt with helmet on is falling off the bull.,143797
28759,6954561740.jpg,A bull is bucking off a rider who is wearing a pink shirt and chaps.,143798
28759,6954561740.jpg,A man falls off the bull he is riding.,143799
11938,3227620119.jpg,A young woman in a yellow shirt runs across a grassy field in competition.,59690
11938,3227620119.jpg,Girl in yellow shirt with the number 1299 on it running in the grass.,59691
11938,3227620119.jpg,The girl wearing number 1299 has a yellow shirt.,59692
11938,3227620119.jpg,A runner in a yellow shirt is running a race.,59693
11938,3227620119.jpg,A female athlete runs with a scraped knee.,59694
25444,50835360.jpg,Three farmers stacking bails of hay on a truck.,127220
25444,50835360.jpg,3 men working in the harvesting the fields.,127221
25444,50835360.jpg,Some men are mowing hay in a field.,127222
25444,50835360.jpg,Farmers cutting and collecting hay.,127223
25444,50835360.jpg,Three men are bailing hay.,127224
307,1105137588.jpg,A man is eating alone at a table near another table where a man and woman are seated.,1535
307,1105137588.jpg,Asians are sitting at a table and eating beside a green and white wall.,1536
307,1105137588.jpg,People sit down on stools to enjoy a quick bite to eat.,1537
307,1105137588.jpg,A group of people are sitting on stools eating some food,1538
307,1105137588.jpg,The people are eating by a teal colored wall.,1539
28576,6888801884.jpg,"Two young men, one in a dark t-shirt and one in a striped t-shirt are sitting cross legged on the floor and appear to be making some sort of flat bread.",142880
28576,6888801884.jpg,"Two men, one wearing a blue shirt and the other wearing a red and blue striped shirt, are flattening out pita bread and laying it in the sun to bake.",142881
28576,6888801884.jpg,Two men sit are shaping and grilling traditional Syrian flat bread.,142882
28576,6888801884.jpg,Two men with facial hair making tortillas in an informal setting.,142883
28576,6888801884.jpg,Two men who are sitting down that are making and preparing food.,142884
6706,2554586230.jpg,"A woman with red-hair, a red shirt, blue pants and climbing shoes is standing outside on diagonal tree limbs.",33530
6706,2554586230.jpg,A woman is in a wooded area standing on a tree that has fallen.,33531
6706,2554586230.jpg,A redhead wearing a red shirt climbs on tree branches.,33532
6706,2554586230.jpg,A girl in red t-shirt standing on a branch of a tree.,33533
6706,2554586230.jpg,A woman standing on a large tree branch.,33534
26111,5375199269.jpg,Four hikers are ascending a snow filled mountain topped by steep cliffs.,130555
26111,5375199269.jpg,"Three people, all adequately supplied, are skiing in the cold weather.",130556
26111,5375199269.jpg,Group of crosscountry skiers hike up a mountain.,130557
26111,5375199269.jpg,Four people are climbing a mountain with snow.,130558
26111,5375199269.jpg,Hikers hike a snowcapped mountain.,130559
3735,2172526745.jpg,A young boy at a water park pouring a bucket water on a young girl in a swimsuit.,18675
3735,2172526745.jpg,A boy wearing a red shirt dumps water out of a yellow bucket onto a girl's head.,18676
3735,2172526745.jpg,A little boy and a little girl play together in the water.,18677
3735,2172526745.jpg,The boy is pouring a bucket of water over a girl's head.,18678
3735,2172526745.jpg,Two young children play with water in a fountain.,18679
2080,1622619190.jpg,Lean dog trots through a sunny park in front of a chain link fence.,10400
2080,1622619190.jpg,"A brown dog trotting across a grassy, fenced-in yard.",10401
2080,1622619190.jpg,A brown dog is walking on the grass beside a fence.,10402
2080,1622619190.jpg,Large dog is playing outdoors inside of a fence.,10403
2080,1622619190.jpg,A large brown dog in a fenced yard,10404
20137,4552871630.jpg,A man is walking around in the city where behind him is traffic and a group of people.,100685
20137,4552871630.jpg,A fire escape on the side of a building dominates an urban scene of an alley.,100686
20137,4552871630.jpg,A man walking down the street of a city looking at a car.,100687
20137,4552871630.jpg,Tall buildings of an alleyway with a person walking.,100688
20137,4552871630.jpg,A man in black walking down a street.,100689
22896,4800880656.jpg,A dark-haired child is leaning on a desk with their head in their arms.,114480
22896,4800880656.jpg,Little dark hair child in a green top leaning against a countertop.,114481
22896,4800880656.jpg,A child sits with its head on its arm in a room.,114482
22896,4800880656.jpg,A child in a green shirt leans on a counter.,114483
22896,4800880656.jpg,An Asian baby wearing a light green robe.,114484
1737,149167610.jpg,"A young man with a script tattoo on his right forearm smokes a cigarette and holds a rolling pin while standing in a dirty, compact kitchen.",8685
1737,149167610.jpg,A man in a green shirt holds a rolling pin while smoking a cigarette in a cluttered kitchen.,8686
1737,149167610.jpg,A man holds a wooden dowel smoking a cigarette in a messy kitchen possibly drunk.,8687
1737,149167610.jpg,"A man standing in a kitchen, holding a rolling pin and smoking a cigarette.",8688
1737,149167610.jpg,A man in a green shirt is smoking.,8689
9543,2929272606.jpg,A little girl with a blue shirt is standing by a man wearing sunglasses on the beach.,47715
9543,2929272606.jpg,A young girl is looking at a body of water while an older male kneels behind her.,47716
9543,2929272606.jpg,A little girl in a blue shirt is pointing at the water on the beach.,47717
9543,2929272606.jpg,A young girl is standing on the shore and pointing to the ocean.,47718
9543,2929272606.jpg,A young girl is pointing at water on a beach.,47719
20742,4620455202.jpg,"A woman wearing a headscarf is pouring liquid from one cup into another, in front of a scenic backdrop.",103710
20742,4620455202.jpg,A woman in a high mountain range is pouring drink from one cup to another.,103711
20742,4620455202.jpg,A woman pouring a cup of coffee in the wild.,103712
20742,4620455202.jpg,A woman is pouring coffee in the mountains.,103713
20742,4620455202.jpg,A woman is pouring a drink on a hilltop.,103714
7917,2715173880.jpg,A young woman in a white dress and sandals sits on the steps with a large red handbag beside her.,39585
7917,2715173880.jpg,A woman with closed eyes wearing a white dress and black sandals puts rests her face in her hand.,39586
7917,2715173880.jpg,A lady in a white dress with a red purse is sitting on steps talking on a cellphone.,39587
7917,2715173880.jpg,A young lady talking on her cellphone while sitting on steps.,39588
7917,2715173880.jpg,A girl in a white dress and red bag talking on the phone.,39589
23926,4877121562.jpg,An elder man wearing black shorts and no shirt on a beach is holding a bottle that's in a brown bag while lifting his other hand toward a blue towel that is in front of a shirtless man standing next to the man wearing black shorts.,119630
23926,4877121562.jpg,Two men are shirtless on the beach on a beautiful day.,119631
23926,4877121562.jpg,Several individuals are gathered on the beach.,119632
23926,4877121562.jpg,Two shirtless men walking on a crowded beach.,119633
23926,4877121562.jpg,Two fat white males are standing at the beach,119634
30695,86800579.jpg,A brown-haired man is sitting in front of a sewing machine looking down.,153475
30695,86800579.jpg,A man is sitting beside a bunch of material while sewing.,153476
30695,86800579.jpg,A man sits at a sewing machine surrounded by items.,153477
30695,86800579.jpg,Man sewing with a machine surrounded by garments.,153478
30695,86800579.jpg,A man sews in a garment factory.,153479
3739,2173061319.jpg,"A small child in an orange, white and black coat coming down a snowy hill on an innertube.",18695
3739,2173061319.jpg,"A boy snow tubing on a green, blue, and yellow colored tube.",18696
3739,2173061319.jpg,A small child racing down a snowy hill on an innertube,18697
3739,2173061319.jpg,A child laughs while tubing down the snowy mountain.,18698
3739,2173061319.jpg,A boy slides down a snowy hill in an innertube.,18699
26449,5523249598.jpg,"A man wearing yellow overalls, a hat, and a life jacket, stands in a small boat full of equipment.",132245
26449,5523249598.jpg,A Fisherman is standing on a boat waiting for a fish to grab his hook.,132246
26449,5523249598.jpg,A man is going fishing on his boat called 'Melanie'.,132247
26449,5523249598.jpg,A sailor stands in his small sailboat.,132248
26449,5523249598.jpg,A man is alone in a boat in the water.,132249
18306,4254952442.jpg,Many people are walking on the brick walkway between the buildings.,91530
18306,4254952442.jpg,Many people are walking down a street surrounded by old buildings.,91531
18306,4254952442.jpg,Crowd of people walking down on old town street lined with shops.,91532
18306,4254952442.jpg,Various people walking down a street with multiple buildings.,91533
18306,4254952442.jpg,People walking down a street with tall buildings.,91534
4783,2316985974.jpg,"Two men and one female in white tank top and black sweatpants, walk along a busy intersection.",23915
4783,2316985974.jpg,"Three people, the one in the center has a bag, are crossing a busy street.",23916
4783,2316985974.jpg,Two men and a woman are walking towards the street with a white plastic bag.,23917
4783,2316985974.jpg,"Two guys, one is carrying a bag, and one girl are walking down the street.",23918
4783,2316985974.jpg,"Three people crossing a street, one is carrying a shopping bag.",23919
29941,7757245162.jpg,"A member of the purple football team is being tackled by a member of the black team, who is diving at the former's waist, as his teammate looks on.",149705
29941,7757245162.jpg,"A man in a black uniform, covered in mud, tugs on the purple uniform of another rugby player.",149706
29941,7757245162.jpg,One man is tackled by one opponent while trying to touch base.,149707
29941,7757245162.jpg,A defender attempts a tackle in rugby.,149708
29941,7757245162.jpg,A rugby player about to get tackled.,149709
9292,2896668718.jpg,One football player wearing an orange jersey and one wearing a white jersey are set at the starting line.,46460
9292,2896668718.jpg,"Two football players, one in an orange jersey and one in a white jersey, play on the field.",46461
9292,2896668718.jpg,Two football players are getting ready to tackle each other,46462
9292,2896668718.jpg,Two college football players about to face off.,46463
9292,2896668718.jpg,Two rival football players head to head.,46464
8559,2800990525.jpg,A man with sunglasses on his head is standing by signs for the Wharf and ferry terminal.,42795
8559,2800990525.jpg,A man with sunglasses on his head poses for a picture near the wharf.,42796
8559,2800990525.jpg,A man is walking in the street with sunglasses on top of his head.,42797
8559,2800990525.jpg,A man stands next to signs for the wharfs.,42798
8559,2800990525.jpg,A man poses outside of some buildings.,42799
28913,7013217.jpg,Two guys seem to be discussing something in front of a building that looks to have a rather eastern facade.,144565
28913,7013217.jpg,Two men dressed in dark clothing sitting and conversing with each other.,144566
28913,7013217.jpg,Man in spotted shirts chats with another man outside at night.,144567
28913,7013217.jpg,Two men abroad enjoy talking about their differences.,144568
28913,7013217.jpg,Two men chatting in the evening.,144569
7357,2641794279.jpg,A person in white clothes and a yellow safety vest is riding a bike along a road.,36785
7357,2641794279.jpg,A safety patrol officer rides his bike across a crosswalk.,36786
7357,2641794279.jpg,A person wearing a hard hat rides a bicycle on the street.,36787
7357,2641794279.jpg,This boy is cycling to market to get vegetables.,36788
7357,2641794279.jpg,A Man riding his bike to work.,36789
30864,94987177.jpg,"While a lone guitarist plays in the background, a man wearing a white hat, shorts and hiking boots sits with his water bottle at a small table.",154320
30864,94987177.jpg,A man with a white hat is sitting at a table listening to a man sing and play the guitar.,154321
30864,94987177.jpg,A man sings and plays guitar while another man sits at a table with a bottle of water.,154322
30864,94987177.jpg,A musician playing acoustic while other in the area listen.,154323
30864,94987177.jpg,Man singing and playing guitar for a small audience.,154324
2141,166507476.jpg,The two reptiles are standing on their back legs near deep water.,10705
2141,166507476.jpg,Two oriental lizards are fighting for dominance in a small pond,10706
2141,166507476.jpg,The iguanas wrestled along the rocky water bank.,10707
2141,166507476.jpg,Two lizards fight in the water.,10708
2141,166507476.jpg,Two lizards fighting.,10709
14800,3565840872.jpg,Two SouthEast Asian women wearing a purple and a green hijab stand beside their carts while a yellow uniformed worker rings them up at the register.,74000
14800,3565840872.jpg,Two women in a mixture of Islamic and American garb bring large boxes on a cart through a checkout line.,74001
14800,3565840872.jpg,"Two women, who are both wearing head coverings, are at the check out stand in a store.",74002
14800,3565840872.jpg,Two women with their heads wrapped in cloth are checking out at the store.,74003
14800,3565840872.jpg,Two Islamic women are making purchases at a large warehouse.,74004
25131,4979134930.jpg,"A middle-aged man bicycles through the streets of a city, his basket filled with newspapers.",125655
25131,4979134930.jpg,A man riding his bike with newspapers in the basket.,125656
25131,4979134930.jpg,A man in a hat and brown shirt rides a bike.,125657
25131,4979134930.jpg,A man in a khaki shirt riding on a bicycle.,125658
25131,4979134930.jpg,A man selling newspapers on a bicycle.,125659
26624,5631556013.jpg,"Skinny dark complected boy, jumping into a vast of water with his nose held so water doesn't rush in.",133120
26624,5631556013.jpg,Boy wearing rust colored shorts in mid leap into water while holding his nose.,133121
26624,5631556013.jpg,A young man wearing only shorts is jumping from the pier into the water.,133122
26624,5631556013.jpg,One young boy holding his breath and jumping in the lake on a warm day.,133123
26624,5631556013.jpg,A young boy is holding his breath while he jumps into water.,133124
1135,135444196.jpg,An African American in a red top and white and brown skirt crosses a street while a man in a blue shirt runs on it.,5675
1135,135444196.jpg,A woman wearing a pink white and orange dress with braids in her hair walking down a busy street.,5676
1135,135444196.jpg,"A dark-skinned woman, wearing a pink top and brown and white skirt, is crossing the street.",5677
1135,135444196.jpg,"A woman walking in a street with a young boy in front of her, and a running man behind her.",5678
1135,135444196.jpg,Woman in red white and brown dress walking down a busy street.,5679
2014,1595227547.jpg,A young boy of trying to fix his blue bike while an adult looks on.,10070
2014,1595227547.jpg,A boy and a man work on an upturned bicycle's front wheel.,10071
2014,1595227547.jpg,A boy is fixing the wheel of his bike.,10072
2014,1595227547.jpg,Two persons repairing their bicycle.,10073
2014,1595227547.jpg,A man and a boy fix a blue bicycle.,10074
12672,3320209694.jpg,A man with a purple hat and bandaged hand climbs a wall of rock,63360
12672,3320209694.jpg,A man in a purple had climbs a rocky wall with his hands.,63361
12672,3320209694.jpg,A young man in a purple snow cap is rock climbing.,63362
12672,3320209694.jpg,A man with a purple hat is climbing a rock.,63363
12672,3320209694.jpg,This young man is rock climbing,63364
12601,3311724634.jpg,"A woman is holding a toy snake, she is on stage with a guy speaking through a microphone, and a man in clown makeup holding a guitar.",63005
12601,3311724634.jpg,A well dressed man in front of a microphone is attacked by a dragon pinata and a lady.,63006
12601,3311724634.jpg,A man speaks into a microphone while a surprised woman holds a stuffed snake.,63007
12601,3311724634.jpg,A group of performers sing and play under the spotlight.,63008
12601,3311724634.jpg,A group of people perform using a fake snake.,63009
6019,2471525587.jpg,A man is in an enclosed outdoor swimming area and diving off the edge into a pool of clear blue water.,30095
6019,2471525587.jpg,A man wearing a swimsuit dives into a pool surrounded by a screen.,30096
6019,2471525587.jpg,A male is diving into a swimming pool in a natural setting.,30097
6019,2471525587.jpg,"A man, diving into the pool, is wearing a swimsuit.",30098
6019,2471525587.jpg,A boy in a swimming suit is diving into a pool.,30099
8719,2826647354.jpg,The little boy in the red shirt looks at the smaller boy in an orange shirt while riding bikes.,43595
8719,2826647354.jpg,A small child on riding toy and a larger child on a small bicycle with training wheels.,43596
8719,2826647354.jpg,Two young boys ride small bikes on the road of a neighborhood.,43597
8719,2826647354.jpg,Two children ride their bikes on the asphalt street.,43598
8719,2826647354.jpg,Two little boys riding their bikes in the street.,43599
23587,4851757244.jpg,"Street scene features buildings, a restaurant with a yellow awning decked with six flags and a produce shop with a green and white striped awning.",117935
23587,4851757244.jpg,A man in a foreign country stands in front of a fruit stand.,117936
23587,4851757244.jpg,A few people are in front of a vegetable stand in a city.,117937
23587,4851757244.jpg,A market and sitting area is lit in the early night.,117938
23587,4851757244.jpg,A man stands in front of a well lit fruit stand.,117939
838,128396110.jpg,A couple enjoy a beautiful day bicycling on a bike trail wearing bicycling safety helmets and gloves.,4190
838,128396110.jpg,A man wearing a black helmet and a girl wearing a pink helmet are cycling together.,4191
838,128396110.jpg,Two cyclist a man and a woman enjoy a leisurely bike ride on the cobblestone path.,4192
838,128396110.jpg,"A couple, wearing helmets and backpacks, ride their bikes down a brick road.",4193
838,128396110.jpg,A man and a woman ride bikes next to each other on a road made of bricks.,4194
2923,2030781555.jpg,People are sitting on step along the water and fishing.,14615
2923,2030781555.jpg,Some people are fishing off the wall beside the ocean.,14616
2923,2030781555.jpg,The fishemen enjoy the warm day.,14617
2923,2030781555.jpg,People fishing off of a boardwalk,14618
2923,2030781555.jpg,People fishing off a pier.,14619
4056,2220185725.jpg,Two dogs are running in the water while a man watches from the dock.,20280
4056,2220185725.jpg,Two dogs wade through shallow water while a man watches from a dock.,20281
4056,2220185725.jpg,Man on a pier looks at two dogs standing in shallow water.,20282
4056,2220185725.jpg,Two dogs in water as a man looks on from a dock.,20283
4056,2220185725.jpg,A man watching two dogs in the water.,20284
2391,1793982293.jpg,Two older men and a young woman sit on a bench with a triangle and two half spheres making up the top of the bench.,11955
2391,1793982293.jpg,Two old men sit next to a young Asian woman in strange looking chairs.,11956
2391,1793982293.jpg,People sitting down and waiting at a subway or train terminal.,11957
2391,1793982293.jpg,Two older men and an Asian woman sitting in chairs.,11958
2391,1793982293.jpg,People sitting on a public bench.,11959
904,1298295313.jpg,A blond boy wearing a blue life vest and camo shorts jumps off a diveboard into a blue lake.,4520
904,1298295313.jpg,A boy is holding his nose and jumping off a diving board backwards into a lake.,4521
904,1298295313.jpg,A boy in a blue life jacket jumps off a board into the lake.,4522
904,1298295313.jpg,A boy in a blue life jacket jumps into the water.,4523
904,1298295313.jpg,A boy diving backward off a pier in a large lake.,4524
1458,1427822472.jpg,A man in a suit and dirty dress-shoes is lying on the street on pieces of cardboard with his eyes closed.,7290
1458,1427822472.jpg,A man is sleeping outside on cardboard next to a water bottle.,7291
1458,1427822472.jpg,A man is passed out on the concrete with a bottle of water.,7292
1458,1427822472.jpg,"A man is sleeping on the sidewalk, on top of a box.",7293
1458,1427822472.jpg,A man is sleeping on the ground.,7294
25569,5135670352.jpg,"A very fair-skinned girl wearing a red and black plaid shirt, blue jeans and boots attempts leans backwards so far that her long blond-hair touches the ground.",127845
25569,5135670352.jpg,A young female with long blond-hair appears to be levitating as she bends over backward in front of trees with red leaves.,127846
25569,5135670352.jpg,"A girl in a red plaid shirt, jeans, and boots arching her back in her backyard.",127847
25569,5135670352.jpg,A little girl with long hair floating in a colorful forrest.,127848
25569,5135670352.jpg,A girl doing back flips on grass.,127849
758,1257692349.jpg,"A varied crowd mills about (or rough-houses) on a public street, with lots of bicycles on display.",3790
758,1257692349.jpg,"A crowd of people are in a city square, seemingly oblivious to a human sculpture in their midst.",3791
758,1257692349.jpg,A group of onlookers glance at a person doing a strange trick on her head.,3792
758,1257692349.jpg,Group of people gathered out on the streets near a display of bicycles.,3793
758,1257692349.jpg,A large crown walks by three friends climbing on top of each other.,3794
13055,3360994630.jpg,A black and white bird getting ready to land on the water.,65275
13055,3360994630.jpg,White bird with red eyes gets ready for a landing.,65276
13055,3360994630.jpg,A long legged white bird is landing in the water.,65277
13055,3360994630.jpg,A large bird flaps its wings above the water.,65278
13055,3360994630.jpg,Bird hovers above water.,65279
8932,2853407781.jpg,A man in a brown jacket and beige cap is drinking from a Styrofoam cup.,44660
8932,2853407781.jpg,A man wearing a coat is leaned against wall drinking from a white cup.,44661
8932,2853407781.jpg,A man in a jacket and cap is crouching down and drinking from a cup.,44662
8932,2853407781.jpg,A man is crouched down next to a building sipping a drink.,44663
8932,2853407781.jpg,A man in a leather jacket drinking coffee.,44664
4482,2279906281.jpg,A soccer player with no shirt standing in the middle of the field.,22410
4482,2279906281.jpg,A shirtless man is being filmed in the middle of a soccer field.,22411
4482,2279906281.jpg,A team player takes time out to communicate with the media.,22412
4482,2279906281.jpg,The man has his white shirt off on a green field.,22413
4482,2279906281.jpg,A soccer player removes his shirt.,22414
28518,686941225.jpg,A woman in a black jacket with yellow on the back talking to a man with a black jacket and cameras hanging down from his shoulders and neck.,142590
28518,686941225.jpg,A man carrying camera equipment is talking over a gate to a woman.,142591
28518,686941225.jpg,A photographer is having a conversation with a woman.,142592
28518,686941225.jpg,Woman talking to a photographer dressed in black.,142593
28518,686941225.jpg,A photographer is talking to a woman.,142594
5500,241346971.jpg,"The guy in the blue and white jersey is running, and the guy in the red and white jersey is falling.",27500
5500,241346971.jpg,"The two players, on opposite teams, are in the middle of a football game, while others watch.",27501
5500,241346971.jpg,A Sooners football player moves quickly on the field as another player runs.,27502
5500,241346971.jpg,A football player in blue and one in red play in a game.,27503
5500,241346971.jpg,Two men play football.,27504
25754,522214663.jpg,A young girl in a blue t-shirt is standing between two people dressed in costumes and smiling.,128770
25754,522214663.jpg,A little girl at Disney World getting her picture taken with lilo and stitch.,128771
25754,522214663.jpg,A smiling young girl in a blue shirt is posing with an amusement park mascot.,128772
25754,522214663.jpg,A little girl standing with someone in a costume.,128773
25754,522214663.jpg,A plush cartoon mascot posing with a young girl.,128774
6441,2528547068.jpg,A red race car travels down a road marked with red and white striped ribbons.,32205
6441,2528547068.jpg,A race car drives through a dirt-covered racetrack.,32206
6441,2528547068.jpg,A red rally car taking a slippery turn in a race.,32207
6441,2528547068.jpg,A red car emitting smoke while on a paved track.,32208
6441,2528547068.jpg,A red race car pulls off the track smoking.,32209
18332,426065353.jpg,"Three men in dress shirts in a bar, with a woman lying on the bar and a female bartender in the background.",91660
18332,426065353.jpg,Three young men are taking a picture of two girls at a bar with a camera-phone.,91661
18332,426065353.jpg,A guy is talking to his friend taking a picture of a girl taking shots.,91662
18332,426065353.jpg,A couple guys taking body shots off of a girl,91663
18332,426065353.jpg,A woman lies on a bar surrounded by people.,91664
24241,4906594388.jpg,"An elderly man with a long white beard, wearing a blue sweater and blue jeans, pushes a red cart filled with cardboard and plastic bags, through a city neighborhood.",121205
24241,4906594388.jpg,A man with a large white beard is pushing a cart full of trash bags and cardboard down a sidewalk.,121206
24241,4906594388.jpg,An old man with a white beard pushes a cart full of bags and boxes along a sidewalk.,121207
24241,4906594388.jpg,This guy is pushing a cart full of things.,121208
24241,4906594388.jpg,Man pushing his cart with personal items.,121209
68,101859883.jpg,A woman with a red jacket and headscarf looks out over a scenic view of a bay through a set of pay binoculars on a viewing deck.,340
68,101859883.jpg,A woman inside a building is wearing a headscarf and looking out of a window through a mounted telescope.,341
68,101859883.jpg,Woman in red windbreaker looking though a rooftop binoculars at the city below.,342
68,101859883.jpg,A woman in a headscarf uses a telescope to look out over the city and bay.,343
68,101859883.jpg,A Woman is looking through a telescope while wearing a red coat.,344
13489,3415809168.jpg,"Two black and white dogs walking on dirt, one of which has a ball in its mouth.",67445
13489,3415809168.jpg,A dog runs with another dog in the background holding a ball in its mouth.,67446
13489,3415809168.jpg,A dog is running while another dog behind it carries a tennis ball.,67447
13489,3415809168.jpg,"Two dogs are running in the dirt, one with a ball in its mouth.",67448
13489,3415809168.jpg,Two black and white dogs running in a field.,67449
20663,4612286887.jpg,"A young woman wearing a long black skirt and a black halter top, fans herself while sitting next to a tree.",103315
20663,4612286887.jpg,A blond woman in a black dress sits and fans herself with a large golden colored fan.,103316
20663,4612286887.jpg,A pretty girl in a crinkly black skirt fans herself with a gold folding fan.,103317
20663,4612286887.jpg,An eccentric blond woman enjoys solitude in the park.,103318
20663,4612286887.jpg,Woman sitting in the shade with a fabric fan.,103319
1540,1446933195.jpg,A puppy is gnawing on a plant branch in an uncut grassy area with wood and a barrel nearby.,7700
1540,1446933195.jpg,A young brown puppy pulls a leafy branch in his teeth in a backyard.,7701
1540,1446933195.jpg,A brown puppy chewing on a tree branch.,7702
1540,1446933195.jpg,A puppy dog is playing with a branch.,7703
1540,1446933195.jpg,A black puppy is biting a tree limb.,7704
27838,632251903.jpg,"One boy in orange shorts standing on a rock cliff over water, while the other boy in black shorts jumps off into the water.",139190
27838,632251903.jpg,A man in a blue swimsuit jumps from a cliff into the water while another man watches.,139191
27838,632251903.jpg,"Two males on a rock over water, one in midair jumping into the water.",139192
27838,632251903.jpg,Two males on a cliff edge and one is jumping into the water,139193
27838,632251903.jpg,A man jumping off of rocks into a pool of water.,139194
8662,2817414272.jpg,A man in a tuxedo and a woman in a white dress holding a bouquet are standing outdoors.,43310
8662,2817414272.jpg,The lady has a gorgeous white dress paired with a beautiful white high-heeled shoes.,43311
8662,2817414272.jpg,A brown-haired woman in a white backless dress holds flowers.,43312
8662,2817414272.jpg,A bride is receiving her vail from a black man.,43313
8662,2817414272.jpg,Woman in white dress with flowers.,43314
5303,2387154171.jpg,A man and woman excited to see each other are in an embrace against a light post standing in a busy street way with many people and decorative businesses.,26515
5303,2387154171.jpg,"A man and a woman standing on the street, the woman is hugging the man while the man is yawning.",26516
5303,2387154171.jpg,A man and a woman embrace outside while the man yawns.,26517
5303,2387154171.jpg,A woman hugs a man outside while he is yawning.,26518
5303,2387154171.jpg,A woman hugging a yawning man.,26519
1294,1394368714.jpg,A man holding the leash of a pug bends down to look in a bin at an outdoor rummage sale.,6470
1294,1394368714.jpg,A person holding a small dog on a leash is bending over and looking through items.,6471
1294,1394368714.jpg,A man with a pug dog bends over to pick something off the sidewalk.,6472
1294,1394368714.jpg,A dog waits as his owner rummages through a collection of stuff.,6473
1294,1394368714.jpg,A man with a pug on a leash bending down to examine merchandise.,6474
152,1051290485.jpg,"Two separate women, one wearing a white top and black pants, the other wearing all black and a pair of pink flip-flops, kneel on a gray brick sidewalk path in front of green and red bushes.",760
152,1051290485.jpg,"Two women squatting on the sidewalk looking at plants, one in black shirt, shorts and pink sandals, the other in a white shirt, black shorts talking on a cellphone.",761
152,1051290485.jpg,A little girl is looking at some plants while another is on the phone in the background.,762
152,1051290485.jpg,Two girls crouch in front of some bushes and talk on their phones.,763
152,1051290485.jpg,Two girls crouch in front of a garden of small shrubbery.,764
12036,3241627311.jpg,A bright lamp illuminates three men wearing yellow vests and helmets and working on a machine.,60180
12036,3241627311.jpg,Three construction workers getting work done at night.,60181
12036,3241627311.jpg,Construction workers are using a machine at night.,60182
12036,3241627311.jpg,Three men paving road and using lights.,60183
12036,3241627311.jpg,Construction workers working at night.,60184
21563,4690256836.jpg,A man wearing white shorts and a black tank top next to a man with red shorts and a black shirt walking on the sidewalk.,107815
21563,4690256836.jpg,"Two men, one with several tattoos on his shoulder and upper arm, walk on a sidewalk covered in gum.",107816
21563,4690256836.jpg,Two black men walking down the gratified sidewalk.,107817
21563,4690256836.jpg,Two men in shorts walk down a speckled sidewalk.,107818
21563,4690256836.jpg,Two people talking walk down the sidewalk.,107819
21995,4725006515.jpg,Two people are shopping in a supermarket with international flags above their heads.,109975
21995,4725006515.jpg,A man in a collared shirt and a woman in a dress shopping in a supermarket.,109976
21995,4725006515.jpg,A person dressed in a black jacket holding a white bag.,109977
21995,4725006515.jpg,A couple is shopping at an indoor market.,109978
21995,4725006515.jpg,Asian people standing in a marketplace.,109979
26028,5340490372.jpg,A little girl is jumping from bed to bed while a little boy is watching and another little girl has her back to the camera.,130140
26028,5340490372.jpg,"Two children are jumping on a bed, the little girl is in black pants and is in the middle of her jump.",130141
26028,5340490372.jpg,A young child is jumping from one bed to another while 2 other children are playing.,130142
26028,5340490372.jpg,Numerous young children are enjoying their time by jumping on the beds!,130143
26028,5340490372.jpg,Two boys and a girl ecstatically jump around two mattresses.,130144
26211,5410472318.jpg,A man navigates a plow being pulled through a field by two cows with mountains and shrubbery in the background.,131055
26211,5410472318.jpg,Hardworking farmer and oxen plowing his fields on a hot summer day.,131056
26211,5410472318.jpg,A peasant farmer plowing his field with the aid of two oxen.,131057
26211,5410472318.jpg,A farmer drives on two cattle to plow a field for his work.,131058
26211,5410472318.jpg,A man in all white is plowing the fields with two ox.,131059
3978,2209766109.jpg,A lady with long hair and a hat walks down a sloping sidewalk paved with stone.,19890
3978,2209766109.jpg,A woman in a gray suit and wearing a hat is walking by a stone wall.,19891
3978,2209766109.jpg,"A woman in a gray jacket and skirt, walks on a brick path.",19892
3978,2209766109.jpg,Woman in gray suit walks downhill on cobblestones.,19893
3978,2209766109.jpg,A woman walking down a cobblestone path.,19894
9998,2992226950.jpg,A man on a bicycle rides down a small street as a truck drives behind him.,49990
9998,2992226950.jpg,A poor looking man in a blue shirt is riding a bicycle slowly.,49991
9998,2992226950.jpg,A green pull wagon is parked under a tree in a shaded area.,49992
9998,2992226950.jpg,"A man bicycling through a street, followed by a truck.",49993
9998,2992226950.jpg,A man riding a bicycle down the street.,49994
11791,3211437611.jpg,"A bride seated on a sofa, with her bridal party and family surrounding her.",58955
11791,3211437611.jpg,A bridal party surrounding a bride sitting on a couch.,58956
11791,3211437611.jpg,The bride's side of a wedding party.,58957
11791,3211437611.jpg,A bride is sitting on a tan couch.,58958
11791,3211437611.jpg,Old picture of wedding.,58959
17128,3952821132.jpg,"A group of people, some with white helmets and diving gear, and some in life preservers, carrying a gurney with a person on it.",85640
17128,3952821132.jpg,A group of people work on the side of a large metal structure that is very blue on a cloudy day.,85641
17128,3952821132.jpg,A crew is getting someone ready for bungee jumping.,85642
17128,3952821132.jpg,Some men in black stand on a platform talking.,85643
17128,3952821132.jpg,Paramedics are rescuing a man on a walkway.,85644
1096,1348113612.jpg,A black and white dog jumping into a pool with a lot of tennis balls in it.,5480
1096,1348113612.jpg,A dog jumps into a swimming pool to retrieve some floating tennis balls.,5481
1096,1348113612.jpg,A black dog jumps into a pool that has many yellow balls in it.,5482
1096,1348113612.jpg,A black and white dog jumping into a pool after tennis balls.,5483
1096,1348113612.jpg,A dog swims in a pool.,5484
10790,3091912922.jpg,The brown dog is running through the grass with a yellow toy in its mouth.,53950
10790,3091912922.jpg,"A dog runs holding a yellow dog toy in fall, bench in the background.",53951
10790,3091912922.jpg,A tan dog running through the grass with a toy in his mouth.,53952
10790,3091912922.jpg,The tan colored dog has a yellow toy in its mouth.,53953
10790,3091912922.jpg,A dog runs with a yellow toy in its mouth.,53954
15707,3677992640.jpg,A girl in a white tank top and bikini bottoms is playing volleyball on a sandy beach.,78535
15707,3677992640.jpg,A girl with a damn nice booty is getting a nice block in a beach volleyball game.,78536
15707,3677992640.jpg,A young woman is jumping up to hit a volleyball while playing beach volleyball.,78537
15707,3677992640.jpg,"Kicking up sand, a beach volleyball player jumps for the ball.",78538
15707,3677992640.jpg,A girl jumps while playing beach volleyball.,78539
19324,4456116509.jpg,A man in a green shirt plays a game with clowns while a man in red shirt watches.,96620
19324,4456116509.jpg,A man in a green jacket plays a clown-themed carnival game while others watch.,96621
19324,4456116509.jpg,A man in a green jacket is playing a game to win a prize.,96622
19324,4456116509.jpg,A man in a green jacket is playing a fairground game.,96623
19324,4456116509.jpg,A guy playing a game at a fair.,96624
26853,5750611277.jpg,A girl in a green shirt fishing in the ocean while standing next to a man in a blue t-shirt.,134265
26853,5750611277.jpg,A woman in a green shirt is fishing while a man in a blue shirt is looking backwards,134266
26853,5750611277.jpg,A woman in green fishes while a man wearing blue turns to face the camera.,134267
26853,5750611277.jpg,A man poses looking back while a younger girl fishes.,134268
26853,5750611277.jpg,A group of people are fishing from a boat.,134269
21206,4662964389.jpg,A man in the suit plays a guitar while sitting on a metal chair.,106030
21206,4662964389.jpg,A man in a jacket sitting at a table playing a guitar.,106031
21206,4662964389.jpg,"A man sits alone at a table, playing guitar.",106032
21206,4662964389.jpg,An old man is playing his guitar.,106033
21206,4662964389.jpg,A man playing acoustic guitar.,106034
25939,530170010.jpg,"A man wearing a black shirt, jeans, and skate shoes is jumping near a pond.",129695
25939,530170010.jpg,The red-haired man in the black turtleneck is leaping into the air.,129696
25939,530170010.jpg,A man in a black top is jumping on a sunny day.,129697
25939,530170010.jpg,A man with red-hair is jumping on a sunny day.,129698
25939,530170010.jpg,Redheaded man jumping high in the air.,129699
1629,1466307485.jpg,A man in an orange vest trying to pull a vehicle which is attached to another vehicle out of a rocky area.,8145
1629,1466307485.jpg,A man in an orange vest leans over a pickup truck.,8146
1629,1466307485.jpg,A group of people pull a jeep stuck on a rock.,8147
1629,1466307485.jpg,The white truck is stuck on the large rocks.,8148
1629,1466307485.jpg,A person in a safety vest pushing a truck.,8149
9219,2889346148.jpg,Three men dig through dirt and piping along side a house.,46095
9219,2889346148.jpg,"Renovations have begun, here the did around the house.",46096
9219,2889346148.jpg,A group of workers are doing some construction work.,46097
9219,2889346148.jpg,Three men are digging by a house.,46098
9219,2889346148.jpg,Workers dig around a house.,46099
26494,5551968198.jpg,"A man with a ball cap, white shirt, and camouflage standing in a boat cleaning fish with pelicans floating in the water watching.",132470
26494,5551968198.jpg,A man in a cap and white shirt is cutting some fish on a boat that is floating on water next to a wooden dock.,132471
26494,5551968198.jpg,"A fisherman cutting bait aboard his boat, which is moored at the dock, while pelicans swim nearby.",132472
26494,5551968198.jpg,A man is cutting food on a watercraft at the dock as six pelicans float nearby in the water.,132473
26494,5551968198.jpg,A man in a boat cleaning fish and feeding the ducks.,132474
14062,348223687.jpg,A man dressed in jeans and a black jacket walking down the street in the winter time.,70310
14062,348223687.jpg,A man wearing a black jacket walks down a sidewalk in the winter in the city.,70311
14062,348223687.jpg,A man in a jacket ins walking on the sidewalk with leafless trees.,70312
14062,348223687.jpg,A man looking to the left walking down the street.,70313
14062,348223687.jpg,A man is walking in the street.,70314
30234,801607443.jpg,One climber is sitting on the rock overlooking the ocean whilst another climber is on her way up.,151170
30234,801607443.jpg,Two people are on a rock overlooking the ocean,151171
30234,801607443.jpg,Two people climb a rock overhanging water.,151172
30234,801607443.jpg,Two people climb rocks over some water.,151173
30234,801607443.jpg,Two people rock climbing near water.,151174
21789,470887785.jpg,"A speaking woman at a podium has the phrase ""Armenian Genocide"" written on it, flanked by priests and men in suits.",108945
21789,470887785.jpg,A middle eastern woman is talking into a microphone at a protest event.,108946
21789,470887785.jpg,A lady is giving a speech dealing with the Armenian genocide.,108947
21789,470887785.jpg,A woman speaks at a podium surrounded by religious men.,108948
21789,470887785.jpg,A woman speaking at an Armenian Genocide event,108949
24727,4944548179.jpg,A person painting a mural on the side of a building while people are standing around watching.,123635
24727,4944548179.jpg,Pedestrians stop to watch a man create a mural on a wall at the side of a street.,123636
24727,4944548179.jpg,A painting of a man drinking from a bottle on the side of a building.,123637
24727,4944548179.jpg,An artist is painting a mural on the side of a building.,123638
24727,4944548179.jpg,A crowd gathers to watch the artist at work.,123639
5375,2396669903.jpg,A person in a cap with earflaps carries two grocery bags down a city street past a poster of a mustached man.,26875
5375,2396669903.jpg,A man dressed in a brown coat and bomber hat is carrying shopping bags and walking towards an intersection.,26876
5375,2396669903.jpg,"A man carries two grocery bags, a sign of a funny man is by the pole near him.",26877
5375,2396669903.jpg,Sombody has stuck the face of Groucho Marx on a walk don't walk button.,26878
5375,2396669903.jpg,A man is carrying bags nearby an elevated roadway and crosswalk.,26879
16559,3821036283.jpg,Woman in dark clothes walking on the sidewalk next to a gray stone building.,82795
16559,3821036283.jpg,A lady with blond-hair is walking briskly down the street.,82796
16559,3821036283.jpg,A woman in black pants walks down the sidewalk.,82797
16559,3821036283.jpg,Woman walking down a street in black pants,82798
16559,3821036283.jpg,This is a blond woman walking.,82799
7878,2709648336.jpg,A large brown and black dog jumps in the air holding a white Frisbee in its mouth.,39390
7878,2709648336.jpg,A brown dog jumped into the air and caught a Frisbee.,39391
7878,2709648336.jpg,A brown dog in midair with a Frisbee in his mouth.,39392
7878,2709648336.jpg,A brown dog is catching a Frisbee in midair.,39393
7878,2709648336.jpg,The dog leaps to catch the Frisbee.,39394
3292,2093588635.jpg,A young child wearing a yellow striped t-shirt and blue shorts is playing along side the lake and rocks.,16460
3292,2093588635.jpg,A little boy in a striped shirt is dropping rocks to make the water splash up at him.,16461
3292,2093588635.jpg,A small boy wearing a striped shirt and blue shorts playing in water.,16462
3292,2093588635.jpg,A toddler is playing in shallow water with rocks in the background.,16463
3292,2093588635.jpg,A young boy with his tongue hanging out playing at the beach.,16464
23177,4819160095.jpg,"A quartet of young people, possibly Spanish or Portuguese, wearing red bandannas, while one conspicuously does not, stroll down a boulevard.",115885
23177,4819160095.jpg,"Several people in white clothes and red handkerchiefs, and one man who is not dressed like the others, congregate in a wide alley.",115886
23177,4819160095.jpg,"Many of the people were wearing white clothing with red bandannas, as they celebrated in the streets.",115887
23177,4819160095.jpg,A group of people in white shirts with red scarves and one man in a green shirt.,115888
23177,4819160095.jpg,A crowd of people are walking through a busy street and posing for a picture.,115889
24099,4893339483.jpg,An asian man with glasses standing with his arms crossed in front of an Infineon Technologies advertisement.,120495
24099,4893339483.jpg,A man is standing in front of a white wall with a business advertisement on it.,120496
24099,4893339483.jpg,A businessman in a suit and tie looking up at the Infineon technologies logo.,120497
24099,4893339483.jpg,Asian man standing in front of a technology business' sign.,120498
24099,4893339483.jpg,A man standing next to a wall with a company logo.,120499
11066,3126681108.jpg,A warmly dressed person is shoveling snow outside a house.,55330
11066,3126681108.jpg,The girl wearing a brown jacket whilst walking in snow.,55331
11066,3126681108.jpg,The child is shoveling deep white snow near the house.,55332
11066,3126681108.jpg,"Child shovels snow, near bush, outside of building.",55333
11066,3126681108.jpg,A young girl is shoveling snow in front of a house.,55334
29394,7362640920.jpg,"Little tot with a pink helmet and blue racing uniform, with the number 30 on the handlebars riding a two wheeled black and blue bicycle down a dirt road.",146970
29394,7362640920.jpg,"A small child, wearing a helmet, is riding a BMX bike on a dirt path.",146971
29394,7362640920.jpg,A child riding a bike down a dirt path.,146972
29394,7362640920.jpg,Little kid riding a bike in the dirt,146973
29394,7362640920.jpg,Little kid racing in a dirt bike,146974
3594,2142526754.jpg,Four younger children play Monopoly on the living room floor with an older woman and a gray-haired man.,17970
3594,2142526754.jpg,"A family, from young to old, is sitting on the living room floor playing Monopoly.",17971
3594,2142526754.jpg,A family of six are playing Monopoly together in the living room.,17972
3594,2142526754.jpg,An older man and woman are playing monopoly with children.,17973
3594,2142526754.jpg,Family in a living area playing a board game.,17974
865,1289352548.jpg,A woman with a small dog gazes at a man with a larger dog.,4325
865,1289352548.jpg,Two and four footed neighbors stop by to visit.,4326
865,1289352548.jpg,Man walks giant odd dog while small dog poops.,4327
865,1289352548.jpg,Dog walkers observe their pets on a sidewalk.,4328
865,1289352548.jpg,A man and a woman are out walking their dogs.,4329
15678,3675345761.jpg,A man with a blue shirt and glasses points to a picture in a book in front of a little girl and a stack of books.,78390
15678,3675345761.jpg,A man in a white shirt and tie points to an image in a children's book while a small girl watches.,78391
15678,3675345761.jpg,A man in classes and a suit read a children's book out loud to a child.,78392
15678,3675345761.jpg,A man reading a picture book to a child.,78393
15678,3675345761.jpg,A man is reading a picture book aloud.,78394
27633,6222627830.jpg,"A young man in a gray t-shirt, wearing glasses, is smearing something white on a colorful, decorated wall.",138165
27633,6222627830.jpg,A young man is cleaning caulk from a tiled wall.,138166
27633,6222627830.jpg,A man in a gray shirt adds grout to tile.,138167
27633,6222627830.jpg,A man spackling the wall carefully.,138168
27633,6222627830.jpg,Guy in gray shirt putting in tile.,138169
30670,86289724.jpg,A group of young people huddle together near a vending machine.,153350
30670,86289724.jpg,Four young men holding cups and food are in a huddle.,153351
30670,86289724.jpg,Four people are in a group hug near a soda machine.,153352
30670,86289724.jpg,People gathering in a moment of prayer.,153353
30670,86289724.jpg,Four people group hugging.,153354
4473,2278766574.jpg,A youn woman on a man's back walking down a cement path with another couple behind them holding hands.,22365
4473,2278766574.jpg,"Two couples walking on a path adorned with trees, bushes and grass.",22366
4473,2278766574.jpg,The man is giving a woman a piggyback ride through a park.,22367
4473,2278766574.jpg,Several people are walking down a trail.,22368
4473,2278766574.jpg,People walk on a path outside.,22369
18171,420900246.jpg,Romantic scene of a man kissing a woman with a guitar strapped on her back and water in the background.,90855
18171,420900246.jpg,A sitting figure kisses a woman with a guitar on her back in front of a body of water.,90856
18171,420900246.jpg,Two women standing on a platform by the water hugging.,90857
18171,420900246.jpg,Two people overlooking a body of water are embracing.,90858
18171,420900246.jpg,Two woman kissing by a river in a city.,90859
20509,4592329357.jpg,Hands are raised by a crowd at the New York Marriott Marquis.,102545
20509,4592329357.jpg,A crowd of people are raising their arms during a concert.,102546
20509,4592329357.jpg,A band playing in front of the marriott's.,102547
20509,4592329357.jpg,A crowd of people waving their arms.,102548
20509,4592329357.jpg,Eager fans await a concert.,102549
27375,6086876085.jpg,"An elderly gentleman dressed in a formal white shirt and pinstriped black slacks and black shoes is dancing with a middle-aged woman in a short white dress and black high heeled shoes on a wood floor in a dimly lit room, while another similar dressed couple dances.",136875
27375,6086876085.jpg,"A mature woman and senior man are dancing on a dance floor with a few other couples, the lights are all red and you can see an attempt to block the day light with red curtains in the background.",136876
27375,6086876085.jpg,"An old white man, looking very serious, is ballroom dancing with a young lady.",136877
27375,6086876085.jpg,An older male is dancing with a younger female.,136878
27375,6086876085.jpg,A old man and young women dancing at a party.,136879
13748,3443853670.jpg,Person sitting and leaning back against white house while dog sits in front of him,68740
13748,3443853670.jpg,A person sits with their back against a white wall with a tan dog.,68741
13748,3443853670.jpg,A man with his dog sitting against a white building in the grass.,68742
13748,3443853670.jpg,A person siting against a wall with a dog.,68743
13748,3443853670.jpg,Dog and owner sitting on lawn.,68744
17063,3936738389.jpg,A man dressed in a light shirt and coveralls attempting to work on a train locomotive.,85315
17063,3936738389.jpg,A man in overalls is working on a train engine sitting idly on the tracks.,85316
17063,3936738389.jpg,A man in overalls makes adjustments to the front of a steam engine.,85317
17063,3936738389.jpg,A man in overall jeans working on an old train.,85318
17063,3936738389.jpg,A man in jean overalls looking at a train.,85319
18051,417839679.jpg,A girl rappels off of a boulder during a winter climb while an older man belays her from above.,90255
18051,417839679.jpg,A man in a green helmet helping a girl in a blue helmet and pink suite up a rock with a rope.,90256
18051,417839679.jpg,A guy is helping a younger girl rock climb with trees in the background.,90257
18051,417839679.jpg,A man is helping a young girl rappel down the side of a large rock.,90258
18051,417839679.jpg,Two people rock climbing.,90259
11473,3178442303.jpg,Toddler with blond-hair walking towards the camera wearing tan pants and a striped shirt carrying a red folder smiling.,57365
11473,3178442303.jpg,A blond headed toddler walking with a red piece of paper in hand.,57366
11473,3178442303.jpg,Little boy happily holds red booklet near rows of folding-chairs.,57367
11473,3178442303.jpg,A little boy is running down the aisle clutching a book.,57368
11473,3178442303.jpg,A happy toddler is carrying a notebook.,57369
5040,2350400382.jpg,A black dog flies through the air while holding an object in its mouth.,25200
5040,2350400382.jpg,A dog is in field on a very windy day with something in its mouth.,25201
5040,2350400382.jpg,A black dog running with a black and white toy in its mouth.,25202
5040,2350400382.jpg,A black dog caught in mid-jump catching a toy in his mouth.,25203
5040,2350400382.jpg,A black dog jumps in the air to catch a toy.,25204
30655,86124605.jpg,An asian lady in a brown shirt with glasses is making some food.,153275
30655,86124605.jpg,A very happy looking young woman preparing a snack.,153276
30655,86124605.jpg,A lady in dark clothing is holding a plastic bag.,153277
30655,86124605.jpg,An Asian women holding a bag and smiling.,153278
30655,86124605.jpg,A woman in a brown shirt is making rice.,153279
11924,3226105839.jpg,Four guys sitting around a table with two candles and glasses full of beer.,59620
11924,3226105839.jpg,A group of four men drink bear and chat at a food establishment.,59621
11924,3226105839.jpg,A group of four men are sitting at a table drinking beer.,59622
11924,3226105839.jpg,"These four Men are Relaxing, and having a few Drinks.",59623
11924,3226105839.jpg,A group of men drink at a bar and talk.,59624
9052,2868668723.jpg,"A young boy wearing a gray sweater, blue jeans and boots hangs upside down in a tire swing.",45260
9052,2868668723.jpg,A young boy is hanging head down in a tire swing with gravel beneath it.,45261
9052,2868668723.jpg,A boy is swinging upside-down with his head sticking through a tire.,45262
9052,2868668723.jpg,A child upside down in a horizontal tire swing.,45263
9052,2868668723.jpg,A boy is hanging upside down from a tire swing.,45264
9147,2881202981.jpg,A man wearing a cowboy hat holds a cellphone and stands on the sidewalk while people walk around in the background.,45735
9147,2881202981.jpg,A man wearing a cowboy hat standing on a sidewalk during the day talking on his phone and looking at something.,45736
9147,2881202981.jpg,A man wearing a cowboy hat and a blue striped shirt sticks out his tongue as he is on his cellphone.,45737
9147,2881202981.jpg,A man on a cellphone wearing a cowboy hat and a blue and white shirt is standing on a curb.,45738
9147,2881202981.jpg,A man in a wicker cowboy hat is talking on the phone.,45739
21240,4668245701.jpg,A man in a yellow shirt and jeans talks to a woman in a floral skirt and blue jacket while standing in front of a large stone building.,106200
21240,4668245701.jpg,A man in a yellow shirt and a woman in a blue jacket are talking with stone buildings in the background.,106201
21240,4668245701.jpg,A man in a yellow shirt is talking to a woman in a blue jacket.,106202
21240,4668245701.jpg,Bearded man in thong shoes talks with woman on a sunny day.,106203
21240,4668245701.jpg,A man and woman talking to each other in the daytime.,106204
14687,3553476195.jpg,Two black dogs are tugging at an orange toy that is between them.,73435
14687,3553476195.jpg,Two black dogs are playing with an orange stuffed dog toy.,73436
14687,3553476195.jpg,Two black dogs are playing tug-of-war with an orange toy.,73437
14687,3553476195.jpg,Two black dogs fighting over an orange toy.,73438
14687,3553476195.jpg,Two black dogs are fighting over a toy,73439
22909,4801647530.jpg,A woman in a white and green blouse and brown pants pushes a large cart full of plants.,114545
22909,4801647530.jpg,A woman is wheeling a cart down a road as motorcycles go by in both directions.,114546
22909,4801647530.jpg,A woman wearing sandals is pushing a cart with vegetables.,114547
22909,4801647530.jpg,A woman is pushing a cart full of food down the street.,114548
22909,4801647530.jpg,A woman pushing a cart of fruit.,114549
647,122301379.jpg,Two men wearing khaki pants are looking at a tree that has just been felled by a saw.,3235
647,122301379.jpg,Two men are in the woods cutting down trees with a chainsaw.,3236
647,122301379.jpg,Two men with a chainsaw fell trees in a leafless forest.,3237
647,122301379.jpg,Two men in the woods using a chainsaw to cut some trees.,3238
647,122301379.jpg,Two men are standing in a forest with trees cut down.,3239
24525,4931370200.jpg,A person riding a horse trying to rope a calf that is running from them.,122625
24525,4931370200.jpg,A man in a cowboy hat on a horse swinging a rope to catch a bull.,122626
24525,4931370200.jpg,A man is riding a horse and trying to lasso a cow.,122627
24525,4931370200.jpg,A man on a horse swings a lasso.,122628
24525,4931370200.jpg,A man on a horse with a lasso.,122629
19553,4484418942.jpg,"A young woman dressed up semi-formally is reading book and drinking in the sun, seated on a bench.",97765
19553,4484418942.jpg,A woman reading and having a drink sitting on a bench.,97766
19553,4484418942.jpg,A woman reading a book on a bench in a park.,97767
19553,4484418942.jpg,A young woman reads a book on a park bench.,97768
19553,4484418942.jpg,A woman sits down on a bench reading.,97769
4928,233581449.jpg,An older woman wearing a blue shirt and white skirt is squatting down with two black cats and a multicolored cat in front of her.,24640
4928,233581449.jpg,A loving woman kneeling down near 3 cats while tending to and feeding an injured cat.,24641
4928,233581449.jpg,A white-haired woman wearing a blue shirt is squatting with three cats near her.,24642
4928,233581449.jpg,Older lady feeding and nurturing her cats in the summer time.,24643
4928,233581449.jpg,A woman playing with her cats while taking pictures.,24644
23512,4846570953.jpg,People walk through a narrow paved walkway along side shops.,117560
23512,4846570953.jpg,People are browsing through items in an open aired market.,117561
23512,4846570953.jpg,Young girl looks at postcards in alleyway full of shops.,117562
23512,4846570953.jpg,A young girl looks at things in an archway.,117563
23512,4846570953.jpg,A child looking at postcards in a market.,117564
2013,1594038143.jpg,A man in a pink shirt is showing a magic trick to a boy in a blue shirt.,10065
2013,1594038143.jpg,A young boy in a blue jacket pulls something black out of a fabric bag.,10066
2013,1594038143.jpg,A small boy wearing a blue shirt pulling an item from a magicians hat.,10067
2013,1594038143.jpg,A smiling boy pulling something from a magician's bag.,10068
2013,1594038143.jpg,A smiling boy pulls an orange object from a hat.,10069
8839,2839932205.jpg,A girl on the very top of a large rock wall climbing.,44195
8839,2839932205.jpg,A person is climbing to the top of a rock cliff.,44196
8839,2839932205.jpg,A blond person climbs a sheer rock cliff face.,44197
8839,2839932205.jpg,A person climbs a rock face.,44198
8839,2839932205.jpg,A girl climbing a rock face.,44199
1197,1365896144.jpg,A woman in a blue blouse leans over a pool table with her cue in hand and an eight ball on the table.,5985
1197,1365896144.jpg,A woman in blue and purple clothing playing pool.,5986
1197,1365896144.jpg,A girl playing pool at a pool hall.,5987
1197,1365896144.jpg,A girl in a silk shirt plays pool,5988
1197,1365896144.jpg,A young woman is playing pool.,5989
4619,229862312.jpg,A brown puppy is laying on its back in the grass.,23095
4619,229862312.jpg,A golden dog is laying on its back in the grass.,23096
4619,229862312.jpg,A dog lays down in the long green grass.,23097
4619,229862312.jpg,A dog rolling in the grass.,23098
4619,229862312.jpg,A dog rolls in the grass.,23099
5976,2466712155.jpg,A young man and girl at a playground standing on a rope between two wooden poles.,29880
5976,2466712155.jpg,Two children climb on chains strung between two wooden poles.,29881
5976,2466712155.jpg,A boy and girl are playing on chains hooked to wooden posts.,29882
5976,2466712155.jpg,The two young adults are playing on the chain play set.,29883
5976,2466712155.jpg,The two young are playing in the chain.,29884
3372,2102835360.jpg,"A group of Asian people, all wearing pink shirts, are walking and waving while carrying flags.",16860
3372,2102835360.jpg,"A large group, wearing pink shirts, waves to onlookers.",16861
3372,2102835360.jpg,A group of people in pink shirts waving in a parade.,16862
3372,2102835360.jpg,People in pink shirts walking in a parade.,16863
3372,2102835360.jpg,A parade of people in pink marches on.,16864
15874,3700554247.jpg,An egret stretches his neck to eat things out of the still water.,79370
15874,3700554247.jpg,The white crane is searching for food in a pond.,79371
15874,3700554247.jpg,The white bird stands in water near tall reeds.,79372
15874,3700554247.jpg,A bird with a long orange bill drinks water.,79373
15874,3700554247.jpg,A white crane looks for food in the water.,79374
22259,4746185365.jpg,"Two women, one in a black and gold dress and one in a black and red outfit, dance with their backs turned and their left hands upraised.",111295
22259,4746185365.jpg,Two Indian style dancing ladies with their backs to the camera are in a synchronized pose.,111296
22259,4746185365.jpg,Two ladies with their backs turned are belly dancing.,111297
22259,4746185365.jpg,Two ladies dance in their traditional garb.,111298
22259,4746185365.jpg,Two women dancing together.,111299
8097,2741051940.jpg,A small dog is playing with a plastic bag on the sidewalk.,40485
8097,2741051940.jpg,A chubby puppy dog with its tail cutoff plays with a bag.,40486
8097,2741051940.jpg,A white dog is playing with a plastic bag.,40487
8097,2741051940.jpg,Small puppy stands on top of plastic bag.,40488
8097,2741051940.jpg,A dog wrestles with a plastic bag.,40489
17814,411008311.jpg,A group of people in formal attire are in the background and a man in a white shirt with khaki pants jumps from the dirt road to the green grass.,89070
17814,411008311.jpg,Someone is getting some serious air while the more formally dressed group gathers in the background.,89071
17814,411008311.jpg,A guy is jumping in the air while a group of people stand around and ignore him.,89072
17814,411008311.jpg,Man started jumping because the sprinklers were about to go off.,89073
17814,411008311.jpg,Man jumping over a small stone wall in front of a group of people,89074
24822,4951566705.jpg,"Crowded street scene with people carrying parasols, tall buildings with Korean signage, and strings of overhead flags flapping in the breeze.",124110
24822,4951566705.jpg,"Groups of people are walking down a narrow street, a woman wearing a black shirt is carrying a white umbrella.",124111
24822,4951566705.jpg,Several people walk through a crowded Asian city.,124112
24822,4951566705.jpg,A crowd of people in an Asian country.,124113
24822,4951566705.jpg,People walking down an active street.,124114
1119,1351635108.jpg,A man wearing shorts is preparing to hit a golf ball with his golf club.,5595
1119,1351635108.jpg,A golfer prepares to take a shot on golf course surrounded by trees.,5596
1119,1351635108.jpg,A man wearing a t-shirt and shorts is playing golf.,5597
1119,1351635108.jpg,A man playing a round of golf at the golf course.,5598
1119,1351635108.jpg,A white man in a blue shirt playing golf.,5599
8625,2811001948.jpg,A man with a blue helmet sitting on his motorcycle riding on the road.,43125
8625,2811001948.jpg,A man in a red shirt and blue hat travels the road on a motorcycle.,43126
8625,2811001948.jpg,A man with a blue helmet is on a motorcycle on a blue skied day.,43127
8625,2811001948.jpg,A man in a blue helmet is riding his motorcycle.,43128
8625,2811001948.jpg,A man wearing a blue helmet is on a motorcycle.,43129
8127,2745441424.jpg,The woman in the swimming suit is holding up two young girls in swimming suits,40635
8127,2745441424.jpg,A woman in a swimming suit holds her two young daughters.,40636
8127,2745441424.jpg,A woman in a bathing suit poses with two little girls.,40637
8127,2745441424.jpg,A woman and two little girls wearing swimsuits.,40638
8127,2745441424.jpg,An african american woman with 2 young girls.,40639
25026,4970346179.jpg,"A woman is bending over a colorfully striped, metal couch on a sidewalk that has a bucket sitting atop it.",125130
25026,4970346179.jpg,A woman in black leans over a multicolored bench while looking into a red bucket.,125131
25026,4970346179.jpg,A woman wearing all black paints a bench in rainbow stripes.,125132
25026,4970346179.jpg,A woman dressed in black cleaning a seat on the sidewalk.,125133
25026,4970346179.jpg,A woman is doing something with a multicolored bench.,125134
15563,3662061499.jpg,A young girl dressed in shorts and t-shirt standing in a small tree lined creek holding hiking canes with a big smile and big straw hat.,77815
15563,3662061499.jpg,"A girl, wearing jeans, a green shirt and a white cowboy hat, is standing on a rock in the middle of a river with two walking sticks.",77816
15563,3662061499.jpg,A girl with a large sunhat and a bright green shirt is using two poles to walk across a shallow creek in a green forest.,77817
15563,3662061499.jpg,A young girl holding two hiking poles is standing on a rock in a creek.,77818
15563,3662061499.jpg,"A girl standing in a shallow creek, wearing stilts.",77819
2604,1877141031.jpg,An older man in a blue shirt looks up from sifting gravel in a screen.,13020
2604,1877141031.jpg,A man in blue shirt winnowing gravel for construction purposes.,13021
2604,1877141031.jpg,A man pans rocks in a button-down shirt and long shorts.,13022
2604,1877141031.jpg,A man in a black cap and blue shirt is looking for gold.,13023
2604,1877141031.jpg,A man with a black hat and blue shirt on a beach.,13024
8762,2832076014.jpg,"An automobile is submerged in water, almost to the door handles.",43810
8762,2832076014.jpg,A Land Rover makes its way through a deep pond.,43811
8762,2832076014.jpg,A land rover is being driven across a river.,43812
8762,2832076014.jpg,A car sinking in water.,43813
8762,2832076014.jpg,A car is in the water,43814
2838,197976461.jpg,A blond-hair lady is wearing a black and white top and a black skirt.,14190
2838,197976461.jpg,A woman in a blouse and skirt enjoys dancing with a male friend.,14191
2838,197976461.jpg,A flustered woman in a white sweater is teased by her husband.,14192
2838,197976461.jpg,A man in a woman within a house happily socializing.,14193
2838,197976461.jpg,Lady in black skirt is getting excited.,14194
20725,4618355872.jpg,A young woman is happy that she sees a bloom in the plant and is going to take a photo of it.,103625
20725,4618355872.jpg,A white woman wearing glasses and a bicycle helmet takes a photo of a green plant.,103626
20725,4618355872.jpg,A woman with a helmet and glasses takes a closeup photo of a piece of vegetation.,103627
20725,4618355872.jpg,A lady wearing a bicycle helmet taking a closeup picture of some green plant.,103628
20725,4618355872.jpg,A girl wearing a bike helmet and glasses takes a picture of some plants.,103629
7971,272283076.jpg,The man with the two small bandages on his middle finger is climbing a rock.,39855
7971,272283076.jpg,A man with a bandage on his finger is rock climbing as others watch.,39856
7971,272283076.jpg,A man looks up at the camera as he climbs a rock and others look on.,39857
7971,272283076.jpg,A man in a white shirt is climbing a wall while another man watches,39858
7971,272283076.jpg,A man scales a steep rock face as people look on from below.,39859
21874,4716793596.jpg,"Five young men, some with skateboards, are looking at a large bust-style statue of an elderly man.",109370
21874,4716793596.jpg,Five boys which two of them have a skateboard hanging out in front of statue.,109371
21874,4716793596.jpg,Two kids on skateboards and three men standing around a statue of a head.,109372
21874,4716793596.jpg,"A group of five guys, two on skateboards looking at a statue.",109373
21874,4716793596.jpg,Young boys stop skateboarding to look at statue and talk.,109374
27750,628483212.jpg,"Two women relax at home on a futon-style couch amidst pillows and a pile of clothing, with an array of photographs on the wall behind them.",138750
27750,628483212.jpg,Two women sitting on a black sofa with clothes and a purse in between them.,138751
27750,628483212.jpg,Two girls sit on a couch in the bright sun and smile.,138752
27750,628483212.jpg,Two teen girl hanging out on the futon.,138753
27750,628483212.jpg,Two teen girls relax on a black futon.,138754
28053,649596742.jpg,A large black and white dog is licking a smaller white and black dog who is growling.,140265
28053,649596742.jpg,A dog sits back on his hind legs and another dog stoops down.,140266
28053,649596742.jpg,Two black and white dogs are playing together outside.,140267
28053,649596742.jpg,A smaller puppy playfully nips at a larger dog.,140268
28053,649596742.jpg,A big dog sniffs a little dog.,140269
21866,4716376540.jpg,Somebody wearing a crash helmet performing a wheelie on a black and white motorbike.,109330
21866,4716376540.jpg,A woman is pulling a motorcycle up onto one wheel performing a trick.,109331
21866,4716376540.jpg,Motorcycle rider riding a wheelie while sticking legs out.,109332
21866,4716376540.jpg,The woman is pulling a wheelie on her motorcycle.,109333
21866,4716376540.jpg,Woman on a motorcycle doing a wheelie.,109334
24872,4956035465.jpg,Two older women in bathing suits are intrigued by a man walking down the stairs with a white parachute over his head.,124360
24872,4956035465.jpg,Two women in bathing suits watching people on the steps with a huge white bubble.,124361
24872,4956035465.jpg,Two women in swimsuits by a bench are staring up at a giant white balloon.,124362
24872,4956035465.jpg,Old people sitting on a bench staring at a odd shaped balloon.,124363
24872,4956035465.jpg,A man is coming down the stairs with a huge white balloon.,124364
12587,3309352883.jpg,A group of people having a peaceful protest in a government building in the State of Utah.,62935
12587,3309352883.jpg,Protesters gathered in government building protesting air quality in Utah.,62936
12587,3309352883.jpg,Lots of people on a stairway in an old fancy building for an event.,62937
12587,3309352883.jpg,People meeting in a Utah building with nice artwork.,62938
12587,3309352883.jpg,People are doing rally in the building.,62939
8963,2857609295.jpg,A small brown and white dog catching a Frisbee at a competition.,44815
8963,2857609295.jpg,A dog catching a Frisbee with onlookers in the background.,44816
8963,2857609295.jpg,Dog catching a Frisbee on a field in front of an audience.,44817
8963,2857609295.jpg,A Jack Russel terrier catching a Frisbee in midair.,44818
8963,2857609295.jpg,A dog jumping to catch a Frisbee while people watch,44819
24001,4886594873.jpg,"The Rockettes perform on the street in front of Radio City Music Hall, as well as next to a cop car.",120005
24001,4886594873.jpg,The Rockettes perform in the street in front of Radio City Music Hall in New York City.,120006
24001,4886594873.jpg,A group a young dancers perform together in front of Radio City.,120007
24001,4886594873.jpg,Group of dancers line up in front of Radio City Music Hall.,120008
24001,4886594873.jpg,The Rockettes are performing outside of Radio City.,120009
14803,3566826511.jpg,The dark-haired woman puts her leg up on a padded stool as she helps the other woman put on her necklace.,74015
14803,3566826511.jpg,A woman standing in front of a mirror as her friend fastens her necklace from behind.,74016
14803,3566826511.jpg,Two women standing in front of a mirror while styling hair.,74017
14803,3566826511.jpg,A woman putting a necklace on another woman,74018
14803,3566826511.jpg,A woman fixing another woman's hair.,74019
9738,2954291559.jpg,A man wearing a hard hat is standing next to a flag on top of a metal structure.,48690
9738,2954291559.jpg,A construction workers standing on a beam beside and american flag.,48691
9738,2954291559.jpg,A worker peers out from atop a building under construction.,48692
9738,2954291559.jpg,Construction worker standing atop an unfinished building.,48693
9738,2954291559.jpg,A construction worker is standing on top of a structure.,48694
18439,428911994.jpg,Two people with guitars and one person with a cello play music and sing together in a white tent with a Canadian flag.,92195
18439,428911994.jpg,A band which includes an Upright Bass Player is playing in a tent in front of Canadian flags.,92196
18439,428911994.jpg,A band is performing in front of an audience.,92197
18439,428911994.jpg,A band is performing on stage for people.,92198
18439,428911994.jpg,A band is playing for a crowd.,92199
26314,5454221964.jpg,"A ballet dancer dressed in a white outfit with tights, beige or orange toe shoes, and a pink skirt holds on to a barrier of ornamental metal that decorates a very old stone building, and she adopts a pensive pose as she looks to her left.",131570
26314,5454221964.jpg,A dancer in a pink tutu strikes a pose outside of a building that is covered with graffiti.,131571
26314,5454221964.jpg,A ballerina strikes a pose against an outdoor wall and window.,131572
26314,5454221964.jpg,A ballerina in a pink dress is posing against a stone wall.,131573
26314,5454221964.jpg,A ballerina poses outside.,131574
175,10602072.jpg,Two young girls are playing in the forest; the younger one is climbing a short tree and is about 2 feet off the ground.,875
175,10602072.jpg,A little girl in a red shirt and jeans climbs a small tree while another little girl looks on.,876
175,10602072.jpg,"Two young girl are playing near a small tree, and one has climbed up into the branches.",877
175,10602072.jpg,"One child is climbing in a tree while another, older child, watches.",878
175,10602072.jpg,A young girl watched as a girl younger than her climb a tree.,879
5292,2385673753.jpg,A person with black hair and a blue uniform is standing on the sidewalk.,26460
5292,2385673753.jpg,A man cleans a strange device in the middle of a busy urban setting.,26461
5292,2385673753.jpg,A black man with long braids standing in front of a street booth.,26462
5292,2385673753.jpg,A man hosing out the inside of a kiosk.,26463
5292,2385673753.jpg,A man is waiting to go in the booth.,26464
1265,1387785218.jpg,A little kid in blue shoes is pushing a toy baby in a stroller.,6325
1265,1387785218.jpg,A small child pushes a stroller down the street.,6326
1265,1387785218.jpg,A young child carrying a doll in a stroller,6327
1265,1387785218.jpg,A child pushes a doll in a baby carriage.,6328
1265,1387785218.jpg,A little girl pushing a baby doll stroller,6329
13461,3413019648.jpg,A person in a green canoe paddles down rapids carrying oars and wearing an orange and black top.,67305
13461,3413019648.jpg,A man in a green kayak paddles down some rapids in front of a waterfall,67306
13461,3413019648.jpg,A man kayaking through rapids in a river,67307
13461,3413019648.jpg,A kayaker fights the rapids.,67308
13461,3413019648.jpg,A man kayaking down rapids.,67309
14306,3510622771.jpg,"Two men, one wearing a hat and one wearing a sweater, play with Legos with two young boys in blue shirts.",71530
14306,3510622771.jpg,"A grandfather, father, and two sons are putting Lego pieces together at the kitchen table.",71531
14306,3510622771.jpg,Two men and two toddlers play with toys on their kitchen counter.,71532
14306,3510622771.jpg,"Grandfather, Father and two sons are putting together a puzzle.",71533
14306,3510622771.jpg,Two men are making a snack with their children,71534
5612,2423886164.jpg,A woman wearing a green sweater and black leggings covered by a short black skirt walks on sidewalk while snowfalls around her.,28060
5612,2423886164.jpg,A young woman in short leggings and a thin green sweater is walking outside in a snowstorm.,28061
5612,2423886164.jpg,A girl is walking outside in the snow wearing capri length pants and a green top.,28062
5612,2423886164.jpg,A girl in a green sweater is walking in a snow flurry.,28063
5612,2423886164.jpg,The lady is walking to class in the snow.,28064
3907,2199932695.jpg,A small child wearing the colors of the American flag is shoveling snow from the front steps.,19535
3907,2199932695.jpg,A child in a USA jacket shovels snow off the stairs in front of a house.,19536
3907,2199932695.jpg,A child wearing a jacket that says USA is shoveling snow.,19537
3907,2199932695.jpg,A young boy wearing a USA jacket shovels snow.,19538
3907,2199932695.jpg,A little boy plays with the snow on the steps.,19539
17952,4151679198.jpg,A group of women wearing rolling skates and knee pads stand around in a huddle.,89760
17952,4151679198.jpg,A group of women dressed for roller derby are standing and sitting in a group.,89761
17952,4151679198.jpg,Female rollerskaters are taking a break and having a conversation.,89762
17952,4151679198.jpg,Several girls are having a discussion after rollerskating.,89763
17952,4151679198.jpg,Girls in knee pads and rollerskates stand together.,89764
3093,2065875490.jpg,A person is walking on a sidewalk and a skeleton is on the left inside of a fence.,15465
3093,2065875490.jpg,A woman walks down a sidewalk past a Halloween decoration.,15466
3093,2065875490.jpg,A skeleton sits on a fence on the edge of a road.,15467
3093,2065875490.jpg,There is a large skeleton behind a fence.,15468
3093,2065875490.jpg,A skeleton sits on the bushes.,15469
8422,278002947.jpg,A boy with a Mohawk is wearing a navy blue sweatshirt in a crowd of people.,42110
8422,278002947.jpg,A man with a Mohawk hairstyle wears a backpack at a college campus.,42111
8422,278002947.jpg,A man with a Mohawk stands in a group of people.,42112
8422,278002947.jpg,A man with a Mohawk walking on campus.,42113
8422,278002947.jpg,The man has a Mohawk.,42114
3590,2141713971.jpg,"A woman and a younger girl, both wearing blue jackets and knit caps, slide down a hill on a snow sled, a dog running at their side.",17950
3590,2141713971.jpg,A woman and girl riding downhill on a sled with a dog running along side them,17951
3590,2141713971.jpg,A woman and a young girl riding a sled down a snowy hill while standing.,17952
3590,2141713971.jpg,A woman and a girl ride a sled down a hill standing up.,17953
3590,2141713971.jpg,Two people on a sled riding down a snowy hill.,17954
3516,2126242287.jpg,"A smiling young man with glasses and wearing a t-shirt sits at a table eating what appears to be a salad, with a red bowl of salad, a drink, and other food nearby.",17580
3516,2126242287.jpg,A young man is enjoying a salad for dinner in his home.,17581
3516,2126242287.jpg,Ugly looking man eating allot of bread and a salad.,17582
3516,2126242287.jpg,A man in a white shirt eating vegetables.,17583
3516,2126242287.jpg,Young man sitting down eating salad.,17584
711,1243798805.jpg,"A street performer strumming on his guitar, waiting for people to toss him tips.",3555
711,1243798805.jpg,A man in a brown shirt and black pants is sitting on the sidewalk with a guitar.,3556
711,1243798805.jpg,A man with a beard and white bandannas is playing the guitar on the sidewalk.,3557
711,1243798805.jpg,A man in a brown shirt is sitting on the sidewalk and playing a guitar.,3558
711,1243798805.jpg,A young man sitting by a dumpster on a sidewalk playing the guitar.,3559
6373,252151991.jpg,Motorcycle riders enjoy a sunny day on the road.,31865
6373,252151991.jpg,A street which is lined with many motorcycles.,31866
6373,252151991.jpg,A group of motorcyclists on a sunny day.,31867
6373,252151991.jpg,A motorcycle gang on display.,31868
6373,252151991.jpg,Bikers stopped on a road.,31869
26311,5453323381.jpg,Three men and a child all on a carnival ride in an orange seat.,131555
26311,5453323381.jpg,Four people sitting on a orange ride in a carnival or fair.,131556
26311,5453323381.jpg,Three men and a boy ride an orange roller coaster.,131557
26311,5453323381.jpg,Four people sitting by each other on a theme ride.,131558
26311,5453323381.jpg,Four people are enjoying an amusement ride.,131559
8093,273945661.jpg,An older woman walks between a covered marketplace and a row of large columns.,40465
8093,273945661.jpg,"An old lady, carrying a bag, walking through a market area.",40466
8093,273945661.jpg,An older woman is walking down an alley carrying a black bag.,40467
8093,273945661.jpg,A woman with a cane carrying a bag walks along the sidewalk.,40468
8093,273945661.jpg,An elderly woman walks with a cane and a shopping bag.,40469
3702,2165677531.jpg,A blue rally car pulls away from the spectators watching from the side of the track.,18510
3702,2165677531.jpg,A car is being driven on a trail while people on both sides of the road look on.,18511
3702,2165677531.jpg,A racing car goes through a dirt course while fans watch.,18512
3702,2165677531.jpg,Blue race car riding on dirt path with onlookers.,18513
3702,2165677531.jpg,A race car zooms while onlookers watch.,18514
7596,2673148534.jpg,"A dog runs past an empty chair and a tripod, between stretched strings, marking a path through a grassy field.",37980
7596,2673148534.jpg,A dog with all fours up in the air above the clover-filled grass.,37981
7596,2673148534.jpg,A brown dog is running along a grassy stretch divided by strings.,37982
7596,2673148534.jpg,A black dog runs paralell to a wire fence in a grassy medow.,37983
7596,2673148534.jpg,The gray dog is running on a green field.,37984
872,12904363.jpg,Two swimmers race in a pool with a red line between them.,4360
872,12904363.jpg,Two people are swimming in water next to a red buoy.,4361
872,12904363.jpg,Two swimmers competing in swim competition.,4362
872,12904363.jpg,Two people are swimming in a pool.,4363
872,12904363.jpg,They swim laps across the pool.,4364
18253,4236435111.jpg,"A woman in white pants and floral top, a woman in dress with a brown jacket and another woman in a purple dress all hurry somewhere as the wind blows.",91265
18253,4236435111.jpg,"A woman in a blue-print blouse leaves a parking lot, followed by another woman.",91266
18253,4236435111.jpg,"Three women dressed up, smiling and walking in the wind.",91267
18253,4236435111.jpg,Three women are walking across a gravel surface.,91268
18253,4236435111.jpg,Three dressed up women walking on a gravel road.,91269
23473,4841930476.jpg,A view of people on a street during the day with surrounding buildings.,117365
23473,4841930476.jpg,People walking on the sidewalk in a downtown area during the day.,117366
23473,4841930476.jpg,Two woman wearing dresses are standing on a street in the sun.,117367
23473,4841930476.jpg,Two girls wearing dresses are standing on a bricked sidewalk.,117368
23473,4841930476.jpg,Several women standing on a sidewalk.,117369
16262,3751894413.jpg,A woman in a blue shirt is carrying a little girl in a red an white dress outside a tent.,81310
16262,3751894413.jpg,An older woman wearing blue and a rag on her head holding a young child.,81311
16262,3751894413.jpg,A mother in blue holds her child outside of a white tent.,81312
16262,3751894413.jpg,A lady in blue holding a child looking happy.,81313
16262,3751894413.jpg,An African woman holding a child in a field.,81314
15893,3703960010.jpg,A man and a woman sit back to back on a bench in front of a building with a colorful painted door.,79465
15893,3703960010.jpg,Two people are sitting on a bench outside of a decorative building.,79466
15893,3703960010.jpg,A man and a woman sit back-to-back on a bench outside a storefront.,79467
15893,3703960010.jpg,A man and woman sitting back-to-back outside a building.,79468
15893,3703960010.jpg,A man and woman sitting back to back outside in the sun.,79469
10838,309547276.jpg,"Before a blue background, a balding, white-haired bearded man with eyeglasses stands near a long-haired woman wearing a brown jacket and black top.",54190
10838,309547276.jpg,"A man wearing a white sweater, has gray hair and beard and wears glasses stands next to a smiling woman wearing a brown jacket.",54191
10838,309547276.jpg,A man with a gray beard is standing next to a woman in a brown jacket.,54192
10838,309547276.jpg,An old man staring into the camera while a lady laughs.,54193
10838,309547276.jpg,An older man stands next to a woman who is laughing.,54194
18765,4360012431.jpg,Two boys wearing colorful winter hats and dark coats are riding bikes and smiling at each other.,93825
18765,4360012431.jpg,Child and adult wearing winter attire riding bicycles down the street.,93826
18765,4360012431.jpg,Two people with winter hats riding bikes on a sidewalk.,93827
18765,4360012431.jpg,Two people riding bikes smile at each other.,93828
18765,4360012431.jpg,A man and a boy riding their bikes together.,93829
22497,4763276529.jpg,There is a woman looking at a duck on the sidewalk.,112485
22497,4763276529.jpg,Woman near a shopping cart walking past a duck.,112486
22497,4763276529.jpg,A woman looks at a duck as she walks behind it.,112487
22497,4763276529.jpg,A woman is standing by a duck in a parking lot.,112488
22497,4763276529.jpg,"Woman, and duck, outside grocery store.",112489
13294,3389995545.jpg,"Soccer players are playing a night game and the ball is in the air, while the two teams fight for it.",66470
13294,3389995545.jpg,Two men's soccer teams compete for a ball under the lights at a night game.,66471
13294,3389995545.jpg,A bunch of soccer players jumping to hit the ball.,66472
13294,3389995545.jpg,Two competing soccer teams are competing.,66473
13294,3389995545.jpg,Two teams competing in a soccer game.,66474
7427,2651080346.jpg,A sculptor of a topless woman reaching upwards is attached to a flat wall of a building with a row of barred doors at the ground level.,37135
7427,2651080346.jpg,A black and white angel figure is painted onto the brown wall of a building with many black doors.,37136
7427,2651080346.jpg,A statue of a gesturing woman is attached to gray stone wall with a row of windows at the bottom.,37137
7427,2651080346.jpg,A statue of an angel mounted to the side of a building.,37138
7427,2651080346.jpg,There is a statue on the side of a building.,37139
24005,4886839805.jpg,Two athletic-looking young men with wet hair and wearing swimming trunks appear to pause after a swimming event.,120025
24005,4886839805.jpg,Two boys are standing in their blue swimming trunks.,120026
24005,4886839805.jpg,2 wet boys in blue swimming suits,120027
24005,4886839805.jpg,Two young men at a swimming event,120028
24005,4886839805.jpg,Two young men in swimsuits.,120029
26662,5656207480.jpg,"A child, sitting at a table with crayons and art supplies, draws a picture with a baby in the background.",133310
26662,5656207480.jpg,"A baby sits on the floor as an older child has a box of crayons, markers and color pencils open.",133311
26662,5656207480.jpg,A BIG BOX of coloring supplies in front of a little girl wearing bunny ears.,133312
26662,5656207480.jpg,Young girl with pink rabbit ears plays with crayons at a table.,133313
26662,5656207480.jpg,A little girl is drawing at a table near a baby.,133314
7345,264009676.jpg,Two men in the grocery store looking at orange juice and speaking to each other.,36725
7345,264009676.jpg,A few people are observing the orange juice section at the grocery store.,36726
7345,264009676.jpg,Three people standing in the refrigerated juice aisle of a store.,36727
7345,264009676.jpg,Two men looking at a stack of various orange juice jugs.,36728
7345,264009676.jpg,Two men are shopping for orange juice.,36729
25551,512550372.jpg,"A man wearing an orange cap, white shirt, cargo pants, and hiking boots stands on a rock.",127755
25551,512550372.jpg,A man wearing an orange cap and brown cargo pants stands on a rock by some green trees.,127756
25551,512550372.jpg,"A man in brown pants, white shirt and orange hat stands on a rock near a wooded area.",127757
25551,512550372.jpg,A man in an orange cap standing on top of a pointy rock.,127758
25551,512550372.jpg,A man is standing on the top of a rock.,127759
28268,6727599793.jpg,A surfer rides on his stomach on a surfboard in green water.,141340
28268,6727599793.jpg,A surfer is paddling on a board through the ocean.,141341
28268,6727599793.jpg,A man in a wetsuit body boarding a small wave,141342
28268,6727599793.jpg,A man is riding a wakeboard in the ocean.,141343
28268,6727599793.jpg,A body boarder rides the frothy surf.,141344
15184,3613175012.jpg,"A group of four people prance away from the camera, one pushing a shopping cart and another leaping along side.",75920
15184,3613175012.jpg,"A group of young people walk down a residential street, one pushing a grocery cart.",75921
15184,3613175012.jpg,Four people walking down the street and one is trying to jump in a shopping cart.,75922
15184,3613175012.jpg,"Four young people walk down a sunny street, one pushing a shopping cart",75923
15184,3613175012.jpg,"A group of bohemians stroll down the street, one with a shopping cart.",75924
14897,3578914491.jpg,"Two dogs, one tan and one black, play tug-of-war on the grass near the pond.",74485
14897,3578914491.jpg,"Two dogs fight over a stick on a grassy field, a lake in the background.",74486
14897,3578914491.jpg,Two dogs doing a tug-of-war on a black object,74487
14897,3578914491.jpg,Two dogs meeting near the water's edge,74488
14897,3578914491.jpg,Two dogs are fighting over something.,74489
17930,4146537100.jpg,A boy in a white t-shirt is cutting the hair of another person.,89650
17930,4146537100.jpg,A man is giving someone a haircut while holding a brush.,89651
17930,4146537100.jpg,A man in a white shirt is clipping another man's hair.,89652
17930,4146537100.jpg,Black man in white shirt shaving another man's head.,89653
17930,4146537100.jpg,A barber shaving someone's head.,89654
766,126227418.jpg,A man in a plaid shirt with a laptop in his lap is sitting next to a table with a microscope and a circuit board on it.,3830
766,126227418.jpg,A man in a plaid shirt connecting his black laptop to his microscope.,3831
766,126227418.jpg,A guy with a laptop connected to a microscope doing some research.,3832
766,126227418.jpg,A guy hooking up his laptop to a microscope.,3833
766,126227418.jpg,A man working on a circuit board,3834
20370,4574110851.jpg,A man in orange and a man in a light blue top are walking down the street towards something.,101850
20370,4574110851.jpg,A man in a blue shirt follows another man carrying a blue and black bag.,101851
20370,4574110851.jpg,"Two men turn the corner, walking with purpose.",101852
20370,4574110851.jpg,Two men walking in summer attire.,101853
20370,4574110851.jpg,Two men walking down the street.,101854
20729,4618885426.jpg,"Two little girls, playing together in the sand.",103645
20729,4618885426.jpg,Two little girls playing with sand on the beach.,103646
20729,4618885426.jpg,Two little girls play in the sand at the beach.,103647
20729,4618885426.jpg,Two young children play on a sandy beach.,103648
20729,4618885426.jpg,Two young children play in the sand.,103649
1818,1518841737.jpg,A young child with brown curly hair and brown eyes sits in a foldaway chair on the sidewalk.,9090
1818,1518841737.jpg,A little boy with black curly hair sitting in a blue chair that is on the sidewalk.,9091
1818,1518841737.jpg,A young boy is sitting in a blue chair.,9092
1818,1518841737.jpg,A young boy smiling next to the ocean.,9093
1818,1518841737.jpg,Young boy sitting in a lawn chair.,9094
30892,957585444.jpg,Four people are looking at something on the wall in a waiting room.,154460
30892,957585444.jpg,Four people in a waiting room looking at a picture on the wall.,154461
30892,957585444.jpg,Four adults look at posters on the wall of a waiting room.,154462
30892,957585444.jpg,The toy in the room is amongst blue chairs.,154463
30892,957585444.jpg,People are looking at a picture.,154464
14629,3548354827.jpg,A group of children sitting in a circle with instructors and a child in the middle showing something.,73145
14629,3548354827.jpg,A woman and a man in sweatshirts instructing many young children indoors,73146
14629,3548354827.jpg,"A man, woman, and young girl give a demonstration for several kids.",73147
14629,3548354827.jpg,A woman and man with a child in the center of a circle of children.,73148
14629,3548354827.jpg,Asian people talking to kids in a circle in a classroom.,73149
18398,427557693.jpg,Two people walking on the street with lots of bare trees around and snow on the ground.,91990
18398,427557693.jpg,Two distant boys walking down snowy street in urban area.,91991
18398,427557693.jpg,Two adults walking in the street in a suburban area,91992
18398,427557693.jpg,Two people walking on a street with barren trees.,91993
18398,427557693.jpg,Two people walking across a street.,91994
20379,457625343.jpg,"Young Japanese women window shop in front of a store displaying a sign with an English translation of ""Cash and Wrap,"" and featuring a McDonald's fast food nook.",101895
20379,457625343.jpg,Two Chinese women at the cash and rap store third women counting her money for her purchase.,101896
20379,457625343.jpg,Two women looks over an item at a Chinese convenience store.,101897
20379,457625343.jpg,Two women shop at an Asian convenience store.,101898
20379,457625343.jpg,"Two women standing at ""Cash &amp; Wrap.""",101899
6356,251958970.jpg,"Man with tan cap, suit jacket and plaid shirt behind a picture in an outdoor scene with other people in the background.",31780
6356,251958970.jpg,A man in an old suit holding up a protest sign in a crowd of people.,31781
6356,251958970.jpg,A man holding a sign with people walking around in the background.,31782
6356,251958970.jpg,A man stands by an animal rights sign at an outdoor event.,31783
6356,251958970.jpg,A man stands near a crowd holding a protest sign.,31784
3303,2095444126.jpg,A dog shakes off water and gets contorted.,16515
3303,2095444126.jpg,The dog is shaking water off of his body.,16516
3303,2095444126.jpg,A dog is shaking off water.,16517
3303,2095444126.jpg,A dog shakes his head.,16518
3303,2095444126.jpg,A dog shakes off water,16519
23263,4825458628.jpg,A man is about to take his blue bag out from a basket in the laundromat.,116315
23263,4825458628.jpg,A guy in a laundromat getting his things together.,116316
23263,4825458628.jpg,Guy wearing shorts and flip flaps in laundry mat.,116317
23263,4825458628.jpg,A guy in khakis and sandals is at a laundry mat.,116318
23263,4825458628.jpg,A man staring while at a Laundromat.,116319
28148,6596861005.jpg,A woman in a red shirt looks at a map while with a view of a river and several boats in the background.,140740
28148,6596861005.jpg,Female visitor reading map describing the waterway standing before her.,140741
28148,6596861005.jpg,A woman is casting a shadow on the map that she is looking at.,140742
28148,6596861005.jpg,A woman in a red shirt is looking at a map outdoors.,140743
28148,6596861005.jpg,A lady in red glances at her map.,140744
16807,3867054856.jpg,A man with no shirt and purple pants crouches while tampering with a metallic object.,84035
16807,3867054856.jpg,"A shirtless, skinny older man, welding a pot with a handheld welding tool.",84036
16807,3867054856.jpg,Male working on a tea pot sitting on the floor of his garage.,84037
16807,3867054856.jpg,A shirtless man in blue pants repairs a steel tea pot.,84038
16807,3867054856.jpg,A man is doing something to a teapot.,84039
12808,3335547029.jpg,A woman wearing a black and blue striped suit is surfing on a wave.,64040
12808,3335547029.jpg,"A woman, in a blue and black wetsuit, is water boarding.",64041
12808,3335547029.jpg,A woman surfer on a white surfboard riding a large wave,64042
12808,3335547029.jpg,A girl in a black and blue wetsuit is surfing.,64043
12808,3335547029.jpg,A young woman is waterskiing,64044
701,123997871.jpg,The woman lacrosse player in blue is about to catch the ball.,3505
701,123997871.jpg,These girls are in uniforms and are playing field hockey.,3506
701,123997871.jpg,Several female lacrosse players are going after a ball.,3507
701,123997871.jpg,Girls wearing sports uniforms and eye protection.,3508
701,123997871.jpg,Women play lacrosse.,3509
18202,4220683018.jpg,A man is sitting in a brown chair with a woman sitting on his lap smiling for the camera.,91010
18202,4220683018.jpg,A woman is sitting in a man's lap in a brown armchair.,91011
18202,4220683018.jpg,A smiling woman sitting on a smiling man's lap.,91012
18202,4220683018.jpg,A woman is sitting on a man's lap in a chair.,91013
18202,4220683018.jpg,A couple are sitting in a brown chair.,91014
4169,2234681386.jpg,Man rides a bicycle in a nearly empty courtyard in front of a large building.,20845
4169,2234681386.jpg,A very elegant building with bikers in the courtyard,20846
4169,2234681386.jpg,Bike riders pass an ornate building with a clock.,20847
4169,2234681386.jpg,A man on a bicycle is riding through a courtyard.,20848
4169,2234681386.jpg,A man on a bicycle rides past a big building.,20849
21396,4680280693.jpg,"A man wearing a black ball-cap is loading large beanbag chairs atop his small, compact, white car.",106980
21396,4680280693.jpg,"The man only needed to make one trip, so he loaded his car with very large air bags.",106981
21396,4680280693.jpg,Many large filled bags are stacked on top of a white car.,106982
21396,4680280693.jpg,Four large bags are tied onto a white car.,106983
21396,4680280693.jpg,A car with large full bags on its top.,106984
12820,3336374196.jpg,"A man wearing a red shirt, hat and brown pants is on a skateboard going down a ramp.",64100
12820,3336374196.jpg,A skateboarder jumps over a highway guard rail.,64101
12820,3336374196.jpg,A skateboarder is performing a jump on a slope.,64102
12820,3336374196.jpg,A boy is doing a skateboard trick outdoors.,64103
12820,3336374196.jpg,Skateboarder jumping over a fence.,64104
10126,300922408.jpg,"A black man and a large, golden dog are on the beach.",50630
10126,300922408.jpg,A man kneels in the wet sand at a beach near a dog.,50631
10126,300922408.jpg,A man playing with his brown dog on the beach.,50632
10126,300922408.jpg,A black man and his dog on the beach.,50633
10126,300922408.jpg,Man and dog standing on the beach.,50634
24203,4901396689.jpg,"A shirtless, blue-eyed, short-haired boy is wet from the shallow pool, where two other people are standing in the water.",121015
24203,4901396689.jpg,A young shirtless boy in front of a pool while a woman in religious wear stands behind him.,121016
24203,4901396689.jpg,A group of children playing in the shallow water.,121017
24203,4901396689.jpg,Young boys stares deeply into the camera.,121018
24203,4901396689.jpg,The image links are broken.,121019
13027,335824468.jpg,"A young woman reading the ""boy scout handbook"" in a cafeteria.",65135
13027,335824468.jpg,A woman reading a book titled the boy scout hand book.,65136
13027,335824468.jpg,A Caucasian woman reading a Boy Scout Handbook.,65137
13027,335824468.jpg,A woman is looking at a boy scout handbook.,65138
13027,335824468.jpg,A blond girl reads the Boy Scout Handbook.,65139
10785,3091683349.jpg,A young blond boy helps by scrubbing out the sink.,53925
10785,3091683349.jpg,A little boy holds a scrub brush over a sink.,53926
10785,3091683349.jpg,A small child is holding a brush at a sink.,53927
10785,3091683349.jpg,A young boy holding a brush over the sink.,53928
10785,3091683349.jpg,A small boy washes the dishes.,53929
686,123628218.jpg,"Three people, one with a black shirt, one with a navy blue jacket, and one with a red t-shirt, working in an office with a large messy bookshelf.",3430
686,123628218.jpg,A group of three individuals are working in a cluttered office setting.,3431
686,123628218.jpg,Three people are working on computers in a crowded office.,3432
686,123628218.jpg,Three people working together in a compact space.,3433
686,123628218.jpg,People working on their computers and papers.,3434
30651,86120813.jpg,"A man in overalls, a hat, and gloves holds on to the handlebars of a large machine.",153255
30651,86120813.jpg,A conductor in overalls and a blue hat stands outside a car of a locomotive.,153256
30651,86120813.jpg,A train conductor in coveralls is standing in the door of the trail.,153257
30651,86120813.jpg,A white man wearing jeans standing between cars of a train.,153258
30651,86120813.jpg,A man wearing overalls is standing on a train.,153259
24026,4888149239.jpg,"A woman wearing a blue shirt, jeans and red converse sneakers takes a photograph.",120130
24026,4888149239.jpg,"A young woman wearing a blue shirt, jeans and red sneakers taking a picture.",120131
24026,4888149239.jpg,A woman in a blue shirt and jeans is taking a photo.,120132
24026,4888149239.jpg,A girl in a blue shirt takes a photo.,120133
24026,4888149239.jpg,A woman taking a picture.,120134
14427,3524817073.jpg,A man is standing beside two other men while reading a piece of paper.,72135
14427,3524817073.jpg,"People are sitting, standing, and reading newspapers in an alleyway.",72136
14427,3524817073.jpg,People in a shopping center in Asia.,72137
14427,3524817073.jpg,People busy in a narrow passageway.,72138
14427,3524817073.jpg,Men of asian descent in an alleyway.,72139
3564,213583123.jpg,A young man in a yellow safety vest asleep with his head back over a chair.,17820
3564,213583123.jpg,A woman in a green vest leans back with her eyes closed and mouth open.,17821
3564,213583123.jpg,A worker sleeping outside in a chair during the daytime.,17822
3564,213583123.jpg,A woman sleeping while standing up.,17823
3564,213583123.jpg,A young man asleep on the job.,17824
3695,2164018393.jpg,"Several children are playing on a ""Moon Bounce,"" with one child in the foreground and a supervisory adult in the background.",18475
3695,2164018393.jpg,Young children are dressed in brightly colored clothed playing together in a bounce house.,18476
3695,2164018393.jpg,A kid in an orange shirt with black symbols is jumping in a space walk.,18477
3695,2164018393.jpg,Children jump and play in a bouncy house.,18478
3695,2164018393.jpg,Kids jump in a bouncy castle.,18479
10703,3084472444.jpg,Two people wearing orange coveralls are cleaning the street from garbage.,53515
10703,3084472444.jpg,Two men in orange outfits clean up garbage spilled on the street.,53516
10703,3084472444.jpg,Two men in orange attire are cleaning up garbage on the street.,53517
10703,3084472444.jpg,Two people in orange outfits cleaning trash off of a street.,53518
10703,3084472444.jpg,Two men sweeping trash on the side of the street.,53519
6945,2587017287.jpg,A wet golden retriever is walking through a lake,34725
6945,2587017287.jpg,A soaking wet dog walks across a stream.,34726
6945,2587017287.jpg,A brown dog walks through natural water.,34727
6945,2587017287.jpg,A big tan wet dog in shallow water.,34728
6945,2587017287.jpg,A brown dog gets wet in the water.,34729
29471,7431651498.jpg,A man with brown hair and a brown jacket playing the trumpet at a concert.,147355
29471,7431651498.jpg,The trumpeter played in front of the microphone in a soft light.,147356
29471,7431651498.jpg,A curly-haired man in a suit plays the trumpet sideways.,147357
29471,7431651498.jpg,A man in a suit plays a trumpet into a microphone.,147358
29471,7431651498.jpg,Guy in a suit playing the trumpet.,147359
27176,5938759184.jpg,"Colored lights illuminate three barefoot dancers in shades of pink, red, and blue as they raise their right feet and make circles with their arms.",135880
27176,5938759184.jpg,Four girls synchronizing dance recitals in which they are wearing blue and purple outfits.,135881
27176,5938759184.jpg,Four dancers wearing colorful outfits are practicing a routine.,135882
27176,5938759184.jpg,Young ladies who are dancing a choreographed dance production.,135883
27176,5938759184.jpg,Show dancers performing in sync with purple background lights.,135884
23580,4851434789.jpg,A group of people sit on a wall above a large bas-relief sculpture and reflecting pond.,117900
23580,4851434789.jpg,A group of people are sitting next to each other on the edge of a high wall.,117901
23580,4851434789.jpg,People sit and talk on the ledge of stone public building,117902
23580,4851434789.jpg,People sitting on a wall next to a statue.,117903
23580,4851434789.jpg,Several people are sitting on wall.,117904
28936,7024549111.jpg,A young boy in a blue jacket is watching something being sawed apart while he wears safety glasses.,144680
28936,7024549111.jpg,A boy watches with goggles as two men try to cut into a piece of metal with a hacksaw.,144681
28936,7024549111.jpg,"A young boy watching with great interest, two people using a saw to cut some metal.",144682
28936,7024549111.jpg,A young boy wearing safety goggles in watching others saw through something metal.,144683
28936,7024549111.jpg,A young boy wearing safety glasses watching a handsaw cut through metal.,144684
567,118897631.jpg,A woman cooks on the stove in her kitchen as her dog begs below.,2835
567,118897631.jpg,A woman touching a pot on a stove while a dog looks up at her.,2836
567,118897631.jpg,Dog waits for food as an elder woman is cooking on the stove.,2837
567,118897631.jpg,A middle-aged woman cooking while her dog watches.,2838
567,118897631.jpg,A middle-aged woman cooking in her home.,2839
28475,6851709247.jpg,"Two men surfing, one with no shirt the other with a blue shirt, blue shirt riding a wave",142375
28475,6851709247.jpg,Two men are enjoying surfing and gliding through big waves.,142376
28475,6851709247.jpg,"Two surfers, one shirtless, ride a wave.",142377
28475,6851709247.jpg,Two men surf on a cresting wave.,142378
28475,6851709247.jpg,Two surfers enjoying the waves.,142379
15806,3691800116.jpg,A batter playing cricket missed the ball and the person behind him is catching it.,79030
15806,3691800116.jpg,"A man wearing white, including shin guards, swings the bat in a cricket game.",79031
15806,3691800116.jpg,A cricket player misses the pitch.,79032
15806,3691800116.jpg,The three men are playing cricket.,79033
15806,3691800116.jpg,A man struck out playing cricket.,79034
2125,1659396176.jpg,"Two dogs, one with long brown fur, both dogs have their mouths open and teeth showing, one dogs tongue is hanging out.",10625
2125,1659396176.jpg,"A white and brown dog with his mouth open and tongue out facing a second, almost off-camera dog.",10626
2125,1659396176.jpg,Two furry dogs make snarly faces as they play together.,10627
2125,1659396176.jpg,Two multicoloured dogs fighting.,10628
2125,1659396176.jpg,Two dogs play in the grass.,10629
14373,3518608016.jpg,A woman playing with a brown dog on a garden path.,71865
14373,3518608016.jpg,A woman is petting her dog near a stone path.,71866
14373,3518608016.jpg,A woman plays with her dog outside.,71867
14373,3518608016.jpg,A woman is petting a dog outside.,71868
14373,3518608016.jpg,A woman plays with a brown dog.,71869
22338,4752790409.jpg,A student in the background with a book under their arm another student sitting with a puzzle look on her face has though she is puzzled.,111690
22338,4752790409.jpg,A young woman with silly green glasses on and a confused look on her face sits at a table under a tree.,111691
22338,4752790409.jpg,A woman sitting down with her head tilted wearing large green sunglasses and writing.,111692
22338,4752790409.jpg,A woman with big green glasses writing at a desk outside while looking confused.,111693
22338,4752790409.jpg,A young woman in green sunglasses pauses while sketching outside.,111694
17021,3923616497.jpg,"Several males gather around a shirtless, white panted with ankle bells and a pearl necklace as he blows something from his mouth to create a ball of fire.",85105
17021,3923616497.jpg,Spectators dressed in bright colored clothing watch as man dressed in white pants and barefoot blows a ball of fire.,85106
17021,3923616497.jpg,A shirtless man in white pants is breathing fire in front of spectators in Indian style clothing.,85107
17021,3923616497.jpg,A half naked man in ethnic dress is breathing fire.,85108
17021,3923616497.jpg,The man is blowing fire for a large group of people,85109
16227,3745405665.jpg,"A man dressed in blue and white is suspended in air with his motorbike, while two other men in white and black helmets stand below.",81135
16227,3745405665.jpg,A person is performing a trick in the air with a dirt bike.,81136
16227,3745405665.jpg,A motocross lets go of his bike in midair.,81137
16227,3745405665.jpg,A man performing a stunt on a dirt bike.,81138
16227,3745405665.jpg,Biker loses control of bike in midair.,81139
7280,2632366677.jpg,The small dog is wearing a red collar and sits in the sand behind a stone object.,36400
7280,2632366677.jpg,A small dog wearing a collar sits next to a concrete bench.,36401
7280,2632366677.jpg,A tan dog sits in the sand by a beach looking sad.,36402
7280,2632366677.jpg,A brown dog next to a stone bench.,36403
7280,2632366677.jpg,A small dog sits under a bench.,36404
20637,4610507935.jpg,A female child and a woman looking at a painting on a wall.,103185
20637,4610507935.jpg,A woman and a girl view a piece of artwork up close.,103186
20637,4610507935.jpg,Two people looking at a picture of three asian men.,103187
20637,4610507935.jpg,A woman and a girl examine a painting.,103188
20637,4610507935.jpg,Two girls photographing a painting.,103189
21503,4687695415.jpg,Three men standing on grass by the water looking at something on a table.,107515
21503,4687695415.jpg,"A group of campers lakeside, preparing and barbecuing food",107516
21503,4687695415.jpg,Nueske employees are barbecuing meat for people to sample.,107517
21503,4687695415.jpg,Two men in red hats prepare meat on a small grill.,107518
21503,4687695415.jpg,Nueske's Meat Specialties table near a lake.,107519
2612,1879693922.jpg,"Three men standing at a desk, the two in long-sleeve shirts are filling out papers while the man in the red shirt looks on.",13060
2612,1879693922.jpg,"Two men are at polling place counter, filling out forms :while a clerk in a red shirt and black pants waits on them.",13061
2612,1879693922.jpg,A man behind a counter looks on as two men on the other side of the counter fill out forms.,13062
2612,1879693922.jpg,Two men are filling out paperwork for a man in a red shirt who is behind the counter.,13063
2612,1879693922.jpg,Two men filling out papers in a voter registration office.,13064
191,1066252238.jpg,A boy in a pink T-shirt is riding a bike over a sand pile while two others are riding in the street.,955
191,1066252238.jpg,Three boys playing and biking with a pile of sand in the middle,956
191,1066252238.jpg,3 young boys are riding their bikes around a mound of dirt.,957
191,1066252238.jpg,Three kids riding bikes over a dirt mound.,958
191,1066252238.jpg,Some young boys ride bikes in the street.,959
9939,2984174290.jpg,A surfer on a blue surfboard is falling off of it as he hits a wave.,49695
9939,2984174290.jpg,Man falling off a blue surfboard in the ocean.,49696
9939,2984174290.jpg,The surfer rides a wave on a blue surfboard.,49697
9939,2984174290.jpg,A surfer rides up the wave.,49698
9939,2984174290.jpg,The surfer is in the wave.,49699
863,128912885.jpg,A white dog is jumping in the air attempting to catch a red ball.,4315
863,128912885.jpg,A white dog with a blue collar plays with a red ball.,4316
863,128912885.jpg,A dog jumps for a red ball on the grass.,4317
863,128912885.jpg,A white dog jumping to catch a red ball.,4318
863,128912885.jpg,The dog is playing with a red ball.,4319
13049,3360508977.jpg,Africans of all ages singing their hearts out surrounded by mother nature.,65245
13049,3360508977.jpg,"Several people stand outside, singing in blue and green clothing.",65246
13049,3360508977.jpg,A group of people and infants yelling at something off-camera.,65247
13049,3360508977.jpg,A family is singing and the mother is holding her baby.,65248
13049,3360508977.jpg,A family singing together.,65249
10700,308428122.jpg,These people with green and blue uniforms are watching something on a computer.,53500
10700,308428122.jpg,Five people in green outfits and one in a blue outfit in a room.,53501
10700,308428122.jpg,Medical workers in uniform are gathered around a table.,53502
10700,308428122.jpg,A bunch of people in scrubs sitting around a laptop.,53503
10700,308428122.jpg,Women and men in scrubs using a laptop.,53504
25364,5057010159.jpg,An old man with a cigarette hanging out of his mouth standing in front of a fryer while holding a carton of cooking oil.,126820
25364,5057010159.jpg,Bald man with a cigarette in his mouth prepares to pour a chemical into a tub filled with solution.,126821
25364,5057010159.jpg,A man is disposing of liquid located inside the cardboard container.,126822
25364,5057010159.jpg,Old man smokes while preparing to pour oil into a fryer.,126823
25364,5057010159.jpg,A man setting up the cooker.,126824
2707,192786590.jpg,Groom wearing black and gray tux and bride wearing a white dress are being sprinkled with flowers.,13535
2707,192786590.jpg,A newly wedded couple pose for a picture while an unseen man fiddles with the groom's hair.,13536
2707,192786590.jpg,A man is holding the hand of a woman in a white dress and smiling.,13537
2707,192786590.jpg,A bride and groom stand outside a building.,13538
2707,192786590.jpg,A man and woman smile after being wed.,13539
7661,268365231.jpg,A man and a woman dressed in black walk towards a gate near a wooded area.,38305
7661,268365231.jpg,A man and a woman walk away with their arms around each other.,38306
7661,268365231.jpg,Man and woman wearing black walk with arms around each other.,38307
7661,268365231.jpg,A couple in black clothes are walking towards a white gate.,38308
7661,268365231.jpg,Two people dressed in black are leaving.,38309
26471,553854589.jpg,A man in a blue shirt and a man in a yellow shirt lie on the ground in an alley along a brick wall.,132355
26471,553854589.jpg,A man in a yellow shirt and a man in a blue shirt lie beside a brick building.,132356
26471,553854589.jpg,Two people sleep in an alleyway in the shadow of a brick building.,132357
26471,553854589.jpg,Two boys got beat up behind a house and left there.,132358
26471,553854589.jpg,2 adult men lying on a floor.,132359
17184,396458005.jpg,A chinese man is reading a newspaper inside a restaurant.,85920
17184,396458005.jpg,A man wearing red flannel reading the newspaper.,85921
17184,396458005.jpg,A man in a red sweater reading the newspaper.,85922
17184,396458005.jpg,An old man reading a paper in a restaurant.,85923
17184,396458005.jpg,"An older, balding man reading a newspaper.",85924
6739,2559921948.jpg,A young boy in a yellow rash guard is walking on the shore carrying a surfboard.,33695
6739,2559921948.jpg,A young boy wearing a yellow shirt walking on the beach carrying a surfboard,33696
6739,2559921948.jpg,A boy in a yellow shirt walks with his surfboard out of the ocean.,33697
6739,2559921948.jpg,A boy in a yellow shirt is walking on a beach holding a surfboard.,33698
6739,2559921948.jpg,A little boy at the beach with a surfboard,33699
4075,222369445.jpg,Two surfers carry their boards to the end of a walkway to join the others in the water.,20375
4075,222369445.jpg,Man in green swim trunks carrying a surfboard along a rock wall to the ocean.,20376
4075,222369445.jpg,A man is carrying a surfboard along a stone wall that leads to the ocean.,20377
4075,222369445.jpg,Surfers walking along a seawall as the ocean churns around them.,20378
4075,222369445.jpg,Two surfers walk along a rock wall to reach the waves.,20379
20036,4543755321.jpg,Two men holding shovels are standing around dirt and trees.,100180
20036,4543755321.jpg,Two men working beside a trench between two buildings.,100181
20036,4543755321.jpg,Two men work outside near a trench in the road.,100182
20036,4543755321.jpg,Two men digging at a construction sight.,100183
20036,4543755321.jpg,Two men working on digging a ditch.,100184
13066,3362049454.jpg,The furry brown dog is running through the grassy area.,65330
13066,3362049454.jpg,A brown dog is running and looking up at the sky.,65331
13066,3362049454.jpg,A golden colored dug prances in the grass.,65332
13066,3362049454.jpg,The brown dog is playing outdoors.,65333
13066,3362049454.jpg,A brown dog runs on brown grass.,65334
13707,3439560988.jpg,A black dog running through a grassy field,68535
13707,3439560988.jpg,A black dog running towards the camera.,68536
13707,3439560988.jpg,A dog running fast with ears flying.,68537
13707,3439560988.jpg,A black dog runs through a field.,68538
13707,3439560988.jpg,Black dog running in swampy grass,68539
25097,497579819.jpg,The black and brown dog is on a leash in a field and facing away from the camera.,125485
25097,497579819.jpg,A terrier stands in a field of grass and daisies,125486
25097,497579819.jpg,A dog looks out over green grass and flowers.,125487
25097,497579819.jpg,A dog tied to a leash in an open grassy area.,125488
25097,497579819.jpg,Small dog looking into background,125489
16223,374538975.jpg,A group of spectators are watching a choir performance.,81115
16223,374538975.jpg,A group of people sitting in front of a stage.,81116
16223,374538975.jpg,A choir performing for an audience.,81117
16223,374538975.jpg,A whole bunch of people in church.,81118
16223,374538975.jpg,Coed choir singing at an event.,81119
4895,233242340.jpg,A dog is running down a black and yellow ramp in an obstacle course.,24475
4895,233242340.jpg,"A brown, black and white dog is on a obstacle course.",24476
4895,233242340.jpg,The black and white dog ran down the ramp.,24477
4895,233242340.jpg,A dog walks down a black ramp.,24478
4895,233242340.jpg,A dog climbs down a black ramp,24479
26421,5511458367.jpg,"One boy in a red shirt with two girls all sitting on the floor opening up presents, with another person and a Christmas tree in the background.",132105
26421,5511458367.jpg,Three small children open Christmas presents underneath a Christmas tree.,132106
26421,5511458367.jpg,Three children are opening presents on Christmas morning.,132107
26421,5511458367.jpg,A child sits on a living room floor opening presents.,132108
26421,5511458367.jpg,A young boy and 2 girls open Christmas presents.,132109
12062,3243866702.jpg,A boy in a wet red shirt gives water to a turtle while a boy dressed like Spider man and others look on.,60310
12062,3243866702.jpg,They are feeding the tortoise water and the baby boy is excited to see it.,60311
12062,3243866702.jpg,Three young children feeding a turtle water from a blue container.,60312
12062,3243866702.jpg,Young children on a sandy beach playing with a sea turtle.,60313
12062,3243866702.jpg,A young boy in a red shirt offers water to a sea turtle.,60314
13822,3454728570.jpg,A crowded carousel surrounded by parents with baby strollers sitting on a bench.,69110
13822,3454728570.jpg,People are walking by a bright carousel; some people are sitting.,69111
13822,3454728570.jpg,Families with strollers waiting in front of a carousel.,69112
13822,3454728570.jpg,Multiple people are sitting or walking near a carousel.,69113
13822,3454728570.jpg,A family is waiting around outside of a carousel.,69114
4273,2250571576.jpg,"Five people are at a yellow table celebrating two birthdays, while one women wears a feather in her hat.",21365
4273,2250571576.jpg,Five people are sitting around a table and celebrating with cake and candles.,21366
4273,2250571576.jpg,"A group of people are enjoying a birthday celebration, with two cakes.",21367
4273,2250571576.jpg,A group of people at a party with two cakes on the table.,21368
4273,2250571576.jpg,A crowd of five gather for a celebration.,21369
8880,2845084079.jpg,"A smiling woman in a white, yellow, and orange Adidas jackets speaks into reporters' microphones.",44400
8880,2845084079.jpg,A group of four in raincoats being stop by larger group of people who are asking them questions.,44401
8880,2845084079.jpg,An Asian athlete in a bright jacket is questioned by numerous reporters wearing rain jackets.,44402
8880,2845084079.jpg,A man in a green poncho interviews a man in an orange shirt.,44403
8880,2845084079.jpg,An Asian woman takes questions from reporters.,44404
4275,2250713748.jpg,A group of young people dressed in red are attending an event at night.,21375
4275,2250713748.jpg,A group of people with torches are standing outside at night.,21376
4275,2250713748.jpg,A crowd of people are in the streets and some have torches.,21377
4275,2250713748.jpg,People dressed in colorful outfits are gathered together.,21378
4275,2250713748.jpg,People in red hold flaming torches at night.,21379
4316,2255631358.jpg,A woman is pulling a young girl on a sled through the snow.,21580
4316,2255631358.jpg,A woman pulls a small child in a sled through the snow.,21581
4316,2255631358.jpg,A woman pulls a happy girl on her sled during winter.,21582
4316,2255631358.jpg,A mother pulls her daughter on a sled in the snow.,21583
4316,2255631358.jpg,A woman is pulling a child on a sled in the snow.,21584
2841,1981187517.jpg,A long-haired man stands next to a gray brick wall in front of a seagull playing an instrument.,14205
2841,1981187517.jpg,A long-haired man is playing the recorder and a seagull is sitting nearby on a wall.,14206
2841,1981187517.jpg,A man playing a plastic flute while a seagull looks on.,14207
2841,1981187517.jpg,A man plays a recorder to a seagull by a brick wall.,14208
2841,1981187517.jpg,A man playing the flute for a pigeon.,14209
21609,4694306241.jpg,"A young man with a blue hoodie sweatshirt that says New York across the front, sings into a microphone in front of a crowd of people.",108045
21609,4694306241.jpg,A man in a blue cap with a blue sweatshirt is talking on a microphone while a man without a shirt smiles.,108046
21609,4694306241.jpg,A man in a new york hooded sweatshirt speaks into the mic.,108047
21609,4694306241.jpg,Multi ethnic group of men in a singing performance.,108048
21609,4694306241.jpg,A person is outdoors speaking into a microphone.,108049
29806,7674851814.jpg,A child stands on a hill above a village holding a piece of cloth and papers.,149030
29806,7674851814.jpg,A young child is standing on a hill above a small impoverished village,149031
29806,7674851814.jpg,A young boy standing on a hill that overlooks a village of homes.,149032
29806,7674851814.jpg,A little boy stands above a slum village with books in his arms.,149033
29806,7674851814.jpg,Little boy in another country.,149034
11699,3202255152.jpg,The man wearing a red shirt is performing an aerial stunt on a bicycle.,58495
11699,3202255152.jpg,A man wearing a helmet is doing a stunt with his BMX bike.,58496
11699,3202255152.jpg,A biker is doing an aerial trick on his bike.,58497
11699,3202255152.jpg,A bicyclist performing a trick in midair.,58498
11699,3202255152.jpg,A guy does a trick in the air.,58499
22469,4761384077.jpg,People waiting for a train on the underground platform of an urban metro system.,112345
22469,4761384077.jpg,Two people are standing while others are walking or rushing by.,112346
22469,4761384077.jpg,There are several people waiting to get on the subway.,112347
22469,4761384077.jpg,People waiting at a underground subway station.,112348
22469,4761384077.jpg,Several people waiting on the subway.,112349
13685,3437147889.jpg,Two people wearing racing uniforms are riding racing motorcycles.,68425
13685,3437147889.jpg,Two motocross riders next to each other on a dirt track.,68426
13685,3437147889.jpg,Two motocross bikes are being raced around a dirt track.,68427
13685,3437147889.jpg,Two motorcyclists are on a dirt track.,68428
13685,3437147889.jpg,Two bmx riders racing on a track,68429
7411,2647593678.jpg,A woman is clapping her hands while running in front of a running brown dog.,37055
7411,2647593678.jpg,The little red dog is running a course in front of blue tents.,37056
7411,2647593678.jpg,A woman leads a small dog through an agility competition.,37057
7411,2647593678.jpg,Woman leading her small dog through an obstacle course.,37058
7411,2647593678.jpg,Woman on grass playing with small dog.,37059
24283,4912108775.jpg,A man in a black shirt with a white ring in his right hand reaching for something on the edge of a window.,121415
24283,4912108775.jpg,A guy in a black shirt and tan pants leaning a little out of a large window looking at something.,121416
24283,4912108775.jpg,A man in a black shirt does work outside a window of a brick building.,121417
24283,4912108775.jpg,A man paints the walls of an apartment on Hyndland Road.,121418
24283,4912108775.jpg,A man is working on his house by repairing the windows.,121419
3709,2166417615.jpg,"Three children and one adult are near the base of a rock formation in shallow water, and an adult wearing a blue shirt is standing on the top of the rocks.",18545
3709,2166417615.jpg,A family on the shores of a beach looking for crabs wondering around on the rocks.,18546
3709,2166417615.jpg,Three children and one older man explore among the rocks and splash in the water.,18547
3709,2166417615.jpg,Various people in swimsuits and shorts climb large rocks near the water.,18548
3709,2166417615.jpg,A family day at the beach.,18549
880,129441311.jpg,A woman with a black purse sitting in front of crystal clear water.,4400
880,129441311.jpg,A woman talks animatedly to her companion next to a body of water.,4401
880,129441311.jpg,A woman gestures to someone while sitting in front of some water.,4402
880,129441311.jpg,A woman is wearing a taupe coat and is sitting near some water,4403
880,129441311.jpg,A woman is demonstrating a punch to her companion.,4404
21668,4698189420.jpg,A young black person on a bike rides in front of a gate decorated with roosters.,108340
21668,4698189420.jpg,An African American boy peddles a bicycle in front of an elaborate gold gate.,108341
21668,4698189420.jpg,A child is riding a mountain bike as he passes by an ornamental gateway.,108342
21668,4698189420.jpg,A boy is riding a bike past a gate with metal chicken on it.,108343
21668,4698189420.jpg,A young man is riding his bicycle.,108344
23118,4814948204.jpg,A tall man and short woman shake hands while wearing matching black shirts and yellow IDs.,115590
23118,4814948204.jpg,Man and woman in badges smile and shake hands while posing for picture.,115591
23118,4814948204.jpg,"Two Asians, a man and a woman, smile and shake hands for the camera.",115592
23118,4814948204.jpg,A man and a woman standing beside each other shaking hands.,115593
23118,4814948204.jpg,A man and a woman are posing while shaking hands.,115594
16474,3801799568.jpg,Three young people are wearing yellow construction hats climbing up a tree on a ladder.,82370
16474,3801799568.jpg,"Three people in t-shirt, yellow helmets and harnesses begin to climb ladder.",82371
16474,3801799568.jpg,A man is climbing a ladder while two women stand by to spot.,82372
16474,3801799568.jpg,Boy climbing tree with all safety gear attached.,82373
16474,3801799568.jpg,People in yellow hats climbing a latter.,82374
27241,5988551357.jpg,A clown lying on a horse at a circus or fair event with spectators.,136205
27241,5988551357.jpg,A person is laying sideways on a horse in front of spectators.,136206
27241,5988551357.jpg,It looks like the clown has fallen off the horse.,136207
27241,5988551357.jpg,A rodeo clown finds it's way in the action.,136208
27241,5988551357.jpg,A person in pink attempts to mount a horse.,136209
25362,5054184499.jpg,"Little girl walking along a dirt, rock, and grass path wearing a blue hat many steps behind two people wearing backpacks and holding umbrellas.",126810
25362,5054184499.jpg,Little girl in a blue and yellow plaid outfit and blue hat is running along the trail.,126811
25362,5054184499.jpg,A little girl walking down a dirt road behind a group of other walkers.,126812
25362,5054184499.jpg,A little girl follows two guys with umbrellas down a path.,126813
25362,5054184499.jpg,People going for a long walk to the mountains.,126814
24742,4945451922.jpg,A group of Asian soldiers dressed in traditional soldier equipment march along side soldiers atop elephants.,123710
24742,4945451922.jpg,A group of men are wearing old military uniforms and riding elephants in front of a golden temple.,123711
24742,4945451922.jpg,People in traditional military fare and two people riding elephants somewhere in Southeast Asia.,123712
24742,4945451922.jpg,Asian warriors in armor marching down a dirt road with horses and two elephants.,123713
24742,4945451922.jpg,Soldiers are processing in front of two elephants and an ornate gold building.,123714
17447,402668805.jpg,"Kids practicing martial arts in a dojo, while older members look on.",87235
17447,402668805.jpg,"They are having a karate class, a karate is part of self-defense",87236
17447,402668805.jpg,A young boy at karate class kicks his leg high into the air.,87237
17447,402668805.jpg,A young buy kicking in his karate gi next to another child.,87238
17447,402668805.jpg,A boy in karate class kicks in unison with his classmates.,87239
10167,3015898903.jpg,Two women in Gothic makeup are posing next to a man in a leather jacket and red scarf.,50835
10167,3015898903.jpg,Man with red marks around mouth standing with two women who are wearing black.,50836
10167,3015898903.jpg,"Young man with red stains on face, with two women, posing in black clothing.",50837
10167,3015898903.jpg,Three people wear a lot of makeup and stand together.,50838
10167,3015898903.jpg,A man and 2 women in dark clothing.,50839
12510,3298561497.jpg,A little kid with a red and gray coat holding a shovel in the snow.,62550
12510,3298561497.jpg,Child wearing a red coat is shoveling snow.,62551
12510,3298561497.jpg,A small child throws a shovel full of snow.,62552
12510,3298561497.jpg,Little boy shoveling snow in the driveway.,62553
12510,3298561497.jpg,A little boy shoveling snow.,62554
16003,3715635007.jpg,A young girl and young boy are climbing on a geometric structure.,80015
16003,3715635007.jpg,Two children wearing shorts climb on top of a jungle gym.,80016
16003,3715635007.jpg,Two children climb a very large metal play structure.,80017
16003,3715635007.jpg,Children climb an elaborate jungle gym.,80018
16003,3715635007.jpg,Children play on a giant work of art.,80019
4958,2339966133.jpg,"Two men with suits attending a wedding, one of them is standing behind a video camera.",24790
4958,2339966133.jpg,Two men wearing suits are standing behind a video camera on a tripod.,24791
4958,2339966133.jpg,Two men in suits stand outside next to a video camera.,24792
4958,2339966133.jpg,Two men dressed formally stand behind a video camera.,24793
4958,2339966133.jpg,Two men in business attire standing behind a camera.,24794
27997,6447367291.jpg,"People are learning or practicing various techniques involved in the sport of curling in a gym, using surface flooring of painted plastic instead of ice.",139985
27997,6447367291.jpg,Three people are practicing their shot put game indoors.,139986
27997,6447367291.jpg,Three people on a hockey ring playing some form of game.,139987
27997,6447367291.jpg,Man wearing all black sets up his curling equipment,139988
27997,6447367291.jpg,Man sliding curling stone in a curling facility.,139989
13119,3367053761.jpg,"Group of people, from behind, seated in a line of desks by windows in library.",65595
13119,3367053761.jpg,Two people are sitting at desks by the windows in a library.,65596
13119,3367053761.jpg,People are sitting at desks in a library.,65597
13119,3367053761.jpg,A girl with a bun is sitting at a desk.,65598
13119,3367053761.jpg,Person sitting at a desk in a library.,65599
9399,2911107495.jpg,A man doing a skate trick on a metal railing.,46995
9399,2911107495.jpg,Boy skating on a railing in a parking lot.,46996
9399,2911107495.jpg,An inline skater going down a handrail,46997
9399,2911107495.jpg,A rollerblader grinds a rail.,46998
9399,2911107495.jpg,A skateboarder at dusk.,46999
16962,390892622.jpg,"Several youth stand around watching as a banjo player, piano player, and guitar players play in a dirty setting.",84810
16962,390892622.jpg,Musicians are on stage with their instruments as a row of people stand around in front of them.,84811
16962,390892622.jpg,A birds-eye view of a band playing for young adults.,84812
16962,390892622.jpg,People in a garage listing to band members playing.,84813
16962,390892622.jpg,A band plays to a small crowd.,84814
18443,428923523.jpg,Two men play music at the South by Southwest Music festival while another man photographs them.,92215
18443,428923523.jpg,A man getting his photo taken while he is giving a radio interview.,92216
18443,428923523.jpg,A photographer taking a picture of two men in front of a banner.,92217
18443,428923523.jpg,Men getting ready for SXSWO to go live on the air,92218
18443,428923523.jpg,A radio host having his picture taken.,92219
30350,8099697706.jpg,A person in white carries a tray of food on a beach.,151750
30350,8099697706.jpg,Someone wearing a dress is carrying a tray of food.,151751
30350,8099697706.jpg,A woman preparing to serve a meal on the beach.,151752
30350,8099697706.jpg,A lady on a foreign beach holding a food tray.,151753
30350,8099697706.jpg,A waiter serving lunch on the beach.,151754
16729,3850580198.jpg,Someone took a picture of this lady right before she was about to eat her fish.,83645
16729,3850580198.jpg,A blond-haired women in sunglasses having a bite to eat.,83646
16729,3850580198.jpg,A man and a woman are eating a meal outdoors.,83647
16729,3850580198.jpg,A blond woman in sunglasses eats her meal.,83648
16729,3850580198.jpg,A man and a woman enjoying a meal out.,83649
25227,498794783.jpg,Two little girls wearing bright dresses are blowing bubbles with bubble wands.,126135
25227,498794783.jpg,A girl in a dress is blowing bubbles with another girl behind her.,126136
25227,498794783.jpg,There are two young girls in colorful dresses blowing bubbles.,126137
25227,498794783.jpg,Two girls in colourful dresses blowing bubbles at a park.,126138
25227,498794783.jpg,Girls blow bubbles outdoors.,126139
25514,511400700.jpg,A short-haired balding guy wearing a leather jacket is taking pictures of a yellow car.,127570
25514,511400700.jpg,A photographer snaps a quick photo of a yellow sports car.,127571
25514,511400700.jpg,A man taking a picture of a bright yellow car.,127572
25514,511400700.jpg,A man is taking a picture of a yellow car.,127573
25514,511400700.jpg,A man photographs a car in the street.,127574
28206,6661528969.jpg,"Man in blue, orange and white outfit with black and white helmet riding bike in race.",141030
28206,6661528969.jpg,A cyclist on his bicycle is wearing an orange and blue bodysuit advertising Rabobank.,141031
28206,6661528969.jpg,"Professional Cyclist sponsored by Rabobank wearing orange, white and blue.",141032
28206,6661528969.jpg,"Man on bicycle, in bike clothing and helmet, going toward finish line.",141033
28206,6661528969.jpg,A cyclists is writing his bike in orange and blue clothes.,141034
14660,3550860765.jpg,"A man in a hard hat and blue jean overalls is standing in the middle of the road next to a white work van and an dark colored expensive sedan, with another man leaning down behind him.",73300
14660,3550860765.jpg,"A worker stands near his truck, guarding the manhole being worked on by his assistant from passing cars.",73301
14660,3550860765.jpg,Two men work on the sewers in the middle of the road as a BMW stops next to them.,73302
14660,3550860765.jpg,Two workers are working nearby a manhole in the middle of the road.,73303
14660,3550860765.jpg,A black car stopped in the road.,73304
17245,3972940813.jpg,A dark-skinned guy with a orange sweater over shoulder in front of a bunch of fruit in the street.,86225
17245,3972940813.jpg,People are trying to sell various items in a small village.,86226
17245,3972940813.jpg,A man trying to cross the street with a cart of fruit.,86227
17245,3972940813.jpg,A man tries to sell fruit in a busy street.,86228
17245,3972940813.jpg,A man sells goods in the street,86229
29309,7300169048.jpg,Two young women wearing white tennis shirts are touching hands but not making eye-contact while a man in the behind them walks by.,146545
29309,7300169048.jpg,Two young girls wearing white tennis uniforms are shaking hands.,146546
29309,7300169048.jpg,Two female tennis players high-fiving each other.,146547
29309,7300169048.jpg,Two women getting ready to play Tennis.,146548
29309,7300169048.jpg,Two tennis players shaking hands,146549
23846,4869820954.jpg,"Two people in striped work uniforms sit at a small table, one of them resting his head on his arms.",119230
23846,4869820954.jpg,Two men in black and white striped shirt's sitting at a table in diner.,119231
23846,4869820954.jpg,Two men in white and black striped shirts sit at a table.,119232
23846,4869820954.jpg,Two men wearing striped strips sitting at a table.,119233
23846,4869820954.jpg,Two people in striped shirts sitting at a table.,119234
10382,303932793.jpg,A man in a blue shirt holding a wineglass is speaking to an older woman also holding a wineglass.,51910
10382,303932793.jpg,A man talking to old woman in restaurant while holding a wineglass.,51911
10382,303932793.jpg,A young man is talking with an older woman while drinking wine.,51912
10382,303932793.jpg,A man in a blue sweater is talking to a gray headed lady.,51913
10382,303932793.jpg,A man holding a glass and talking to an elderly woman.,51914
13810,3453544202.jpg,Number 97 races his motorcycle while wearing his black and red outfit.,69050
13810,3453544202.jpg,A man riding a motorcycle while wearing a black uniform.,69051
13810,3453544202.jpg,A white motorcycle is being ridden around a racetrack.,69052
13810,3453544202.jpg,"Person on a red, white, and black racing motorcycle.",69053
13810,3453544202.jpg,A motorcyclist rides.,69054
8096,2740762106.jpg,A few people standing outside of a mountain with robes on glaring towards the mountain and initiating in some sort of ritual.,40480
8096,2740762106.jpg,A group of asian boys standing in front of a large mountain with there backs towards the camera.,40481
8096,2740762106.jpg,Several young people looking over a scenic point in a mountainous region.,40482
8096,2740762106.jpg,Asian people standing on a road beside a snowy mountain.,40483
8096,2740762106.jpg,A group of people getting ready for climbing a mountain.,40484
5474,241345596.jpg,Football players in red congratulate each other as crowds in red cheer behind.,27370
5474,241345596.jpg,The Oklahoma Sooners football team discuss their game while fans cheer.,27371
5474,241345596.jpg,Two Oklahoma Sooner football players talk on the sideline.,27372
5474,241345596.jpg,"A crowd wearing red, cheers on the red football team.",27373
5474,241345596.jpg,Two football players talk during a game.,27374
17129,3952964772.jpg,A man and a woman in with a headscarf and a black apron are leading two horned cattle pulling a trailer down a paved road with trees in the background.,85645
17129,3952964772.jpg,"A woman is leading an oxen pulled cart, with a man walking beside her.",85646
17129,3952964772.jpg,Woman and boy in on the road with 2 bulls pulling a wagon.,85647
17129,3952964772.jpg,A man and a woman are leading two cows pulling a cart.,85648
17129,3952964772.jpg,A man and a woman lead two cattle down a road.,85649
20909,4636392873.jpg,A man dressed in a tweed coat with vest and pocket-watch stands with his hands above his ahead before a group of children sitting on the floor with shelves of books in the background.,104545
20909,4636392873.jpg,A man in a black suit with a gray overcoat stands in front of books facing a group of children sitting on the floor.,104546
20909,4636392873.jpg,A man in a suit cheering in a library in front of children.,104547
20909,4636392873.jpg,A male performer acts a story out for young children,104548
20909,4636392873.jpg,A teacher in a suit tells jokes to students.,104549
9063,2870015912.jpg,A woman in a black shirt and a girl in an orange shirt are looking at a brochure.,45315
9063,2870015912.jpg,A woman and young girl looking through a selection of books.,45316
9063,2870015912.jpg,A woman helping a little girl pick out and read a book.,45317
9063,2870015912.jpg,A woman and a young girl look through a book together.,45318
9063,2870015912.jpg,A woman and young girl are looking at a book.,45319
19223,4447269544.jpg,A woman with dreadlocks and an olive green bag sits on red brick while checking the baby stroller.,96115
19223,4447269544.jpg,A woman in a gray shirt with blond dreadlocks looks into a baby carriage.,96116
19223,4447269544.jpg,A blond woman is looking down while others sit in the background.,96117
19223,4447269544.jpg,Few people are sitting in a public area just to pass time.,96118
19223,4447269544.jpg,A woman with a taupe colored shirt looking down.,96119
14970,3586834355.jpg,A man with a blue shirt and black hat walks with his hands clasped behind his back down an alley in the daytime.,74850
14970,3586834355.jpg,"A long alleyway, there is a black man with hands behind his back, walking away from the camera.",74851
14970,3586834355.jpg,The back side of a man wearing a black hat and a blue short walking down an alleyway.,74852
14970,3586834355.jpg,A man wearing a light blue shirt and navy pants is walking down an alley.,74853
14970,3586834355.jpg,An older man in a blue shirt is walking down an urban alley.,74854
24389,492079410.jpg,People are standing in the distance on a bridge that passes over a pool of water.,121945
24389,492079410.jpg,People walking across a footbridge over a lake.,121946
24389,492079410.jpg,A couple stops on a bride to look at a pond.,121947
24389,492079410.jpg,Three people on a bridge watch calm waters.,121948
24389,492079410.jpg,People standing on a bridge over a creek.,121949
23810,4866857449.jpg,A little boy wearing an orange sweater and jeans is playing with other children in a stream.,119050
23810,4866857449.jpg,Barefooted children playing and having fun in water.,119051
23810,4866857449.jpg,A child in a red shirt is running around in water.,119052
23810,4866857449.jpg,A boy plays outside after a rain shower.,119053
23810,4866857449.jpg,A child in an orange shirt is running.,119054
24513,493109089.jpg,A young boy in a black sweatshirt and red vest plays on a red jungle gym.,122565
24513,493109089.jpg,A little boy in a red jacket plays on a jungle gym.,122566
24513,493109089.jpg,A small black child plays on an outdoor jungle gym.,122567
24513,493109089.jpg,A little boy playing on a playground.,122568
24513,493109089.jpg,Boy playing on some metal bars,122569
2972,2044063458.jpg,"Two dachshunds, one black the other brown, run on grass.",14860
2972,2044063458.jpg,Two small dogs playing in a field with a small ball.,14861
2972,2044063458.jpg,Two dachshunds run in the grass with a blue ball.,14862
2972,2044063458.jpg,Two dogs chase a blue ball in a field.,14863
2972,2044063458.jpg,Two small dogs are chasing a ball.,14864
20540,4597269859.jpg,Three women are inside a bar are all holding drinks in their hands.,102700
20540,4597269859.jpg,Three girls or friends having drinks at a bar laughing.,102701
20540,4597269859.jpg,Three blond ladies are sitting in the bar drinking.,102702
20540,4597269859.jpg,Three blond woman are socializing at the bar.,102703
20540,4597269859.jpg,A blond woman holds her drink up in a bar.,102704
25510,511186815.jpg,"An older man with glasses on stands while cutting a cake, as a woman and young girl sit waiting.",127550
25510,511186815.jpg,A older man cutting a cake for two girls sitting at a table.,127551
25510,511186815.jpg,A family getting ready to enjoy a strawberry shortcake.,127552
25510,511186815.jpg,An older gentleman serves cake to two excited girls.,127553
25510,511186815.jpg,A man cutting a cake while two little girls watch.,127554
28673,6921394663.jpg,A motocross rider leans his bike to the side as he prepares to wind around the rest of the racetrack.,143365
28673,6921394663.jpg,An audacious motorcyclist who is zooming through a racetrack.,143366
28673,6921394663.jpg,A motorcycle racer leans into a turn on a sunny afternoon.,143367
28673,6921394663.jpg,Motorcycle racer leans into a turn around a racetrack.,143368
28673,6921394663.jpg,A motorcycle rider leans in during a turn.,143369
20188,4557533077.jpg,"In a sidewalk street scene, a young woman wearing healed dress shoes and a yellow tank dress over some black leggings walks away from a yellow and gray striped building which has a tall stack of automobile tires in the doorway.",100940
20188,4557533077.jpg,A woman in a pink and yellow dress walks past a stack of tires and a yellow nd gray striped building.,100941
20188,4557533077.jpg,A woman in heels and a yellow dress walks down a public street.,100942
20188,4557533077.jpg,A woman wearing yellow walks down a sidewalk.,100943
20188,4557533077.jpg,People walking down a street on a sunny day.,100944
3376,2102909744.jpg,Children holding foreign banners standing in front of an older man and woman.,16880
3376,2102909744.jpg,Four kids stand on podiums holding up the ribbons they won in a competition.,16881
3376,2102909744.jpg,Children receiving places at an award ceremony.,16882
3376,2102909744.jpg,The children are awarded prizes for field day.,16883
3376,2102909744.jpg,Children hold up flags in a prize ceremony.,16884
2519,183502317.jpg,A man in an office boardroom is cutting slices of cake for everyone.,12595
2519,183502317.jpg,"A man in an office serving cake, with his co-workers around.",12596
2519,183502317.jpg,A man in a white shirt cutting a cake while coworkers watch.,12597
2519,183502317.jpg,A man in a brown shirt is cutting a piece of cake.,12598
2519,183502317.jpg,A man cutting a piece of cake at an office party.,12599
12453,3289474362.jpg,A man in a light colored uniform is outside an Asian restaurant cleaning the display window which features exotic foods hanging on hooks.,62265
12453,3289474362.jpg,A man is cleaning the glass outside of a restaurant with food hanging behind the window.,62266
12453,3289474362.jpg,Man in all white clothing washing the windows on the outside of a chinese restaurant.,62267
12453,3289474362.jpg,A man in a white hat is cleaning a display window at a restaurant.,62268
12453,3289474362.jpg,A worker in uniform is cleaning off the windows of a restaurant.,62269
6173,2494518978.jpg,A brunette woman taking a big bite of some food.,30865
6173,2494518978.jpg,A young woman in black enjoys a bite to eat.,30866
6173,2494518978.jpg,A woman in a black top mugs for the camera.,30867
6173,2494518978.jpg,A woman wearing a black shirt is eating.,30868
6173,2494518978.jpg,A woman about to eat in a white room.,30869
19106,4438007869.jpg,A person sweeping while another is sitting in a parked street sweeper in front of a building.,95530
19106,4438007869.jpg,There is a green trash truck in road with a person sweeping sidewalk.,95531
19106,4438007869.jpg,A street cleaner sweeps the pavement in his green pants.,95532
19106,4438007869.jpg,Two people street cleaning by hand and with machine.,95533
19106,4438007869.jpg,A city worker sweeps trash from sidewalk.,95534
5131,2363520556.jpg,A guy is walking his dog along with beach with children playing in the water in the background.,25655
5131,2363520556.jpg,A man in a blue plaid shirt walks behind people with his dog at the beach,25656
5131,2363520556.jpg,"A man and his dog walk on the beach, with children in the background.",25657
5131,2363520556.jpg,The Man is outside on the beach walking his dog.,25658
5131,2363520556.jpg,An older man is walking his dog on the beach.,25659
28275,6734417.jpg,"A small blond boy wearing a green coat, blue pants and white shoes is standing close to and looking at a body of water.",141375
28275,6734417.jpg,A little blond boy wearing a green winter jacket at the beach excitingly looking at the water.,141376
28275,6734417.jpg,A little boy in a winter coat is standing on the edge of water.,141377
28275,6734417.jpg,A young boy in a green coat looks at the water.,141378
28275,6734417.jpg,A small child stands on a beach.,141379
14584,3541474181.jpg,A red-clothed snowboarder is performing an aerial trick.,72920
14584,3541474181.jpg,A snowboarder is jumping in the air over a snow slope.,72921
14584,3541474181.jpg,A snowboarder in the air over a snowy mountain.,72922
14584,3541474181.jpg,A snowboarder is in the air.,72923
14584,3541474181.jpg,A man snowboards.,72924
2370,1783147941.jpg,The picture is of a woman competing in a race doing the backstroke.,11850
2370,1783147941.jpg,A female with a swim cap and goggles swimming in a pool lane.,11851
2370,1783147941.jpg,Competitive swimmer does backstroke during competition.,11852
2370,1783147941.jpg,A woman does the backstroke in an Olympic sized pool.,11853
2370,1783147941.jpg,A woman is swimming in a swimming pool.,11854
27992,6442754553.jpg,Two women in blue jackets are concentrating intently on something in the hand of the lady who is sitting down.,139960
27992,6442754553.jpg,Two researchers are looking into a microscope surrounded by complex machinery.,139961
27992,6442754553.jpg,Two researchers dressed in blue lab coats working with a high tech microscope.,139962
27992,6442754553.jpg,A man and a woman in blue lab coats are looking through a microscope.,139963
27992,6442754553.jpg,"Scientist in a laboratory, viewing something through a microscope.",139964
3034,2056930414.jpg,A child plays a red toy guitar and sings into multicolored plastic microphone.,15170
3034,2056930414.jpg,A little boy plays a toy guitar while singing into a toy microphone.,15171
3034,2056930414.jpg,A little boy with toy microphone and guitar pretends to play music.,15172
3034,2056930414.jpg,A little boy is playing with a toy guitar and microphone.,15173
3034,2056930414.jpg,The child has a small red guitar and toy microphone.,15174
23887,4872533521.jpg,"A man, talking on a cellphone, passes a brick building, with a sign on it, repeating, ""NEVER SLEEP AGAIN.""",119435
23887,4872533521.jpg,"A man talking on a cellphone passes by a billboard stating, ""Never Sleep Again.""",119436
23887,4872533521.jpg,"A man on a cellphone walking past four signs that all say ""NEVER SLEEP AGAIN""",119437
23887,4872533521.jpg,A man using a cellphone is walking past a sign.,119438
23887,4872533521.jpg,Businessman walking and talking on phone.,119439
28396,6820458661.jpg,A small child wearing a blue sweatshirt hides his eyes with hands and leans against drawers.,141980
28396,6820458661.jpg,A child is inside a room with his hands covering his face.,141981
28396,6820458661.jpg,A young boy in a purple sweatshirt playing hide and seek.,141982
28396,6820458661.jpg,A little boy covers his face while facing drawers.,141983
28396,6820458661.jpg,A little boy covers his eyes.,141984
22714,4783260890.jpg,A man and woman are about to walk down a lobby hallway.,113570
22714,4783260890.jpg,A man and woman in a parlor walking into a hallway.,113571
22714,4783260890.jpg,A man is leading a woman down a hallway.,113572
22714,4783260890.jpg,A man escorting a woman down a hallway.,113573
22714,4783260890.jpg,A man is happily pointing at a light.,113574
1340,140430106.jpg,A dog running at the beach in front of the ocean and a bright blue cloudy sky.,6700
1340,140430106.jpg,Slender dog running in the sand on a sunny day.,6701
1340,140430106.jpg,A dog is running along a beach on a sunny day.,6702
1340,140430106.jpg,A dog runs along the short at a beach.,6703
1340,140430106.jpg,A lean dog runs along the beach.,6704
4509,2283350490.jpg,A young man in tan pants and flip-flops is sitting with his guitar.,22545
4509,2283350490.jpg,A young blond-haired man plays his guitar while sitting down.,22546
4509,2283350490.jpg,A young college student practicing guitar after lunch break.,22547
4509,2283350490.jpg,A young man plays the guitar on an airport bench.,22548
4509,2283350490.jpg,A young man with brown hair playing a guitar.,22549
10367,3037410256.jpg,Three ladies wearing dresses are bent down in a muddy creek gathering green plants.,51835
10367,3037410256.jpg,Three people knee-deep muddy water are bent over while planting rice,51836
10367,3037410256.jpg,Three women are cultivating plants in a flooded riverbed.,51837
10367,3037410256.jpg,Three people are harvesting grass from muddy water.,51838
10367,3037410256.jpg,Three Asians work in a field harvesting.,51839
13664,3434426931.jpg,A man with a cap and brown shirt is standing on a grassy incline by a pile of hay or grass on some kind of wooden sled attached to a horse with chains.,68320
13664,3434426931.jpg,A man in a hat holding a tool stands next to a horse hitched to a sled filled with hay in a hilly area.,68321
13664,3434426931.jpg,A man wearing dark clothing and a ball cap stands next to a horse that is hauling a load of grass.,68322
13664,3434426931.jpg,A farmer stands beside his horse which is pulling a sled loaded with hay along a dirt path.,68323
13664,3434426931.jpg,A man stands next to a horse-drawn sled piled with grass.,68324
8099,2741388782.jpg,A father is holding up his daughter so she could see over a fence.,40495
8099,2741388782.jpg,Balding man holding toddler high up outdoors on a cloudy day.,40496
8099,2741388782.jpg,A man holding and playing with a blond little girl.,40497
8099,2741388782.jpg,A man holding a little girl up in the air outside.,40498
8099,2741388782.jpg,Man holding blond-haired toddler up in the air.,40499
24833,4952441872.jpg,A woman wearing white pants and red top is practicing some form of movement while a man dressed in white shirt and pants is looking on.,124165
24833,4952441872.jpg,A woman in a red shirt standing in an open courtyard doing an exercise with a man in a white shirt and pants onlooking.,124166
24833,4952441872.jpg,The woman with the white pants is practicing moves on the bricks.,124167
24833,4952441872.jpg,A woman with white pants is exercising.,124168
24833,4952441872.jpg,A woman in a red shirt dancing.,124169
23518,4847349393.jpg,A person is running on a wooded street with the sun in the background.,117590
23518,4847349393.jpg,A jogger is going down a street while the sun is low on the horizon.,117591
23518,4847349393.jpg,The shadow of a woman running highlights a paved street at sunrise.,117592
23518,4847349393.jpg,A jogger running down the street.,117593
23518,4847349393.jpg,A man jogs on a street in the sunset.,117594
23878,4872243623.jpg,People are outside dancing at a night event while the entertainment sings and plays instruments on a well lit stage.,119390
23878,4872243623.jpg,A band is playing a show on the edge of the water at night with a vibrant dancing crowd.,119391
23878,4872243623.jpg,There is a 3 person band performing for a large crowd in a public setting on a lake.,119392
23878,4872243623.jpg,People gathered around watching a musical performance on a stage at night.,119393
23878,4872243623.jpg,A band is playing at a beach in the evening.,119394
11524,3182558164.jpg,Basketball player from Eastern goes between two defenders for a shot.,57620
11524,3182558164.jpg,A basketball player jumps up with the ball as two others watch.,57621
11524,3182558164.jpg,A basketball player in the air about to make a shot.,57622
11524,3182558164.jpg,A school basketball game is in progress.,57623
11524,3182558164.jpg,Men playing a basketball game.,57624
15362,363792435.jpg,Six competitive cyclists wait for the race to begin at the starting line.,76810
15362,363792435.jpg,Bicyclists sit on their speed bikes in preparation for a race.,76811
15362,363792435.jpg,A group of cyclists about to start a race on an indoor track.,76812
15362,363792435.jpg,Several bike riders line up for the start of a race.,76813
15362,363792435.jpg,A group of men are riding their bicycles in a race.,76814
6041,2473791980.jpg,A waterskier cuts through the blue water with sailboats in the background.,30205
6041,2473791980.jpg,A lone parasailer surfing in the ocean wearing a black swimsuit.,30206
6041,2473791980.jpg,A man waterskis while attached to a parachute.,30207
6041,2473791980.jpg,A man is kite surfing away from the camera.,30208
6041,2473791980.jpg,A man is sky surfing on the water.,30209
18362,4268242266.jpg,"Two large cones are outside, in the street, in front of a large building.",91810
18362,4268242266.jpg,A construction site with a man moving a red and white striped board.,91811
18362,4268242266.jpg,"Men are in a work zone, working across the street from a DSW store.",91812
18362,4268242266.jpg,Men cleaning up mess on street.,91813
18362,4268242266.jpg,Men work on a city street.,91814
10034,2997483933.jpg,A little boy is covered up in a white blanket napping on a piece of furniture.,50170
10034,2997483933.jpg,A little boy sleeping on a striped couch while wrapped in a white blanket.,50171
10034,2997483933.jpg,This little boy is sleeping on some type of furniture.,50172
10034,2997483933.jpg,A little boy is sleeping on a brown chair.,50173
10034,2997483933.jpg,Little boy is sleeping on a brown sofa.,50174
3937,2203586218.jpg,"A man in a white apron holding a blue plastic bin in one hand, uses his other hand to tend to a large steaming cooker of shrimp.",19685
3937,2203586218.jpg,A man wearing an apron stands before some food and holds a blue container.,19686
3937,2203586218.jpg,A man cooks a large amount of shellfish in a wok outdoors.,19687
3937,2203586218.jpg,A cook prepares festive food outdoors.,19688
3937,2203586218.jpg,A man in a sweatshirt cooks seafood.,19689
5462,2411824767.jpg,"A corgi jumps off a bale of hay, m water and buildings behind it.",27310
5462,2411824767.jpg,A small brown and white dog is jumping over bushels of hay.,27311
5462,2411824767.jpg,A brown dog is jumping over a grassy mound near to a lake.,27312
5462,2411824767.jpg,A brown and white dog leaps.,27313
5462,2411824767.jpg,A dog jumps over hay.,27314
18947,4404978183.jpg,A young lady with an umbrella is walking by while two women are adoring the adorable puppy one gentleman was walking.,94735
18947,4404978183.jpg,A woman in black boots and a gray umbrella walks away from a group looking at a small dog.,94736
18947,4404978183.jpg,A woman with a umbrella walking past a pole and people looking at a little dog.,94737
18947,4404978183.jpg,People looking at a tiny dog sitting on a sidewalk.,94738
18947,4404978183.jpg,A group of people are looking at a cute little dog.,94739
26498,5558592.jpg,Three guys wearing cowboy hats sitting in front of a large crowd.,132490
26498,5558592.jpg,A man with a cowboy hat is talking with an older man.,132491
26498,5558592.jpg,Three men wearing cowboy hats looking in distance.,132492
26498,5558592.jpg,Three men sit contemplating their next bull ride.,132493
26498,5558592.jpg,Three men in cowboy hats at a rodeo.,132494
14828,3569979711.jpg,A teenage boy is doing a back flip in midair on the beach.,74140
14828,3569979711.jpg,A person in midair doing a flip along the beach,74141
14828,3569979711.jpg,A boy doing a flip in the air at the beach.,74142
14828,3569979711.jpg,A man doing a back flip on the beach.,74143
14828,3569979711.jpg,A boy does a flip on the beach.,74144
3382,2103568100.jpg,A white dog is walking through a river that runs through a rocky landscape.,16910
3382,2103568100.jpg,A white dog walks through shallow water in the wilderness.,16911
3382,2103568100.jpg,The white dog is wading in the pond atop the mountain.,16912
3382,2103568100.jpg,A dog in some water enclosed by rocky ledge.,16913
3382,2103568100.jpg,A white dog is standing in a pond.,16914
11503,3181328245.jpg,Two toddlers are sitting in a plastic playpen with a blue floor.,57515
11503,3181328245.jpg,Two babies playing inside of a colorful padded enclosure.,57516
11503,3181328245.jpg,Two toddlers are sitting in a colorful playpen.,57517
11503,3181328245.jpg,Two babies are sitting in a play mat.,57518
11503,3181328245.jpg,Two children sit inside a play area.,57519
18108,419147172.jpg,"A reporter in a pinstripe suit, asks questions of an important man in a brown suit on a basketball court, while a cameraman records the interaction.",90540
18108,419147172.jpg,"Two men, one holding a microphone, are talking while standing on a wood floor designed for an athletic event.",90541
18108,419147172.jpg,Men dressed up in a business attire on the basketball court getting filmed on camera.,90542
18108,419147172.jpg,A sports reporter is interviewing a man in a suit on the basketball court.,90543
18108,419147172.jpg,A cameraman films two sports analysts talking on a basketball court.,90544
8689,2822290399.jpg,A white puppy walks down a dirt path trailing his leash on the ground behind him.,43445
8689,2822290399.jpg,A small white dog has on a leash and is walking next to a fence.,43446
8689,2822290399.jpg,"A white dog runs along a path, trailing a leash.",43447
8689,2822290399.jpg,A white dog with a loose leash is on a dirt road,43448
8689,2822290399.jpg,A white dog is walking down a dirt road.,43449
25079,4973437002.jpg,"A man sits and reads on a brick planter, while a woman sits at the base of a spiral staircase.",125395
25079,4973437002.jpg,A man and woman sitting near brick and vine covered buildings.,125396
25079,4973437002.jpg,A man reads and a woman sits outside a building.,125397
25079,4973437002.jpg,Two people are reading while sitting outdoors.,125398
25079,4973437002.jpg,Two people lounge in a large outdoor area.,125399
18027,4169721618.jpg,"Two men near a building, one smoking and pulling off a leather glove, and the other man is standing wearing a blue construction helmet.",90135
18027,4169721618.jpg,A man in a black shirt is removing his work gloves by a red gate at a construction site.,90136
18027,4169721618.jpg,Older construction worker enjoying a smoke break while others press on.,90137
18027,4169721618.jpg,An old overweight man is smoking near a construction site.,90138
18027,4169721618.jpg,Two men are at a construction scene.,90139
8985,2860314714.jpg,This gentleman is standing outside trying to make something he has his tools on this makeshift table and a couple of men are watching him.,44925
8985,2860314714.jpg,"A man is doing some work outdoors that requires some tools, like a mallet and chisel, while another man looks on smiling.",44926
8985,2860314714.jpg,A man in a red pullover is creating a work of art on a cement block in the city square while onlookers gleefully watch.,44927
8985,2860314714.jpg,A man in a red shirt works on a white sculpture.,44928
8985,2860314714.jpg,An artist crating some stone art for tourist.,44929
5935,2460823604.jpg,The boy in the green and yellow shirt has a glove on and is going towards the ball.,29675
5935,2460823604.jpg,A boy baseball player in a green and yellow jersey leaps for the ball.,29676
5935,2460823604.jpg,A little boy playing baseball goes for the ball on the ground.,29677
5935,2460823604.jpg,A young boy dives to catch the ball during a baseball game.,29678
5935,2460823604.jpg,A boy chasing a baseball.,29679
5513,241347496.jpg,The football player dressed in red and white gets ready to throw the ball.,27565
5513,241347496.jpg,A lone football player wearing a red and white jersay holding a football.,27566
5513,241347496.jpg,A football player in red gets ready to throw a football.,27567
5513,241347496.jpg,The football player gets ready to throw the ball.,27568
5513,241347496.jpg,A football player holding a football.,27569
16143,3730944337.jpg,A baseball pitcher standing on a mound with the number 35 on his red and white uniform.,80715
16143,3730944337.jpg,A pitcher wearing a red shirt and white pants is standing on the mound.,80716
16143,3730944337.jpg,A baseball pitcher in a circle with a symbol to his right.,80717
16143,3730944337.jpg,A baseball player is standing on the pitcher's mound.,80718
16143,3730944337.jpg,"Pitcher on mount, in red and white suite, pitching.",80719
24656,4939706481.jpg,A older man smoking a cigarette while pointing his finger at something.,123280
24656,4939706481.jpg,A man pointing his finger and holding a cigarette in the other hand.,123281
24656,4939706481.jpg,An oriental man holding a cigarette and pointing his right finger.,123282
24656,4939706481.jpg,A man in a white shirt smokes while giving instruction.,123283
24656,4939706481.jpg,An older gentlemen smokes a cigarette as he points.,123284
8195,2751721665.jpg,A young boy shoots a toy gun while standing next to a bench.,40975
8195,2751721665.jpg,A small boy is playing with a gun on the sidewalk outside.,40976
8195,2751721665.jpg,A young boy points a toy rifle off-camera.,40977
8195,2751721665.jpg,A little boy is playing with a toy gun.,40978
8195,2751721665.jpg,A little boy plays with a toy gun.,40979
14144,3492038193.jpg,A man wearing a professional blue suit and protective glasses is trying to open a locker with a tool.,70720
14144,3492038193.jpg,A man in a suit is breaking into a locker using a tool that makes a lot sparks.,70721
14144,3492038193.jpg,A man in a suit wearing safety goggles is welding open a locker.,70722
14144,3492038193.jpg,A man welding what looks to be a locked locker.,70723
14144,3492038193.jpg,A man is using a grinder on a locker's lock,70724
30656,86127083.jpg,A man is going through his scrap book and admiring the mementos from his travels to China.,153280
30656,86127083.jpg,A man in a brown sweater and gray slacks holding a large open book with tattered pages,153281
30656,86127083.jpg,A man holding a large red book standing in front of a collection of assorted items.,153282
30656,86127083.jpg,A man holding a book stands in front of a wall crowded with objects and pictures.,153283
30656,86127083.jpg,A man stands in a cluttered room holding a book.,153284
12544,330353975.jpg,"This Gentleman in a White Shirt, is really studying, at his Computer.",62720
12544,330353975.jpg,A man wearing glasses and a white shirt checks his email account.,62721
12544,330353975.jpg,A man sits in front of a wall map and looks at a computer screen.,62722
12544,330353975.jpg,A man sitting in front of his computer looking at his email.,62723
12544,330353975.jpg,Man in blue shirt on street.,62724
27437,6141300695.jpg,A soccer goalie in red and green attempts to move the ball out of range of a player in red as the goalie has possession of it in his hands.,137185
27437,6141300695.jpg,"4 men, 3 of which are playing soccer, all three of them wearing uniforms with red on them, the fourth man is onlooking.",137186
27437,6141300695.jpg,"A male goalie wearing green and red holds a soccer ball, beside him are two other soccer players wearing red jerseys.",137187
27437,6141300695.jpg,"During a men's soccer game, one player is running while carrying the ball.",137188
27437,6141300695.jpg,The goalie is fleeing the defender to try to get the ball to a teammate.,137189
26793,5726018984.jpg,A female dressed in black with her are outstretched as if dancing.,133965
26793,5726018984.jpg,A woman wearing black standing in a pose with arms spread out.,133966
26793,5726018984.jpg,A woman in a black leotard strikes a dramatic pose.,133967
26793,5726018984.jpg,Women pointing her arm out while in a stance.,133968
26793,5726018984.jpg,A woman in black shirt and pants dancing.,133969
20102,4549641134.jpg,A group of people in folding chairs and wheelchairs sit outside in the sun.,100510
20102,4549641134.jpg,A large crowd of people and most of them are sitting on folding chairs.,100511
20102,4549641134.jpg,Many people are sitting in yellow folding chairs.,100512
20102,4549641134.jpg,A large crowd of people at an outdoor event.,100513
20102,4549641134.jpg,A large crowd of people are seated outdoors.,100514
5072,2354405491.jpg,A little girl in a white dress and headband is running through a forest while her dress is billowing out around her.,25360
5072,2354405491.jpg,A young girl wearing a white dress runs on the green grass near a forest.,25361
5072,2354405491.jpg,"A girl happily twirls in circles, her dress fanning out around her.",25362
5072,2354405491.jpg,A young girl enjoys a dance in the woods on a crisp fall day.,25363
5072,2354405491.jpg,A young girl in a beige dress running near a wooded area.,25364
16337,3772532605.jpg,A smiling woman wearing a wide-brimmed straw hat is being pulled in a large black innertube by a red rope in a river.,81685
16337,3772532605.jpg,A woman in a floppy sunhat lounges on a large black tube while in the water.,81686
16337,3772532605.jpg,A person enjoying the lake with some tubing and sunbathing.,81687
16337,3772532605.jpg,A woman floats in an innertube in a large body of water.,81688
16337,3772532605.jpg,A woman in a sunhat lays on a large black tube.,81689
15441,3645730082.jpg,A young boy is holding onto railing of a staircase while his mother looks onwards to him.,77205
15441,3645730082.jpg,A small asian boy wearing a black and blue t-shirt is standing on a white staircase.,77206
15441,3645730082.jpg,A young boy in a spiderman shirt stands on the bottom step of a staircase.,77207
15441,3645730082.jpg,Little boy in SpiderMan t-shirt standing on staircase.,77208
15441,3645730082.jpg,A boy coming down the stairs and looking bashfully.,77209
25201,4984582919.jpg,One man plays guitar and another plays the bongos on a brick sidewalk in a city with an open guitar case between them.,126005
25201,4984582919.jpg,Two street musicians playing a guitar and bongo drums with the guitar case open for donations,126006
25201,4984582919.jpg,"Two men, one playing guitar and one playing drums, busk on the street on a sunny day.",126007
25201,4984582919.jpg,Two youthful street performers play guitar and bongos on the street.,126008
25201,4984582919.jpg,Two men playing instruments on the street to entertain passer byes.,126009
1043,1333788342.jpg,A young dark-haired boy wearing black and white checkered clothing is playing with a yellow toy boat in the shallow waters of a beach.,5215
1043,1333788342.jpg,A child wearing black and white swim gear kneeling in shallow water over a plastic yellow boat filled with wet sand.,5216
1043,1333788342.jpg,"A boy playing with a yellow toy boat in brown, murky water.",5217
1043,1333788342.jpg,A boy is playing with a yellow toy boat in muddy water.,5218
1043,1333788342.jpg,Boy playing with yellow toy boat on brown muddy water.,5219
28394,6819461076.jpg,Two men with black shirts on are using a record player with headphones and big smiles.,141970
28394,6819461076.jpg,"Now this is what you have to do to be a good dj, laugh and keep the record moving.",141971
28394,6819461076.jpg,"Two men laughing, both wearing headphones at a party as they adjust the music.",141972
28394,6819461076.jpg,Two guys in black jackets using and listening to a record player.,141973
28394,6819461076.jpg,Two men are listening to music through headphones.,141974
20861,4632399460.jpg,A man in a bright orange shirt and black jeans holds an ice cream cone out of a small vending cooler while other people stand around.,104305
20861,4632399460.jpg,A man wearing an orange shirt is serving snow cones from an ice cream cart.,104306
20861,4632399460.jpg,Man in orange shirt holds ice cream while standing next to ice cream cart.,104307
20861,4632399460.jpg,A man in an orange shirt and dark jeans is selling ice cream.,104308
20861,4632399460.jpg,A man in an orange shirt is holding an Italian ice.,104309
13409,3404552106.jpg,"Several women in pastel colors stand in line, one holding a child on her shoulders.",67045
13409,3404552106.jpg,There are five women in pink and purple and one has a child on her shoulders.,67046
13409,3404552106.jpg,A group of asian girls dressed in pink and purple posing in a straight line,67047
13409,3404552106.jpg,Six Asian women dressed in pastels pose for a picture.,67048
13409,3404552106.jpg,Asian girls line up near some flags.,67049
30906,96059112.jpg,A man in a business suit holds the hand of a young boy as they walk across a lawn.,154530
30906,96059112.jpg,"A man dressed in a suit holding the hand of little boy, walking.",154531
30906,96059112.jpg,A man in a suit holds a young boy's hand as they walk outside.,154532
30906,96059112.jpg,A father with his son walking on their front lawn.,154533
30906,96059112.jpg,A father and his child are crossing the lawn.,154534
25828,52480875.jpg,A young man wearing a yellow bat man shirt looks smiling at a young man wearing an orange shirt.,129140
25828,52480875.jpg,A young boy with track on his shirt is smiling at a young boy with a batman logo on his shirt.,129141
25828,52480875.jpg,A young boy in an orange shirt is laughing next to a young boy in a yellow shirt.,129142
25828,52480875.jpg,Two children laying on the ground smile at each other.,129143
25828,52480875.jpg,Two boys lie on the ground and laugh.,129144
6329,2514667945.jpg,A young man in a blue shirt is sitting on a couch with a few more people having his hand in front of his mouth.,31645
6329,2514667945.jpg,A young man in a blue t-shirt is holding his hand up to his mouth while sitting on a couch.,31646
6329,2514667945.jpg,A boy in a blue shirt is sitting on a couch with other people.,31647
6329,2514667945.jpg,Profile shot of two men and a girl,31648
6329,2514667945.jpg,Four people watching something.,31649
13745,3443466107.jpg,"A woman in a beige blazer and sunglasses stares toward a man in a striped t-shirt, who is staring at two smiling women in military attire on a city sidewalk.",68725
13745,3443466107.jpg,Two police women are talking to someone while an elderly lady in a beige jacket stares at something above a store.,68726
13745,3443466107.jpg,An older gentleman and an elderly lady are talking to two younger ladies in uniform on an urban street.,68727
13745,3443466107.jpg,"An old woman gazes up with thought, with two smiling women and a large man in the back and foreground.",68728
13745,3443466107.jpg,Street scene with two lady police officers with two civilians in foreground of picture.,68729
1899,1552467862.jpg,Boy in cowboy hat and boy in baseball cap on the porch outside of a restaurant.,9495
1899,1552467862.jpg,Two boys that are waiting at the porch in front of a house.,9496
1899,1552467862.jpg,A child wearing a cowboy hat running toward another child.,9497
1899,1552467862.jpg,A boy in a cowboy hat walks to a western-style building.,9498
1899,1552467862.jpg,Two young boys are playing outside a restaurant.,9499
16901,389136029.jpg,A young woman partying at a local nightclub with her friends and is wearing a sports bra.,84505
16901,389136029.jpg,A smiling young lady in a halter top and gray pants beckons to someone off-camera.,84506
16901,389136029.jpg,A woman in a white halter top and white short is motioning with her hands.,84507
16901,389136029.jpg,A girl in a white tank top is motioning for someone to come closer.,84508
16901,389136029.jpg,A young girl in a small white shirt.,84509
9571,2933516096.jpg,"A group of people protesting on the sidewalk holding a sign that says ""time to break the silence"".",47855
9571,2933516096.jpg,Protesters in a city promoting the cause to stop hunger and war.,47856
9571,2933516096.jpg,A group of protesters standing on the street holding a banner.,47857
9571,2933516096.jpg,Men stand on a curb as they protest war and poverty.,47858
9571,2933516096.jpg,Protesters protest against poverty and war.,47859
14170,3495815292.jpg,A man with red-hair dressed in a reflective jacket leans against a wooden railing.,70850
14170,3495815292.jpg,A man standing looking sad with cleaner and a tool next to him.,70851
14170,3495815292.jpg,A man with red-hair leans against a brown fence.,70852
14170,3495815292.jpg,A man in a yellow jacket leaning on a railing.,70853
14170,3495815292.jpg,A red-haired man rests on a railing.,70854
8863,2843629756.jpg,A man wearing shorts and a blue t-shirt is applying signage to the display window of an ice cream shop.,44315
8863,2843629756.jpg,Man on sidewalk uses step ladder to apply sticker to storefront window,44316
8863,2843629756.jpg,Guy with blue shirt and jean shorts putting blue paper on a window.,44317
8863,2843629756.jpg,A man standing outside of a shop on the street.,44318
8863,2843629756.jpg,Guy wearing a cap watching through glass window,44319
24907,4959460330.jpg,"A group of young women, all dressed in matching outfits, are performing a dance routine in front of a crowd outside of a shopping center.",124535
24907,4959460330.jpg,Women dressed in red and black dresses walk in a circle in front of a store as a small crowd looks on.,124536
24907,4959460330.jpg,Women dressed in theme costumes dance in a circle before an outdoor crowd.,124537
24907,4959460330.jpg,A group of women in sexy black and red clothes dance in the street.,124538
24907,4959460330.jpg,These women look like Wiccans performing a ceremonial dance.,124539
25633,516761840.jpg,Two young girls running towards tge camera in front of a flower garden and 4 adults looking at the flower garden.,128165
25633,516761840.jpg,Two young girls wearing skirts are playing in a garden.,128166
25633,516761840.jpg,Two girls playing with people and flowers behind them.,128167
25633,516761840.jpg,Two girls in skirts smiling in a park.,128168
25633,516761840.jpg,Two girls playing.,128169
14424,3524612244.jpg,A group of friends sit around a table in front of a flat screen tv.,72120
14424,3524612244.jpg,A blond woman pours wine for people while they watch tv.,72121
14424,3524612244.jpg,Some men and women drink wine while watching television.,72122
14424,3524612244.jpg,Several people are sitting at a table drinking wine.,72123
14424,3524612244.jpg,A woman pours wine and watches tv.,72124
24729,4944653840.jpg,A poverty stricken housing area with a lady in black with white headdress in the distance.,123645
24729,4944653840.jpg,A woman in black with a white headscarf is off in the distance from a hill.,123646
24729,4944653840.jpg,Someone dressed in white and black is walking the street.,123647
24729,4944653840.jpg,A person walks down the street wearing a white shroud.,123648
24729,4944653840.jpg,A man walks on the sidewalk next to a building.,123649
22708,4782776184.jpg,"A man with a long beard, white shirt, and a scarf on his head holds a plastic cup.",113540
22708,4782776184.jpg,A man is holding a lemon with one hand and a cup of water in the other hand.,113541
22708,4782776184.jpg,"An older man with a long beard, wearing a white shirt about to eat.",113542
22708,4782776184.jpg,A man with a beard in a white robe about to eat something.,113543
22708,4782776184.jpg,An old bearded man holding a fruit.,113544
16548,381764351.jpg,Three blond girls wearing black shirts and pants play brass instruments behind a music stand.,82740
16548,381764351.jpg,Three blond girls play brass instruments behind a single music stand.,82741
16548,381764351.jpg,Three girls are standing in front of a music stand with trumpets.,82742
16548,381764351.jpg,Three kids are playing musical instrument in a music concert.,82743
16548,381764351.jpg,Three young ladies playing trumpets.,82744
12597,3311352793.jpg,A young man is diving forward on an inflatable pool with two boys in the background.,62985
12597,3311352793.jpg,A boy in striped swim shorts is jumping in the air over a water play area.,62986
12597,3311352793.jpg,A boy is in midair after jumping on an inflatable water toy.,62987
12597,3311352793.jpg,One teenager taking a risk by diving on his side.,62988
12597,3311352793.jpg,Three boys jumping in a water bounce house.,62989
19191,4444627632.jpg,A lady and three small children all wearing jackets are walking hand in hand in the sidewalk of a busy downtown intersection.,95955
19191,4444627632.jpg,"A woman and three children, holding hands with each other, are crossing the street.",95956
19191,4444627632.jpg,A woman is crossing the sidewalk with 3 small girls holding hands.,95957
19191,4444627632.jpg,A family of three kids and a mother are crossing a busy street.,95958
19191,4444627632.jpg,A woman is walking three children across the street.,95959
11572,3186694070.jpg,The guy with a green long-sleeved shirt is inside a recording studio.,57860
11572,3186694070.jpg,A male wearing headphones and standing in front of a microphone.,57861
11572,3186694070.jpg,A man is providing vocals in a sound booth.,57862
11572,3186694070.jpg,A man wearing green in a recording studio.,57863
11572,3186694070.jpg,Singer getting ready to record a song.,57864
25003,4967971683.jpg,A woman with a black hat and sunglasses strolls through the street carrying a brown purse.,125015
25003,4967971683.jpg,An older person waking outside in the daytime with sunglasses on.,125016
25003,4967971683.jpg,An older person in sunglasses crossing the sidewalk.,125017
25003,4967971683.jpg,An old lady with sunglasses walking through town.,125018
25003,4967971683.jpg,A person wearing sunglasses and a hat is walking.,125019
26139,5386097747.jpg,A man playing the drums and a man sitting down behind him playing the guitar while outside at sunset.,130695
26139,5386097747.jpg,"A bearded man plays drums at dusk, and a man sitting behind him plays an electric guitar.",130696
26139,5386097747.jpg,A drummer performing on stage in the evening with a guitarist sitting behind him.,130697
26139,5386097747.jpg,A curly-haired male drummer and a guitarist on stage in the middle of a set.,130698
26139,5386097747.jpg,A drummer and a guitarist play at a tropical outdoor venue.,130699
23090,4813951931.jpg,"A young African-American man, wearing a colorful silk-screened shirt and a cap, walks his bicycle down an urban sidewalk.",115450
23090,4813951931.jpg,A man in a white Premium 33 London t-shirt is walking down the street with his bike.,115451
23090,4813951931.jpg,A man wearing a white shirt is pushing a bicycle down the sidewalk.,115452
23090,4813951931.jpg,A young man in an orange hat walks his bicycle down a street.,115453
23090,4813951931.jpg,A man in an orange hat walking his bike down the sidewalk.,115454
2872,200275830.jpg,A young boy in a white hat and blue towel is carrying a snorkeling mask while walking on rocks on the shore of a blue lake.,14360
2872,200275830.jpg,A kid with a white hat and a blue towel around his neck is carrying a scuba mask.,14361
2872,200275830.jpg,Boy with a blue towel and white hat holding goggles and a snokel.,14362
2872,200275830.jpg,A small boy in a white had near a lake playing with a snokel.,14363
2872,200275830.jpg,The boy is going to dive in the river.,14364
26701,5680345504.jpg,"A little boy with a giant grin holds on tightly to a big bottle of Coke, the background seems to be a park in a low income area of the world.",133505
26701,5680345504.jpg,A smiling boy makes a gesture with one hand while holding a large bottle of soda in the other.,133506
26701,5680345504.jpg,A young smiling boy wearing a yellow tank top and holding a large bottle of coke.,133507
26701,5680345504.jpg,A young boy is standing with a Coca-Cola bottle with his arm crossed.,133508
26701,5680345504.jpg,Smiling child holding a coca-cola.,133509
28736,6944132355.jpg,"A horse, with a jockey in white with red polka dots, is making a jump, slightly ahead of a horse being ridden by a jockey in blue.",143680
28736,6944132355.jpg,"A jockey and horse in the middle of other jockeys and horses during a race, in the middle of jumping over a hurdle.",143681
28736,6944132355.jpg,A jockey wearing a red cap and #1 horse clear the fence in a horse race.,143682
28736,6944132355.jpg,A horse and jockey jumping over a hay bale.,143683
28736,6944132355.jpg,It is a beautiful day at the horse track.,143684
29876,7716881926.jpg,A man wearing a green shirt and red shorts is racing against a man wearing a blue shirt and yellow sneakers.,149380
29876,7716881926.jpg,A runner in green shoes takes the lead in a race against a runner in red shorts.,149381
29876,7716881926.jpg,Two runners are separated by two strides in a major race.,149382
29876,7716881926.jpg,Two African American men competitively racing on a track,149383
29876,7716881926.jpg,Two men competing in a track competition.,149384
25439,5081403128.jpg,A young girl poses for a snap shot while standing on large rocks at the side of a pond in a park.,127195
25439,5081403128.jpg,A little girl dressed in dark colors stands on a rock overlooking a large pond at the park.,127196
25439,5081403128.jpg,"A small girl standing on a rock in front of a pond, with trees all around.",127197
25439,5081403128.jpg,A male child standing on top of a rock that extends over a body of water.,127198
25439,5081403128.jpg,A young child stands on a rock near a pond.,127199
7859,2707933554.jpg,"A girl in a yellow, blue and green tie dyed hat has a strange looking critter on her hand.",39295
7859,2707933554.jpg,A girl in a colorful hat has a strange creature resting on her hand.,39296
7859,2707933554.jpg,A girl in a hat has some sort of insect on her finger.,39297
7859,2707933554.jpg,A girl in a tie dye hat has a butterfly on her hand.,39298
7859,2707933554.jpg,A brown butterfly perched on a girl's hand,39299
18670,4337751447.jpg,A man wearing a coat and rain hat pushes a blue shopping cart loaded with his belongings across a street.,93350
18670,4337751447.jpg,A man wearing a coat and floppy hat pushes a blue shopping cart full of bags.,93351
18670,4337751447.jpg,A homeless man pushes an overfilled plastic blue shopping cart.,93352
18670,4337751447.jpg,Old man in a dark coat pushing a cart filled with sacks.,93353
18670,4337751447.jpg,A man pushes a shopping cart full of aluminum cans.,93354
21777,4707111500.jpg,A boy with a green cap and red jacket is helping a man with a brown coat that is laying on the floor.,108885
21777,4707111500.jpg,A man in a red stripe shirt on the ground being helped by a man in a green hat.,108886
21777,4707111500.jpg,An injured man lying on pavement with a man holding his head.,108887
21777,4707111500.jpg,A man is helping another man after a fall on the street.,108888
21777,4707111500.jpg,A man in a green hat is helping a hurt person.,108889
6587,25411181.jpg,"A pilot has walked off of an airplane, with his hat and suitcase in hand.",32935
6587,25411181.jpg,Pilot getting off his plane with and an engineer looking at the steps.,32936
6587,25411181.jpg,A man in a uniform carrying a box exiting the steps of a plane.,32937
6587,25411181.jpg,A businessman in a suit stepping off of an airplane.,32938
6587,25411181.jpg,A man in a pilot outfit is getting off a plane.,32939
14093,3485816074.jpg,A rugby player in a black and yellow uniform runs down the field while number six on the other team tries to tackle him.,70465
14093,3485816074.jpg,A rugby player in black is pushing his way through a player in red whilst carrying the ball.,70466
14093,3485816074.jpg,A rugby player defends the ball against a member of the other team attempting to tackle him.,70467
14093,3485816074.jpg,A rugby player attempts to break free of an opposing player with both teams closing in.,70468
14093,3485816074.jpg,A man in white and red tries to stop a man with a ball.,70469
28620,6904764378.jpg,"A man in a green shirt and a woman in a white tank top are standing by a yellow flag at the hole on a golf course, with other golfers in the background.",143100
28620,6904764378.jpg,A woman and man pose at the hole of a golf course with other golfers in the background.,143101
28620,6904764378.jpg,There are people on a golf course and one lady is holding a flag at one of the holes.,143102
28620,6904764378.jpg,A man and a woman pose smiling at a golf course holding on to a yellow flag.,143103
28620,6904764378.jpg,Two middle-aged people stand by a golf hole.,143104
23391,4833918883.jpg,A man stands on the sidewalk near a lamp post as well as a pillar forming part of an edifice.,116955
23391,4833918883.jpg,A lone man leans on a pole in front of a large building on a deserted street.,116956
23391,4833918883.jpg,A man in a black shirt and jeans standing under a bridge in the city.,116957
23391,4833918883.jpg,A person stands under a city light pole on a sidewalk at night.,116958
23391,4833918883.jpg,Man in sweater standing alone under an overpass.,116959
13385,3400245808.jpg,"Nine young people wearing jeans strike poses on the front steps and porch of a 3-level clapboard house, as a child observes from the second-floor balcony.",66925
13385,3400245808.jpg,"People posing in front of large plantation style house where 3 people are standing, 5 people are sitting and one person is bending over.",66926
13385,3400245808.jpg,A family sitting in front of a cream house on the porch steps.,66927
13385,3400245808.jpg,People are posing for a picture on the front porch of a house.,66928
13385,3400245808.jpg,Group of men post on the stairway of an old house.,66929
30876,952389673.jpg,Two people are performing outside in front of a large group of people.,154380
30876,952389673.jpg,Two people doing their job well and showing off to the public.,154381
30876,952389673.jpg,People are sitting and watching the game in a field.,154382
30876,952389673.jpg,A trapeze artist is walking on a tightrope.,154383
30876,952389673.jpg,Acrobatic performers dressed as chickens.,154384
22249,4745027152.jpg,"A young woman in a green dress, a feathered necklace and a pink feathered hat holding an orange vase",111245
22249,4745027152.jpg,A young lady is colorfully dressed in native costume and possibly performing a dance.,111246
22249,4745027152.jpg,A woman wearing a grass skirt and flowers in her hair holds a pitcher.,111247
22249,4745027152.jpg,A woman in a grass skirt is holding a piece of pottery.,111248
22249,4745027152.jpg,A girl doing a hula dance holding a coconut.,111249
423,1141739219.jpg,A man is helping a girl step down from a colorful truck whilst a woman and three children watch.,2115
423,1141739219.jpg,A very colorful bus is pulled off to the side of the road as its passengers load.,2116
423,1141739219.jpg,A girl climbing down from the side of a bright blue truck while others watch.,2117
423,1141739219.jpg,Two women and four children standing next to a brightly painted truck.,2118
423,1141739219.jpg,A family gathered at a painted van,2119
10951,3110614694.jpg,The beautiful reddish dog lopes around the flat snowy street with a snowball in its mouth.,54755
10951,3110614694.jpg,A reddish brown dog runs across the snow with a snowball in its mouth.,54756
10951,3110614694.jpg,The brown dog runs on the snow with a white ball in his mouth.,54757
10951,3110614694.jpg,A dog running across the snow with a snowball in its mouth.,54758
10951,3110614694.jpg,A dog is running on snow with a snowball it its mouth.,54759
16267,3753777206.jpg,A dark-skinned man with a plaid shirt is standing by a cart with grains and produce.,81335
16267,3753777206.jpg,A man in a button down shirt is selling seeds and vegetables.,81336
16267,3753777206.jpg,A man is behind a cart trying to sell various food items.,81337
16267,3753777206.jpg,A man selling food on the street at nighttime.,81338
16267,3753777206.jpg,A man is pushing a food cart on the sidewalk.,81339
18348,42649475.jpg,Eight people are attempting to pull a tractor with a rope,91740
18348,42649475.jpg,A group of people play tug-of-war with a tractor.,91741
18348,42649475.jpg,A group of people trying to pull a tractor.,91742
18348,42649475.jpg,People are pulling a big green tractor.,91743
18348,42649475.jpg,People pulling a tractor by a rope.,91744
24944,4963016379.jpg,A woman wearing a short-sleeved red shirt is standing next to other people and looking at something.,124720
24944,4963016379.jpg,"A brown-haired woman wearing a red shirt, a blue backpack and sunglasses on her head.",124721
24944,4963016379.jpg,A female in a red shirt has sunglasses on top of her head.,124722
24944,4963016379.jpg,A girl in a pink shirt with sunglasses on her head.,124723
24944,4963016379.jpg,A young girl looks among a crowd for something.,124724
30954,976414321.jpg,A man talking on a cellphone smiles while walking in front of a large group of people in the city.,154770
30954,976414321.jpg,A crowded city sidewalk featuring a man in a yellow plaid shirt smiling on a cellphone.,154771
30954,976414321.jpg,A large group of people walking down a busy street in the city.,154772
30954,976414321.jpg,A group of people are walking down a sidewalk.,154773
30954,976414321.jpg,Man laughing and talking on cellphone outside.,154774
16325,3770161255.jpg,"Three men at a bus stop, one man is turned around to tie his shoe as one man stands in front of the other who is sitting on a bench talking to him.",81625
16325,3770161255.jpg,"Three men are at a buss stop, two on the ends of the bench are dressed in tan, the middle man is wearing a black suit and is talking.",81626
16325,3770161255.jpg,"Two men in suits, one sitting and one standing, are having a discussion as they wait for public transportation.",81627
16325,3770161255.jpg,A man is sitting on a bench in front of a fence with two other men standing beside him.,81628
16325,3770161255.jpg,A guy in a suit is talking a man sitting on a bench,81629
22787,4789755167.jpg,Two construction workers are working in front of a wall which has a bunch of names carved into it.,113935
22787,4789755167.jpg,"Two men wearing hard hats, one standing and one kneeling, work on the inside of a building.",113936
22787,4789755167.jpg,Two working men amongst paint buckets.,113937
22787,4789755167.jpg,Two men are at work in construction.,113938
22787,4789755167.jpg,The two man are painting the wall.,113939
6216,2501968935.jpg,"There is a man in a purple shirt, leather chaps and a red bandanna, standing near other men.",31080
6216,2501968935.jpg,A man dressed in a purple shirt and red bandanna smiles at the people watching him.,31081
6216,2501968935.jpg,A man wearing a purple shirt and black leather chaps poses for the camera.,31082
6216,2501968935.jpg,Man dressed in leather chaps and purple shirt stands in front of onlookers,31083
6216,2501968935.jpg,A man on the street wearing leather chaps and a chainmail codpiece.,31084
28612,6899247616.jpg,"A woman, wearing sunglasses, a red athletic top, and running shorts competes in a marathon.",143060
28612,6899247616.jpg,"A woman wearing sunglasses, a red shirt and black shorts runs in a road race.",143061
28612,6899247616.jpg,"In this photo, a woman and several other people are running a marathon.",143062
28612,6899247616.jpg,"A woman, fit and toned, runs in a race as a crowd of runners follow.",143063
28612,6899247616.jpg,A woman finishing a marathon race.,143064
3325,2097650932.jpg,A grinning girl sits in a pink wheeled cart sliding down a green ramp.,16625
3325,2097650932.jpg,"A girl rides down a slide in a small cart, smiling a toothless grin.",16626
3325,2097650932.jpg,A little girl is having fun on an amusement park ride.,16627
3325,2097650932.jpg,A little girl rides a red pan down a green slide.,16628
3325,2097650932.jpg,A young girl is sliding down on a sled.,16629
616,12118309.jpg,Two men with dark hair wearing glasses and black shirts eat bread while holding their hands up to the camera.,3080
616,12118309.jpg,"Two men with black glasses are holding food, one appears to be eating.",3081
616,12118309.jpg,Two men with black rimmed glasses making faces and eating bread.,3082
616,12118309.jpg,Two men wearing eyeglasses eating sandwiches.,3083
616,12118309.jpg,Two men in black eating a sandwich.,3084
14100,3486538055.jpg,A black dog and a brown dog are playing rough on green grass.,70500
14100,3486538055.jpg,A tan dog and a black dog fighting inside a fenced yard.,70501
14100,3486538055.jpg,Two dogs biting each other playfully while jumping,70502
14100,3486538055.jpg,A German shepherd and a tan dog are fighting.,70503
14100,3486538055.jpg,A brown dog is biting a black dog.,70504
7566,2667783499.jpg,This picture shows a boy in a blue shirt leaning his head against a window with lots of beautiful clowds outside.,37830
7566,2667783499.jpg,Little boy with blue shirt crawls across vents near large glass windows.,37831
7566,2667783499.jpg,The little boy crawls around next to the large glass windows.,37832
7566,2667783499.jpg,A small boy in blue crawls along a windowsill.,37833
7566,2667783499.jpg,A small child crawling on a windowsill.,37834
25572,5138237186.jpg,"A young man wearing a plaid shirt, jeans and hat is riding his skateboard on the railing of some multicolored, rock stairs.",127860
25572,5138237186.jpg,A young boy in an urban area grinds on a rail with his skateboard.,127861
25572,5138237186.jpg,A boy is doing a skateboard trick on the railing of the steps.,127862
25572,5138237186.jpg,Young male nose sliding a skateboard down a 3-step rail.,127863
25572,5138237186.jpg,A young buy riding his skateboard outside on a handrail.,127864
19958,4532877826.jpg,A man wearing a strange contraption on a doorstep with four other people around him.,99790
19958,4532877826.jpg,Five adults standing in front of a house fastening house hold items to someone.,99791
19958,4532877826.jpg,Every seems to be entertain be the magnetic man in the blue shirt.,99792
19958,4532877826.jpg,A man with a bunch of metal objects stuck to him.,99793
19958,4532877826.jpg,People moving some new equipment into a house.,99794
21252,4668912499.jpg,An individual is holding their wallet while checking their goods at the register of a store as the female cashier looks on.,106260
21252,4668912499.jpg,"An older woman is paying for her purchase, while a younger woman is taking her money to complete the transaction.",106261
21252,4668912499.jpg,A woman is paying for her shopping at a convenience store with the female cashier ready to take her money.,106262
21252,4668912499.jpg,A brunette lady in a blue shirt rings up a customer at a store.,106263
21252,4668912499.jpg,Older lady checking out her goods at the check-out counter.,106264
13497,3416852229.jpg,"Two young men, one in a blue shirt and one in a black shirt, are dancing in front of a band and several elderly adults.",67485
13497,3416852229.jpg,Multiple musicians playing at a formal social gathering along with two dancers performing.,67486
13497,3416852229.jpg,A band playing in the background while a couple of men dance to the music in public.,67487
13497,3416852229.jpg,Three men are dancing while the band plays and others enjoy the entertainment.,67488
13497,3416852229.jpg,Two young guys dancing as a band plays music in the background.,67489
7530,2664091531.jpg,A young kid is looking at cat that is trashed with white paint.,37650
7530,2664091531.jpg,A little blond boy throwing a soapy sponge at his moms car.,37651
7530,2664091531.jpg,A small child is throwing a sponge at a soapy car.,37652
7530,2664091531.jpg,A young boy stands by a car that's being washed.,37653
7530,2664091531.jpg,Kid throwing sponge at car because hes tired,37654
31004,9950913.jpg,A group of people are wearing signs that say on strike while someone is speaking at a booth with the Presidential seal.,155020
31004,9950913.jpg,A strike is currently going on and there are lots of people.,155021
31004,9950913.jpg,A person speaks at a protest on a college campus.,155022
31004,9950913.jpg,A woman is speaking at a podium outdoors.,155023
31004,9950913.jpg,Members of a strike at Yale University.,155024
3540,2131716223.jpg,A pharmacist in a white coat and glasses is talking on the phone.,17700
3540,2131716223.jpg,A man wearing a white coat is talking on the telephone.,17701
3540,2131716223.jpg,Older man with glasses talking on the phone.,17702
3540,2131716223.jpg,A laboratory worker making a phone call.,17703
3540,2131716223.jpg,A bald doctor is making a phone call.,17704
13642,3431792018.jpg,Kids playing in the streets while one is holding a gun while an adult woman passes by.,68210
13642,3431792018.jpg,A group of kids playing with toy guns in a cobblestone town square.,68211
13642,3431792018.jpg,Several mischievous kids play with toy guns in a public area.,68212
13642,3431792018.jpg,A group of young boys play with a gun in a city street.,68213
13642,3431792018.jpg,A group of four young boys with guns stand outside.,68214
28597,6893981593.jpg,"A craftsmen sits, gazing intently at his work as he hammers a chisel at his work in order to carve small details onto the statue.",142985
28597,6893981593.jpg,A man in an olive green shirt using a hammer to sculpt a golden object.,142986
28597,6893981593.jpg,"A man is using hammer on a small, metal statue.",142987
28597,6893981593.jpg,A man in glasses examines some type of artifact.,142988
28597,6893981593.jpg,One man concentrating on his work with metals.,142989
19543,4483576244.jpg,A man wearing a cowboy hat and no shirt has his back turned and is being embraced by two women who are both smiling.,97715
19543,4483576244.jpg,"Two women grope the rear end of the ""Naked Cowboy"" while he gropes them back in Times Square.",97716
19543,4483576244.jpg,Two African American women are touching the Naked Cowboys buttocks while posing for a picture.,97717
19543,4483576244.jpg,Two smiling women have their hands on a man's butt.,97718
19543,4483576244.jpg,Two women are holding the butt of a naked man,97719
26887,5769961721.jpg,A little girl with her face painted is swinging a stick at a pinata surrounded by a group of onlookers.,134435
26887,5769961721.jpg,A little girl with makeup on her face hits a pinata with a stick while others look on.,134436
26887,5769961721.jpg,A young girl with face paint hitting a pinata while other children watch.,134437
26887,5769961721.jpg,A little girl with a face-painting swinging a stick at a pinata.,134438
26887,5769961721.jpg,A young girl attempting to break open a pinata.,134439
28107,6556865251.jpg,A couple hockey players wearing red white and blue during a intense game,140535
28107,6556865251.jpg,Two male Ranger hockey players playing hockey at a game.,140536
28107,6556865251.jpg,Two hockey players are focusing intently on their play.,140537
28107,6556865251.jpg,The intensity of a moment during an ice hockey game.,140538
28107,6556865251.jpg,Two team members are playing guard.,140539
6984,2593392439.jpg,"A man in a blue print shirt and wearing a hat, is playing a blue guitar outside by a cafe.",34920
6984,2593392439.jpg,"A man with dreadlocks, strolling along a street side cafe while strumming a guitar",34921
6984,2593392439.jpg,Man with dreadlocks playing an acoustic guitar next to a cafe.,34922
6984,2593392439.jpg,A person in a bright blue shirt is playing the guitar.,34923
6984,2593392439.jpg,Guitar playing performer in front of a restaurant.,34924
9589,2934837034.jpg,Three children eat ice cream in a third world store while a woman stares into space.,47945
9589,2934837034.jpg,One adult sitting next to three young children eating ice cream on some steps.,47946
9589,2934837034.jpg,The woman sat on the bench while the children ate ice cream.,47947
9589,2934837034.jpg,A mother sits with three children as they eat ice cream.,47948
9589,2934837034.jpg,A woman and three kids sit on a dolly.,47949
26092,536828916.jpg,A curly redheaded girl with a large headband in her hair.,130460
26092,536828916.jpg,The redheaded woman is staring off into the distance.,130461
26092,536828916.jpg,"A girl with a long, curly, red-hair and green eyes.",130462
26092,536828916.jpg,A red-haired woman looks past the cameraman.,130463
26092,536828916.jpg,A red-haired woman looks off-camera.,130464
20552,4600994701.jpg,A brown-haired child is posing for a picture in the middle of a Sunflower field.,102760
20552,4600994701.jpg,A boy opens his mouth wide with delight in a field of giant sunflowers.,102761
20552,4600994701.jpg,There is a little boy with his mouth open next to a lot of sunflowers,102762
20552,4600994701.jpg,"A boy with a huge smile on hid face, in a flower field.",102763
20552,4600994701.jpg,A child is surrounded by a field of sunflowers.,102764
20341,4571029078.jpg,Two young women walk side by side with a large group of people in the background.,101705
20341,4571029078.jpg,Two young woman are walking on a sidewalk surrounded by other young people.,101706
20341,4571029078.jpg,"Two females, one in a pink top the other in white, walking down a street",101707
20341,4571029078.jpg,Two women walking down the street wearing flip-flops.,101708
20341,4571029078.jpg,The girls are walking near a crowd of young people.,101709
6709,2555511067.jpg,Several people standing in a group talking on phones and looking upward.,33545
6709,2555511067.jpg,Three women and one man are outside staring in awe.,33546
6709,2555511067.jpg,A group of people on cellphones looking at the sky.,33547
6709,2555511067.jpg,A group of people looking up at something.,33548
6709,2555511067.jpg,4 people looking at something overhead.,33549
17162,3959884639.jpg,"A man in a blue t-shirt is cutting the food, a woman is sitting and looking at something.",85810
17162,3959884639.jpg,A man in a blue t-shirt is cutting a steak in half with a knife and fork.,85811
17162,3959884639.jpg,A man is cutting a sausage into smaller portions at a barbecue.,85812
17162,3959884639.jpg,A guy is cutting steak outside during a picnic.,85813
17162,3959884639.jpg,A man in a blue shirt is cutting up his food.,85814
28201,6655092517.jpg,A man with a mustache and pink sunglasses controls an audio panel as a portion of a microphone appears in the front of him.,141005
28201,6655092517.jpg,A man wearing a red shirt and pink sunglasses is standing in front of a blue wall.,141006
28201,6655092517.jpg,A man wearing pink sunglasses and red t-shirt playing with musical equipment.,141007
28201,6655092517.jpg,A DJ with sunglasses and a red shirt plays music.,141008
28201,6655092517.jpg,A mustached man plays electronic instruments.,141009
21445,4684623658.jpg,A woman in a pink shirt and sunglasses is walking down a city block.,107225
21445,4684623658.jpg,Woman in pink shirt and black skirt walking down the street.,107226
21445,4684623658.jpg,A woman in a pink shirt walking past a traffic light.,107227
21445,4684623658.jpg,A woman in a pink blouse is walking down a sidewalk.,107228
21445,4684623658.jpg,A woman is walking on the sidewalk in a city.,107229
4831,2323096887.jpg,A man wearing a black wetsuit cutoff at the elbows and knees surfs on a white surfboard.,24155
4831,2323096887.jpg,This man in a wetsuit rides the wave of the ocean on his surfboard.,24156
4831,2323096887.jpg,"Surfer catching a good, deep clear blue, wave.",24157
4831,2323096887.jpg,A man in black surfs a big wave.,24158
4831,2323096887.jpg,A surfer riding a big wave.,24159
310,110595925.jpg,A man in aerodynamic gear riding a bicycle down a road around a sharp curve.,1550
310,110595925.jpg,"Man bicycle up a road, while cows graze on a hill nearby.",1551
310,110595925.jpg,A cyclist is riding a bicycle on a curved road up a hill.,1552
310,110595925.jpg,The biker is riding around a curve in the road.,1553
310,110595925.jpg,A man on a mountain bike is pedaling up a hill.,1554
21458,4685183620.jpg,Four firefighters are spraying water through an outer wall of the building.,107290
21458,4685183620.jpg,4 Firefighters using a fire hose to put out a fire.,107291
21458,4685183620.jpg,Firefighters spray a hose through a barrier.,107292
21458,4685183620.jpg,A group of firemen battling a fire.,107293
21458,4685183620.jpg,Four firemen putting out a fire.,107294
23795,4865370824.jpg,A woman in a black sundress and carrying a purple purse strides down a sidewalk.,118975
23795,4865370824.jpg,A lady walking down the sidewalk wearing a black dress and holding a pink bag,118976
23795,4865370824.jpg,A lady is walking down the street in a black dress holding a back.,118977
23795,4865370824.jpg,"A woman walking on the sidewalk, in the city.",118978
23795,4865370824.jpg,A woman walks down the sidewalk.,118979
15208,3616525288.jpg,Horse jockeys racing on horses in a race.,76040
15208,3616525288.jpg,A horses with five jockeys and five horses,76041
15208,3616525288.jpg,Jockeys on horses race around a track.,76042
15208,3616525288.jpg,Jockeys ride horses during a race.,76043
15208,3616525288.jpg,The people are racing horses.,76044
16887,388836789.jpg,"Two girls, one wearing a pink shirt and the other wearing a white shirt, are throwing hay in the air.",84435
16887,388836789.jpg,Small children throw hay over a wire fence towards a brown horse.,84436
16887,388836789.jpg,Some children are throwing hay over a fence to a horse.,84437
16887,388836789.jpg,Small children throwing hay at horses on a farm.,84438
16887,388836789.jpg,Small children throw hay to a waiting horse.,84439
8862,2843553836.jpg,Two ladies in jeans and brown sweaters and sitting under a large walk sign.,44310
8862,2843553836.jpg,Two woman sitting under a L.E.D. sign of a person walking.,44311
8862,2843553836.jpg,Two women are sitting on a stone bench drinking coffee.,44312
8862,2843553836.jpg,Two women sitting under a lit sign on the sidewalk.,44313
8862,2843553836.jpg,Two people are sitting below the walking sign.,44314
18002,416350089.jpg,A guy in a teal colored uniform is getting ready to mop a floor with cleaning supplies at hand.,90010
18002,416350089.jpg,A cleaner in a one piece mops the floor in front of his tricycle full of supplies.,90011
18002,416350089.jpg,A janitor keeping the floors clean and shiny enough to see your reflection.,90012
18002,416350089.jpg,"A man in a blue uniform holding a mop, and looking down at the floor.",90013
18002,416350089.jpg,A janitor cleaning a marble floor.,90014
19842,4518365173.jpg,"Three girls standing while one boys is sitting in front of a wall that is lit up, at night.",99210
19842,4518365173.jpg,4 people going out at night with one of them being really drunk.,99211
19842,4518365173.jpg,A man sitting against a wall with three women in front of him.,99212
19842,4518365173.jpg,Three women standing outside a building talking to a man.,99213
19842,4518365173.jpg,Three women and a man interacting on the street.,99214
6082,2477623312.jpg,The little blond-haired girl in a gray sweatshirt dances at a park with people seated behind her.,30410
6082,2477623312.jpg,A child in winter gear is posing while a crowd of people sit and stand behind her.,30411
6082,2477623312.jpg,A young girl stands on one leg.,30412
6082,2477623312.jpg,Closeup of little girl dancing,30413
6082,2477623312.jpg,A young girl dancing.,30414
16352,3773376608.jpg,"A woman holding a magazine, is touching the outside of a wooden window frame.",81760
16352,3773376608.jpg,A woman in black pants and a white shirt looking through glass windows.,81761
16352,3773376608.jpg,A woman is outside looking into the windows of a building.,81762
16352,3773376608.jpg,A woman in a white shirt and black bottoms.,81763
16352,3773376608.jpg,Woman outside of a shop with newspaper.,81764
24985,4966606312.jpg,A man wearing a suit walks next to a building support column with palm trees in the background.,124925
24985,4966606312.jpg,An interesting square is surrounded by people commuting to their desired destinations.,124926
24985,4966606312.jpg,"In a modern building, employees cross paths with the janitor with an orange trashcan.",124927
24985,4966606312.jpg,The outside of a business is shown with a trashcan and four people walking around.,124928
24985,4966606312.jpg,Several people walk past a mirrored pillar in a public concourse.,124929
7171,2616284322.jpg,"The racing dog with the ""4"" jersey surges ahead of the dog with the ""5"" jersey.",35855
7171,2616284322.jpg,A race dog leaps a large stride as others follow behind.,35856
7171,2616284322.jpg,Dogs wearing numbered jerseys running at a track.,35857
7171,2616284322.jpg,The number four dog ahead of other dogs.,35858
7171,2616284322.jpg,The dogs run a race at the track.,35859
26650,56494233.jpg,A lone climber on a snowcapped mountain with several huge mountains in the background.,133250
26650,56494233.jpg,A man is standing looking at the path ahead while hiking in a mountain range.,133251
26650,56494233.jpg,A man on top of a mountain looks at the mountains surrounding him.,133252
26650,56494233.jpg,Sole mountain climber stands atop snowy peak looking left.,133253
26650,56494233.jpg,A person with a backpack stands on a snowy mountain.,133254
2579,1867334641.jpg,"A crowd of people, some with white faces, walk through a hallway while carrying photos and crosses.",12895
2579,1867334641.jpg,"A group of people form a procession, several of them holding signs with photographs on them.",12896
2579,1867334641.jpg,A group of people are walking through a dimly lit hall carrying crosses.,12897
2579,1867334641.jpg,A group of people with posters walking in the dark.,12898
2579,1867334641.jpg,Several costumed people walking down a hall.,12899
12246,3263215700.jpg,Two dogs are swimming through deep water within close proximity to one another.,61230
12246,3263215700.jpg,Two white dogs swim face to face in shady water.,61231
12246,3263215700.jpg,Two white dogs swimming in the ocean.,61232
12246,3263215700.jpg,Two white dogs are swimming.,61233
12246,3263215700.jpg,White dog in the water.,61234
108,1031973097.jpg,A toddler in a blue shirt with red shorts and hat looks out from behind a fenced in area of a brick patio.,540
108,1031973097.jpg,A young child wearing a blue shirt and red hat grabs onto black bars in front of him.,541
108,1031973097.jpg,"The little boy looks like he is saying, let me out of jail.",542
108,1031973097.jpg,Toddler boy in a red hat holding on to some railings.,543
108,1031973097.jpg,Little boy wanting to play outside of fence.,544
17007,3920105265.jpg,"A girl is adding a vial of blue liquid to a glass container, while another girl looks on.",85035
17007,3920105265.jpg,Students in a class are engaging in lab experiments while wearing goggles.,85036
17007,3920105265.jpg,"Two girls, wearing safety goggles, preparing for a science experiment.",85037
17007,3920105265.jpg,Two female students observe a beaker filled with several test tubes.,85038
17007,3920105265.jpg,A high school chemistry lab experiments.,85039
18680,4340031884.jpg,Two middle Eastern men spending time together and take a photo in a mirror.,93400
18680,4340031884.jpg,One man takes a picture while another looks on in a foreign storefront.,93401
18680,4340031884.jpg,"Two men standing in a work place, one man taking pictures.",93402
18680,4340031884.jpg,An arab market where goods are sold.,93403
18680,4340031884.jpg,Guys looking at a camera in store,93404
29349,7327356514.jpg,A young woman is holding a little baby that is wearing a pink top and black and white striped pants.,146745
29349,7327356514.jpg,An asian women wearing a shirt with numbers on it holding a baby with a pink shirt and striped pants,146746
29349,7327356514.jpg,An oriental baby staring into the camera being held by her mother.,146747
29349,7327356514.jpg,Asian woman holding young asian girl.,146748
29349,7327356514.jpg,An Asian woman holds a baby girl.,146749
23460,4839999047.jpg,"A lady dressed in a blue floral print is sitting at a restaurant table, situated before a section of wall which displays a plaque stating ""Oh Boy moms pancakes!"".",117300
23460,4839999047.jpg,"An elderly woman is sitting at a restaurant table beneath a sign on the wall reading ""Oh boy mom's pancakes!""",117301
23460,4839999047.jpg,Older woman sitting by a sign at a restaurant.,117302
23460,4839999047.jpg,A mean old woman waiting for her pancakes.,117303
23460,4839999047.jpg,An elderly woman is at a restaurant.,117304
23087,4813833900.jpg,"A bunch of people wearing white shirts with a red handkerchief around their necks coming out of a stadium, while two men with a cup in their hand stare at something.",115435
23087,4813833900.jpg,"A crowd of people in white and red clothing march through a red doorway set into a white alleyway, two men with cups looking on to the right.",115436
23087,4813833900.jpg,Many people wearing white clothing and red bandannas are walking down a hallway.,115437
23087,4813833900.jpg,A group of men in white coats are walking through the street.,115438
23087,4813833900.jpg,Men and women walk through a hallway.,115439
2321,1750167036.jpg,A group of six men work on a railroad track dressed in construction green jumpsuits.,11605
2321,1750167036.jpg,Workers in reflective clothing with shovels on a train track.,11606
2321,1750167036.jpg,A group of workers working on a train track.,11607
2321,1750167036.jpg,Construction workers building a railroad.,11608
2321,1750167036.jpg,Workers at a railroad track working.,11609
26460,5532294954.jpg,The fireman is carrying a flashlight in his left hand and a pic in his right hand while focusing on something.,132300
26460,5532294954.jpg,A fireman with a neon helmet and a pickaxe inspects some debris with a flashlight.,132301
26460,5532294954.jpg,A rescue worker searches with a flashlight under a slab in a ruined building.,132302
26460,5532294954.jpg,A fireman searching for something using a flashlight.,132303
26460,5532294954.jpg,A man is inspecting damage in a destroyed room.,132304
20737,4620028074.jpg,A woman in gray sits and overlooks her similarly gray surroundings.,103685
20737,4620028074.jpg,A woman in a green sweater staring into the water from a bridge.,103686
20737,4620028074.jpg,A woman with a ponytail sitting on concrete watching the water.,103687
20737,4620028074.jpg,A woman with a gray shirt and blue jeans sitting by the water,103688
20737,4620028074.jpg,"A girl, sitting on a bridge staring at the water.",103689
16990,3913959754.jpg,A young girl in a black sweater and jeans is standing on a beach near the water.,84950
16990,3913959754.jpg,"A woman is standing near the water, looks to be throwing something.",84951
16990,3913959754.jpg,A young woman is stretching along the beach.,84952
16990,3913959754.jpg,A woman poses in front of the ocean.,84953
16990,3913959754.jpg,A person posing on a beach,84954
23656,485741580.jpg,A black and tan dog sleeps in the car.,118280
23656,485741580.jpg,The dog is sleeping in the vehicle.,118281
23656,485741580.jpg,A black dog asleep in a car.,118282
23656,485741580.jpg,A dog in a car.,118283
23656,485741580.jpg,A dog in a car.,118284
11713,3203593191.jpg,Several uniformed people carrying firearms and wearing white gloves are lined up in ranks and standing at attention.,58565
11713,3203593191.jpg,"Soldiers in white, black, and read stand at attention with their guns.",58566
11713,3203593191.jpg,Seven men in black hats with white gloves and guns held upright.,58567
11713,3203593191.jpg,A military group stands at attention.,58568
11713,3203593191.jpg,Troops stand ready at attention.,58569
16085,3724150944.jpg,A group of young boys on opposing teams are playing soccer.,80425
16085,3724150944.jpg,The young boy in the red shirt is kicking a soccer ball.,80426
16085,3724150944.jpg,Four children run along a grassy field playing soccer.,80427
16085,3724150944.jpg,Children playing soccer near the goal net.,80428
16085,3724150944.jpg,Four boys playing soccer.,80429
9331,2900905937.jpg,A man in a green shirt is working under a blue vehicle.,46655
9331,2900905937.jpg,A man wearing a green t-shirt is working on a blue car.,46656
9331,2900905937.jpg,A man is working underneath a blue older model car.,46657
9331,2900905937.jpg,A man lays down to fix an old blue truck.,46658
9331,2900905937.jpg,Someone working under a blue vehicle.,46659
30761,89253626.jpg,One girl is stretching face down on a blue mat while a boy is behind her at a kickboxing studio.,153805
30761,89253626.jpg,Boy and girl practicing marshal art on a blue mat.,153806
30761,89253626.jpg,A boy and woman in martial arts uniforms.,153807
30761,89253626.jpg,Two children in a martial arts class.,153808
30761,89253626.jpg,A young boy helping a girl stretch.,153809
17622,4068840117.jpg,"Twins dressed identically in purple and gold sweaters with gray pants and black shoes, holding on to each other.",88110
17622,4068840117.jpg,Two young boys wearing gray pants and purple sweaters are hugging each other.,88111
17622,4068840117.jpg,One boy in a purple sweater is hugging another boy in a purple sweater.,88112
17622,4068840117.jpg,Two boys in blue sweaters are embracing for a picture.,88113
17622,4068840117.jpg,This is two black children dressed the same hugging.,88114
16120,3727740053.jpg,One man kicks another in the shoulder at a martial arts event.,80600
16120,3727740053.jpg,Two men in karate uniforms kicking each other.,80601
16120,3727740053.jpg,Two men are participating in a karate match.,80602
16120,3727740053.jpg,Two men in an oriental fighting contest.,80603
16120,3727740053.jpg,Two martial artists compete in a match.,80604
981,1316458112.jpg,A man in a torn gray jacket holding some papers looks downward while standing behind a short-haired man in a brown shirt.,4905
981,1316458112.jpg,"Two men, one in a gray tattered suit and the other in a brown shirt, are looking down.",4906
981,1316458112.jpg,A man in a dark jacket stands next to a man dressed in brown reaching down into a bag.,4907
981,1316458112.jpg,A man in brown shirt and a man in a gray ripped sweater outside.,4908
981,1316458112.jpg,Two men not looking at pictures.,4909
2818,197232267.jpg,"A woman, wearing a burqa, is holding a disturbing picture of a young girl lying outside in an area with rocks.",14090
2818,197232267.jpg,A woman is upset and showing a picture of a young girl lying on the ground injured.,14091
2818,197232267.jpg,The women is holding a picture of a child laying on the ground.,14092
2818,197232267.jpg,A muslim woman is holding a photo of a deceased little girl.,14093
2818,197232267.jpg,A woman is holding a picture of a girl lying on the ground.,14094
21500,4687559149.jpg,"Many people in the city street running in a marathon, next to the start line.",107500
21500,4687559149.jpg,A marathon begins on a city street under a JP Morgan banner.,107501
21500,4687559149.jpg,A large crowd of people are jogging outside in the street.,107502
21500,4687559149.jpg,Group of runners leaving the starting line of a race.,107503
21500,4687559149.jpg,A crowd of runners have just begun their race.,107504
26433,5518762083.jpg,Two children are in the snow and one of them in a blue coat is attempting to pick up a huge snowball.,132165
26433,5518762083.jpg,Two children play in the snow; one is watching the other roll a gigantic snowball.,132166
26433,5518762083.jpg,A boy is standing in the snow next another child bent over a big ball of snow.,132167
26433,5518762083.jpg,Two children playing in the now and rolling it into a large ball.,132168
26433,5518762083.jpg,Two small boys playing in the snow,132169
12156,3253257881.jpg,A toddler in light clothing walking down a foliage covered street.,60780
12156,3253257881.jpg,A little girl is walking down a path lined with large trees.,60781
12156,3253257881.jpg,"A little girl taking a stroll in a huge, manicured park.",60782
12156,3253257881.jpg,A little girl walks down the tree lined road.,60783
12156,3253257881.jpg,Toddler walking along path.,60784
6086,247874544.jpg,"Lady wearing greenish pants, a purple and white striped jacket and knit cap singing at a microphone.",30430
6086,247874544.jpg,"A woman is sitting down, singing into a microphone.",30431
6086,247874544.jpg,A woman sitting in a seat with a hat on singing.,30432
6086,247874544.jpg,"A singer, singing for people to hear.",30433
6086,247874544.jpg,Singer sits down while performing.,30434
26631,563508330.jpg,Two women playing musical instruments; one plays violin and the other play a wind instrument.,133155
26631,563508330.jpg,"A woman in the foreground plays a red violin, in front of a woman in glasses playing oboe.",133156
26631,563508330.jpg,One woman playing an oboe behind a woman playing a violin and eyeing sheet music.,133157
26631,563508330.jpg,"Two woman are playing instruments; one a clarinet, the other a violin.",133158
26631,563508330.jpg,A girl play a violin and another one playing a clarinet behind her.,133159
26300,5446041790.jpg,"A man and a woman are dancing, the woman is on top of the man's shoulder and the man looks about ready to helicopter the woman.",131500
26300,5446041790.jpg,"A male dancer in beige lifts his female companion up on his shoulder, as she soars above the crowd.",131501
26300,5446041790.jpg,A man in a khaki colored uniform carries a brunette woman in white clothing on his shoulder.,131502
26300,5446041790.jpg,A man and woman performing a dance with the woman on top of the man's shoulder.,131503
26300,5446041790.jpg,A male is holding a female dancer on his shoulder while she keeps formation.,131504
27490,6162015348.jpg,A group of people are playing assorted musical instruments and drinking at a bar or restaurant.,137450
27490,6162015348.jpg,A group of musicians are seated and standing around a table while performing a song.,137451
27490,6162015348.jpg,"These people are in a restaurant, having drinks, and playing various instruments.",137452
27490,6162015348.jpg,A group of older people playing a variety of instruments while sitting at a table.,137453
27490,6162015348.jpg,A group of older people are sitting in a pub playing various instruments.,137454
14155,3494059.jpg,One female healthcare provider is assisting a patient while the male healthcare provider is looking over information in a folder.,70775
14155,3494059.jpg,Two healthcare professionals attend to a patient and consider his or her chart.,70776
14155,3494059.jpg,"A doctor and nurse reviewing patient chart, while patient lays in bed.",70777
14155,3494059.jpg,Medical personnel attending a patient in a hospital bed.,70778
14155,3494059.jpg,Hospital staff checking on a patient.,70779
8919,2850719435.jpg,A boy in a red shirt and a boy in a yellow shirt are jumping on a trampoline outside.,44595
8919,2850719435.jpg,Two young boys jumps on a trampoline as two other children sit on it.,44596
8919,2850719435.jpg,Two children are playing on a teal trampoline near greenery.,44597
8919,2850719435.jpg,Kids are jumping on a blue rimmed trampoline.,44598
8919,2850719435.jpg,Children jump on a trampoline.,44599
23664,4857583977.jpg,An elderly woman wearing a pink striped shirt holds a small baby on her lap surrounded by pillows.,118320
23664,4857583977.jpg,"Older woman in a light purple shirt, sitting in a chair, holding a baby.",118321
23664,4857583977.jpg,The elderly woman holds the little baby while sitting in a chair.,118322
23664,4857583977.jpg,An older woman sits in a chair and holds a tiny baby.,118323
23664,4857583977.jpg,An older woman holding a newborn baby.,118324
21907,4717903900.jpg,"Two almost naked people walk together, one with a unicycle, and the other wearing a masquerade mask.",109535
21907,4717903900.jpg,An unusually dressed man with his unicycle and his unusually dressed partner.,109536
21907,4717903900.jpg,Two magicians trying to hurry up for a show in town.,109537
21907,4717903900.jpg,A man and a woman in costumes are walking together.,109538
21907,4717903900.jpg,Two half nude people walking down the street.,109539
27599,6209037268.jpg,Two girls draw on cement with chalk with the ocean in the background.,137995
27599,6209037268.jpg,Two girls drawing sailboats with chalk on the side of concrete.,137996
27599,6209037268.jpg,Two young girls are drawing on a wall with sidewalk chalk.,137997
27599,6209037268.jpg,Two young girls write with chalk near a body of water.,137998
27599,6209037268.jpg,Two young girls drawing with chalk on concrete,137999
29219,7232703918.jpg,"A group of men wearing number tags are running outside in the city, possibly competing in some sort of race or marathon.",146095
29219,7232703918.jpg,A group of men are running a street race while wearing athletic gear and their racer numbers.,146096
29219,7232703918.jpg,Men dressed in shorts with green racing bibs attached appear to be participating in a race.,146097
29219,7232703918.jpg,A pack of bibbed runners press on during a foot race.,146098
29219,7232703918.jpg,People running in a marathon in running clothes.,146099
30291,8060043940.jpg,Several men are on a soccer field passing a ball to one another during a soccer game where there are several attendees watching.,151455
30291,8060043940.jpg,"Two soccer teams, one team is wearing green and white, while the other team is wearing black, red, and white.",151456
30291,8060043940.jpg,"Here, we 're watching a soccer game between the blue-shirts team and the green-shirts team.",151457
30291,8060043940.jpg,Several men on the field wearing shorts and short-sleeve shirts playing soccer.,151458
30291,8060043940.jpg,Two teams are playing soccer in a relatively empty stadium.,151459
4726,2310108346.jpg,A woman with a sweater sits on a sea wall and looks to the sea.,23630
4726,2310108346.jpg,"The person in a sweater sits on wood, looking at the water.",23631
4726,2310108346.jpg,A woman in a brownish-orange sweater is sitting by a lake.,23632
4726,2310108346.jpg,An older person sitting beside a body of water.,23633
4726,2310108346.jpg,A woman sits on a log near the water.,23634
1917,1559709077.jpg,A man attempts to fix a bike wheel on the side of a street near several motorbikes.,9585
1917,1559709077.jpg,A man repairing a bicycle tire while his customer asks him questions.,9586
1917,1559709077.jpg,The man from SUA Honda is fixing the bike tire.,9587
1917,1559709077.jpg,A mexican man fills a tire for a motorcycle,9588
1917,1559709077.jpg,A man hammers on a motorcycle wheel.,9589
5692,2431723485.jpg,"A girl on a bike is wearing a backpack and a helmet, and riding through a wooded area.",28460
5692,2431723485.jpg,A woman wearing a black helmet riding on a bike,28461
5692,2431723485.jpg,A woman rides her bike by some trees.,28462
5692,2431723485.jpg,A mountain biker rides in the woods.,28463
5692,2431723485.jpg,A biker bikes through the woods.,28464
17502,4042423864.jpg,"Two older men with walking sticks, wearing baggy middle eastern shepherd's clothing, one of whom is wearing a turban and the other a skull cap are crouching on pavement in front of a blue wall.",87510
17502,4042423864.jpg,"Two elderly Middle Eastern men crouch along a blue wall, both have canes.",87511
17502,4042423864.jpg,Two elderly Middle Eastern men with canes squat against a painted wall.,87512
17502,4042423864.jpg,Two elderly men sitting against a blue wall with their canes.,87513
17502,4042423864.jpg,Two elderly men are crouched against a blue wall.,87514
13356,3397259310.jpg,A boy on a skateboard is on a wall near the water and next to grass.,66780
13356,3397259310.jpg,Young man skateboarding on a retaining wall in a suburban area.,66781
13356,3397259310.jpg,The skateboarder does a trick on the low stone wall.,66782
13356,3397259310.jpg,Skateboarder preparing to jump off of stone wall.,66783
13356,3397259310.jpg,A boy on a skateboard is riding on a stone wall,66784
16270,375392855.jpg,A woman skier in yellow and black races down the slope in front of the snow-covered trees.,81350
16270,375392855.jpg,The woman in the yellow jacket is riding on snow skates.,81351
16270,375392855.jpg,A woman snow skiing in a yellow jacket and black pants.,81352
16270,375392855.jpg,A woman in a yellow and black outfit is skiing.,81353
16270,375392855.jpg,A woman skiing down a slope.,81354
23687,4858186528.jpg,"A person touches a baby, wrapped up in a blanket, with several pieces of medical equipment attached to its head",118435
23687,4858186528.jpg,A newborn is swaddled in a striped blanket while someone touches it with both their hands.,118436
23687,4858186528.jpg,A cute baby wrapped in a white blanket with blue and pink stripes.,118437
23687,4858186528.jpg,A baby is swaddled and someone is putting his hands on it.,118438
23687,4858186528.jpg,A person touching a newborn baby.,118439
10311,3030738003.jpg,"A child, with his arms in the air, jumping over a pile of wires in the water.",51555
10311,3030738003.jpg,A shirtless little boy is jumping in the debris ridden water.,51556
10311,3030738003.jpg,A child is jumping into the water next to a pile of seaweed.,51557
10311,3030738003.jpg,A boy jumps near a clump of seaweed on a beach.,51558
10311,3030738003.jpg,A little boy jumping in the water.,51559
5456,241046599.jpg,A small brown dog is running across the grass wearing a purple and green coat.,27280
5456,241046599.jpg,"Brown dog, with green and purple cape, runs on grass.",27281
5456,241046599.jpg,A miniature dachshund has an apron on its back.,27282
5456,241046599.jpg,A small dog wearing a purple and green cape,27283
5456,241046599.jpg,The dog is wearing a purple cape.,27284
376,112411540.jpg,Young man wearing a wear jacket is behind a counter in a jewelry store gazing off into the distance.,1880
376,112411540.jpg,A young man in a gray jacket stands behind the counter of a jewelery store and smiles.,1881
376,112411540.jpg,A man in an olive colored coat is standing in a jewelry store.,1882
376,112411540.jpg,A pleasant young man working at a jewelry store.,1883
376,112411540.jpg,A man is standing behind a counter in a shop.,1884
9877,2975073156.jpg,"Young, boys one boy is hitting another boy while the third boy smiles in the background",49385
9877,2975073156.jpg,Two boys in blue shirts fighting behind a gray car and two other children.,49386
9877,2975073156.jpg,Two boys fighting in a dirt paved parking lot with another boy watching.,49387
9877,2975073156.jpg,Two boys in blue shirts are in front of a gray car.,49388
9877,2975073156.jpg,Two boys in blue shirts fighting in a parking lot,49389
19532,4482614684.jpg,A man in black trouser and black jacket driving a scooter on the road.,97660
19532,4482614684.jpg,"A man sitting on a silver motorcycle, parked outside of a pub.",97661
19532,4482614684.jpg,A man on a silver motorcycle is driving down the street.,97662
19532,4482614684.jpg,A man driving a scooter down a cobblestone road.,97663
19532,4482614684.jpg,A man is sitting on a silver scooter.,97664
16363,3776547343.jpg,"Overhead view of a living room with a man on one couch, sleeping, and a dog on another while a coffee table sits in the middle of the room.",81815
16363,3776547343.jpg,A man wearing a white shirt and black pants laying on a couch.,81816
16363,3776547343.jpg,"A dog rests on a loveseat, while a man lies on a nearby sofa.",81817
16363,3776547343.jpg,A man sleeping on a couch in front of a glass table.,81818
16363,3776547343.jpg,A man and dog sit on couches.,81819
63,101669240.jpg,A person wearing skis looking at framed pictures set up in the snow.,315
63,101669240.jpg,A man in a hat is displaying pictures next to a skier in a blue hat.,316
63,101669240.jpg,A man skis past another man displaying paintings in the snow.,317
63,101669240.jpg,A skier looks at framed pictures in the snow next to trees.,318
63,101669240.jpg,Man on skis looking at artwork for sale in the snow,319
1216,1370293802.jpg,A chef with glasses cooks french bread in a giant oven.,6080
1216,1370293802.jpg,An older Asian man is baking bread sticks in an oven.,6081
1216,1370293802.jpg,A skinny baker retrieving fresh bread from the oven.,6082
1216,1370293802.jpg,A man is taking bread out of the stove.,6083
1216,1370293802.jpg,Man removing bread from an oven.,6084
18848,4379322972.jpg,I see a lot of people with hats and gloves on running a race.,94240
18848,4379322972.jpg,Many marathon runners on a stretch of path in a wintry park.,94241
18848,4379322972.jpg,People are running on a street in the cold.,94242
18848,4379322972.jpg,Many people run a marathon in winter.,94243
18848,4379322972.jpg,Joggers in a race on a cold day.,94244
29804,7673311510.jpg,A man holding a red and white flag rides a horse on the beach with a dog following beside.,149020
29804,7673311510.jpg,"A mounted, uniformed officer and his dog walking on a beach.",149021
29804,7673311510.jpg,A Canadian police officer walks on his horse along the beach.,149022
29804,7673311510.jpg,A man is riding a horse near the beach next to a dog.,149023
29804,7673311510.jpg,A Canadian Mounty and his dog venture to the beach.,149024
13378,3399906919.jpg,A man and his female teammate watch his shot as they play a game of a beer pong.,66890
13378,3399906919.jpg,A man is throwing a small white ball at some red cups.,66891
13378,3399906919.jpg,A man trying to throw a ball into red cups.,66892
13378,3399906919.jpg,The two people are next to a brown house.,66893
13378,3399906919.jpg,People play beer pong.,66894
19779,4511353486.jpg,A person with a snowboard and helmet is standing in front of a backdrop of snow-covered mountains.,98895
19779,4511353486.jpg,A person in a green jacket and blue cap is walking with a mountain of snow in the background.,98896
19779,4511353486.jpg,A person is bundled up in cold weather gear near a snow-covered mountain.,98897
19779,4511353486.jpg,There is a snowboarder carrying their board at the mountains.,98898
19779,4511353486.jpg,A snowboarder on a mountaintop in a bright green jacket.,98899
15498,3654103642.jpg,A white dog and a brown dog run along side each other at the beach.,77490
15498,3654103642.jpg,Two dogs one white and one brown are running together on a beach.,77491
15498,3654103642.jpg,A brown dog and a white dog run along an ocean shoreline,77492
15498,3654103642.jpg,Two dogs are running on a beach.,77493
15498,3654103642.jpg,Two dogs chase along the beach.,77494
7148,2612781974.jpg,"A man is in a midair jump over another man who is sleeping in a bed with black and white striped comforter, in a white room.",35740
7148,2612781974.jpg,"One man is sleeping, the other is jumping on his bed, both are wearing white and look to be on Indian descent.",35741
7148,2612781974.jpg,"One guy, wearing a white shirt and black shorts, is jumping into a bed with another guy sleeping.",35742
7148,2612781974.jpg,"One man is sleeping happily in a bed, while another jumps on it.",35743
7148,2612781974.jpg,Roommate is jumping on friends bed in an attempt to scare him.,35744
30515,8239102645.jpg,"Boys and men, mostly all wearing helmets, hang on to two separate cars while they ride skateboards.",152575
30515,8239102645.jpg,"Several males of varying ages holding on to a car, while on skateboards.",152576
30515,8239102645.jpg,Groups of people skateboarding on the street are holding onto cars.,152577
30515,8239102645.jpg,A group of skateboarders are standing around two vehicles,152578
30515,8239102645.jpg,Skateboarders hold on to a car as it zips down the road.,152579
23712,4859725388.jpg,A man in a red shirt plays the violin on stage.,118560
23712,4859725388.jpg,"A man with long wavy hair, playing the violin.",118561
23712,4859725388.jpg,A man eagerly playing the violin on stage.,118562
23712,4859725388.jpg,A man with long wavy hair plays to violin.,118563
23712,4859725388.jpg,A man plays the violin on stage.,118564
10791,3091916691.jpg,"Two men shaking hands and smiling at the camera, while a third man stands behind them.",53955
10791,3091916691.jpg,A man in a bright pink shirt shakes the hand of a bearded man in a saffron shirt.,53956
10791,3091916691.jpg,Three men stand around in bright solid colored shirts and colorful hats.,53957
10791,3091916691.jpg,A man in a pink shirt stands next to a man in orange.,53958
10791,3091916691.jpg,Three smiling men in brightly-colored shirts.,53959
17458,402978771.jpg,"A woman wearing a vertical striped top, sitting on a bench beside a telephone booth in a train station.",87290
17458,402978771.jpg,A woman sits on a bench next to a pay phone and faces train tracks and a large building.,87291
17458,402978771.jpg,A woman in a striped blouse sits on a bench and waits for a train.,87292
17458,402978771.jpg,A girl in a striped blouse sits on a bench near a pay phone.,87293
17458,402978771.jpg,A woman waiting at a train stop next to a pay phone.,87294
22749,4786291701.jpg,Two men in blue jeans are working on a floor with many buckets of things.,113745
22749,4786291701.jpg,Two men are looking at a floor that is being repaired.,113746
22749,4786291701.jpg,Two men are laying floor tiles in a doorway.,113747
22749,4786291701.jpg,Construction workers lay tile in a doorway.,113748
22749,4786291701.jpg,Two men are working on flooring.,113749
4676,2303356248.jpg,Two kids in snow hats and blue and green coats are swinging on a tire swing out in the snow.,23380
4676,2303356248.jpg,Two young children are being pushed on a tire swing with snow on the ground.,23381
4676,2303356248.jpg,Kids wearing jackets and hats swinging on tire swing in snow,23382
4676,2303356248.jpg,Two children swing in a tire in the snow at a park.,23383
4676,2303356248.jpg,Two children swing on a tire swing on a snowy day.,23384
16948,3906226917.jpg,"Six dancers dressed in orange, white and black costumes entertain a crowd while performing at a basketball game.",84740
16948,3906226917.jpg,Five girls wearing orange shirts and one legging dancing at a game.,84741
16948,3906226917.jpg,Girls dressed in orange and white are dancing on a basketball court,84742
16948,3906226917.jpg,Six girls are dancing in a line at a sporting event in a gym.,84743
16948,3906226917.jpg,Dancers in a sport even performing for the stands.,84744
24177,4898823461.jpg,A group of trendily-dressed teenagers standing on a street-corner about to cross the street.,120885
24177,4898823461.jpg,A group of people is waiting to cross the street and the two girls in front have shorts on.,120886
24177,4898823461.jpg,A couple of people standing near the edge of a sidewalk.,120887
24177,4898823461.jpg,A group of young people waiting to cross a street.,120888
24177,4898823461.jpg,A group of people standing on the corner.,120889
18868,4383269886.jpg,A woman in a blue headband and goggles is walking or running in an public walk or run.,94340
18868,4383269886.jpg,A group of people are running a race in cold weather.,94341
18868,4383269886.jpg,A woman in a black shirt in a race for some cause.,94342
18868,4383269886.jpg,Runners compete on a cold day in the city.,94343
18868,4383269886.jpg,People are running a race in a park.,94344
24929,4961215860.jpg,A man talks on his mobile phone while pumping gas at a gas station.,124645
24929,4961215860.jpg,A man is talking on a cellphone while filling his car with gas.,124646
24929,4961215860.jpg,A man pumping gas while on his cellphone.,124647
24929,4961215860.jpg,A black man getting gas at a gas station.,124648
24929,4961215860.jpg,A man on his cellphone pumping gas.,124649
10591,3067971348.jpg,A girl is riding a bike and everyone is rushing by her in the city.,52955
10591,3067971348.jpg,A cyclist is riding along a white line in a busy city center.,52956
10591,3067971348.jpg,Pedestrians and bikers crossing a busy street,52957
10591,3067971348.jpg,A stop action picture of a woman on a bicycle,52958
10591,3067971348.jpg,The city at night.,52959
2712,1930975781.jpg,A man with a guitar is at a microphone while the drummer seems to be resting and the other guitarist has his back to him.,13560
2712,1930975781.jpg,"A band of two men playing guitars and a man playing the drums, are singing on a stage.",13561
2712,1930975781.jpg,The guy with ripped jeans is singing and playing the guitar.,13562
2712,1930975781.jpg,Three people on stage singing and playing instruments.,13563
2712,1930975781.jpg,A band is performing on stage.,13564
9010,2863458991.jpg,A woman has a orange cap on and a orange jacket over her shoulder.,45050
9010,2863458991.jpg,A woman is covering her mouth with an orange sweatshirt.,45051
9010,2863458991.jpg,A lady covering her face with an orange sweater.,45052
9010,2863458991.jpg,A woman wearing a bright orange headdress.,45053
9010,2863458991.jpg,A girl in black dress and orange jacket.,45054
28900,7006590104.jpg,"Two professional soccer players compete in a stadium on AstroTurf during a soccer match, and one player is controlling the ball while the other is running after him trying to defend it.",144500
28900,7006590104.jpg,"Two athletes, one wearing purple and blue stripes and the other wearing blue and white stripes, are playing soccer on a field.",144501
28900,7006590104.jpg,"Two soccer players playing one running towards the other, the other one getting ready to kick the soccer ball.",144502
28900,7006590104.jpg,Two fellow soccer players are running towards the ball on a soccer field.,144503
28900,7006590104.jpg,Two professional soccer players are playing with a ball on the field.,144504
10955,3110818388.jpg,"As part of a manicure, a person has their nails filed to the proper length and shape.",54775
10955,3110818388.jpg,Two people's hands; one of them is doing the other's nails with an emery board.,54776
10955,3110818388.jpg,Salon professional filing the nails of a customer with the long sleeves on.,54777
10955,3110818388.jpg,A hand holding a nail file files someone's nail over a peach towel.,54778
10955,3110818388.jpg,Person receiving a manicure.,54779
10641,3074842262.jpg,A kid in a blue top leaps into a raked pile of leaves in front of trees.,53205
10641,3074842262.jpg,A boy with blue shirt kicking off dead leaves from a pile of leaves.,53206
10641,3074842262.jpg,A young boy standing with a raised leg in a large pile of leaves.,53207
10641,3074842262.jpg,A little boy in blue is running through a pile of brown leaves.,53208
10641,3074842262.jpg,A boy kicks through a pile of leaves.,53209
11672,319869052.jpg,A person stands next to a rock monument with his hand near his head.,58360
11672,319869052.jpg,A person screening their eyes standing beside a tower of flat stone.,58361
11672,319869052.jpg,A man is on top of a ridge looking at a small stone tower.,58362
11672,319869052.jpg,A man puts his hand to his head on a rock wall.,58363
11672,319869052.jpg,A man looking at a rock formation.,58364
22654,4777127857.jpg,A dark-haired woman in a black coat and blue jeans sitting on white stone bench outdoors,113270
22654,4777127857.jpg,A woman sits on a bench underneath a sphinx sculpture.,113271
22654,4777127857.jpg,A lady wearing glasses sitting on a cement bench.,113272
22654,4777127857.jpg,A woman is sitting on a white bench.,113273
22654,4777127857.jpg,A woman is sitting on a bench.,113274
27897,6351255882.jpg,A group of people all wearing silver colored crowns and a woman wearing a gold crown all at a table full of plates and glasses.,139485
27897,6351255882.jpg,A dinner party is occurring with numerous people who are all wearing crowns and eating food at a candle lit dining room.,139486
27897,6351255882.jpg,Several people wearing foil crowns gathered around a table eating.,139487
27897,6351255882.jpg,A group of people are wearing crowns at a long dinner table.,139488
27897,6351255882.jpg,Many people wear metallic crowns and enjoy a feast.,139489
10922,3106791484.jpg,Boy is bouncing over the bed wearing a black t-shirt.,54610
10922,3106791484.jpg,Boy in black shirt jumps onto bed from dresser.,54611
10922,3106791484.jpg,A blond child is jumping facefirst onto a bed.,54612
10922,3106791484.jpg,Little blond boy is falling onto a bed.,54613
10922,3106791484.jpg,A little boy jumps onto a bed.,54614
22912,4801849846.jpg,A man in a pink shirt walks in front of a blue storefront next to a lime green storm front.,114560
22912,4801849846.jpg,A man in slacks walks on a sidewalk in front of brightly-painted buildings.,114561
22912,4801849846.jpg,A man is walking down the sidewalk in front of the colorful building.,114562
22912,4801849846.jpg,Man in pink shirt and tan pants talking a walk.,114563
22912,4801849846.jpg,Man in a pink shirt walking down a street.,114564
22530,476496952.jpg,A man steps off a bus carrying a large bag on his shoulder.,112650
22530,476496952.jpg,A boy carries a large bag on his head from a van.,112651
22530,476496952.jpg,A young child carries a large bag over his head.,112652
22530,476496952.jpg,Boy carries big white and red bag from truck.,112653
22530,476496952.jpg,A young man carries a large bag.,112654
18164,4204912347.jpg,"A man in a white snowsuit, shoveling a large amount of snow.",90820
18164,4204912347.jpg,A man in white snow gear is shoveling snow.,90821
18164,4204912347.jpg,A man dressed in white shovels snow.,90822
18164,4204912347.jpg,A male is walking down a snowy road.,90823
18164,4204912347.jpg,A man shovels snow on a cold day.,90824
29474,7433123648.jpg,"Two people dressed in their bicycle attire racing against each other or in a marathon race, racing on pavement.",147370
29474,7433123648.jpg,Two people are riding bicycles next to each other on ground with grass in the background.,147371
29474,7433123648.jpg,Two cyclists in blue uniforms compete against each other down the bicycle course.,147372
29474,7433123648.jpg,Two men racing down a street in a bicycle race.,147373
29474,7433123648.jpg,Two men ride there bike during the race.,147374
3275,2090997177.jpg,A short black dog is walking over a barren landscape.,16375
3275,2090997177.jpg,A small black dog running across the sand.,16376
3275,2090997177.jpg,A small black dog walks in the sand.,16377
3275,2090997177.jpg,A black dog bounds across the sand.,16378
3275,2090997177.jpg,A dog walking across the desert.,16379
17821,4111709447.jpg,A red jacketed young man uses a bullhorn to shout in front of a large protest banner.,89105
17821,4111709447.jpg,A woman wearing red speaks through a megaphone while walking in front of a banner.,89106
17821,4111709447.jpg,A woman in a red shirt talks into a megaphone in front of a hand painted banner.,89107
17821,4111709447.jpg,A man in a red plaid shirt using a bull horn to talk to a crowd of people.,89108
17821,4111709447.jpg,A girl in a red sweater speaks into a megaphone.,89109
22195,4739671194.jpg,"A large crowd gathers at an event, some wave black, red and yellow flags and some have stripes of those colors painted on their faces.",110975
22195,4739671194.jpg,"A crowd sports the colors red, black and yellow on the painted faces and clothing while waving flags of the same color.",110976
22195,4739671194.jpg,"Many young people on a street, celebrating some concert or event and waving adeleide club flags.",110977
22195,4739671194.jpg,"A group of people are congregated and a few of them are waiving black, red and yellow flags.",110978
22195,4739671194.jpg,Large crowd of people with some waving flags.,110979
7362,2642475077.jpg,A young blond woman wearing a hat and sunglasses talks on her cellphone.,36810
7362,2642475077.jpg,Woman with dark glasses and ball cap talking on a cellphone,36811
7362,2642475077.jpg,A blond woman in sunglasses and hat talks on a cellphone.,36812
7362,2642475077.jpg,A lady with a baseball cap on talking on he cellphone,36813
7362,2642475077.jpg,A woman talks on the phone at a stadium.,36814
13686,3437238970.jpg,A group of middle-aged women stand at a bus stop; two of the women prepare to board the bus.,68430
13686,3437238970.jpg,Two women with dark hair are standing together outside of a bus.,68431
13686,3437238970.jpg,Two women are standing next to a bus.,68432
13686,3437238970.jpg,Two women standing outside of a bus.,68433
13686,3437238970.jpg,Two women stand in front of a bus.,68434
20897,4635157412.jpg,Two men are standing on a ledge looking over a railing.,104485
20897,4635157412.jpg,Two people leaning over a fence looking at the water.,104486
20897,4635157412.jpg,Two men look thoughtfully off the side of a bridge.,104487
20897,4635157412.jpg,Two people enjoying a sunny day on the pier.,104488
20897,4635157412.jpg,Two individuals are looking down the bridge.,104489
18587,4324845330.jpg,"Three people, each wearing pair of red snowshoes, relax in the snow.",92935
18587,4324845330.jpg,Three people are laying down in the snow with snowshoe gear on.,92936
18587,4324845330.jpg,Three people in winter clothing lying down in the snow.,92937
18587,4324845330.jpg,A group of people laying in the snow.,92938
18587,4324845330.jpg,Three people laying in the snow.,92939
29737,7636785060.jpg,A man in a pink and green shirt is riding down what appears to be a parade route while on a tiny bicycle.,148685
29737,7636785060.jpg,A bald man in white sunglasses and a green shirt rides a comically small yellow bike.,148686
29737,7636785060.jpg,"A guy, wearing a green shirt and white sunglasses, is peddling a tiny bicycle.",148687
29737,7636785060.jpg,A bald man wearing sunglasses peddling a very small bicycle.,148688
29737,7636785060.jpg,A young man is riding a very small bike in the city.,148689
29835,7700078440.jpg,A member of one volleyball team has just sent the volleyball over the net while the other team is attempting to block it.,149175
29835,7700078440.jpg,Two volleyball teams face off against each other and one team is getting ready to block or spike the ball.,149176
29835,7700078440.jpg,Two female volleyball teams are competing in a volleyball game with spectators in the background.,149177
29835,7700078440.jpg,Two teams of women all wearing uniforms competing against each other in a game of volleyball.,149178
29835,7700078440.jpg,An intense game of women's volleyball is taking place indoors.,149179
5237,2378196105.jpg,An athlete tests his skills and stamina by jumping onto boxes out near the track field.,26185
5237,2378196105.jpg,A man jumping over boxes for exercise in the middle of a high school track.,26186
5237,2378196105.jpg,A man with a blue outfit jumping over evenly planted boxes.,26187
5237,2378196105.jpg,An African American boy jumps over boxes at a track.,26188
5237,2378196105.jpg,The man is jumping over blocks on a track.,26189
27967,6413464907.jpg,"A person wearing a blue helmet, a t-shirt, and blue jean shorts is outside on a skateboard.",139835
27967,6413464907.jpg,"A skateboarder moving extremely quickly, attempting to turn while going down a hill.",139836
27967,6413464907.jpg,An male in a white t-shirt and denim shorts skateboarding down a path.,139837
27967,6413464907.jpg,Someone skating boarding quickly down a road.,139838
27967,6413464907.jpg,A young man in jean shorts is skateboarding.,139839
17689,4084558283.jpg,"Three dogs pulling a man in a brown jumpsuit and a baby in a blue snowsuit, on a sled in a snowy forest.",88445
17689,4084558283.jpg,The man is giving the child a ride on his dog sled.,88446
17689,4084558283.jpg,Man and his sled dogs traveling down a snowy road.,88447
17689,4084558283.jpg,Man dog sledding with his child in the icy snow.,88448
17689,4084558283.jpg,Man and child being pulled by three dogs.,88449
22032,4726725769.jpg,A man in black hugging a girl in white with red flowers next to them.,110160
22032,4726725769.jpg,Man and woman hugging in the park in the shadows.,110161
22032,4726725769.jpg,A man and a woman share a sweet embrace.,110162
22032,4726725769.jpg,A couple hugging each other in public.,110163
22032,4726725769.jpg,A couple embraces on a busy street.,110164
3143,2074244690.jpg,A group of men and women are facing in the direction of something that is happening off-camera.,15715
3143,2074244690.jpg,A girl who is surrounded by other people is taking a picture at a concert.,15716
3143,2074244690.jpg,A group of people gathered at night watching an event.,15717
3143,2074244690.jpg,Several people are gathered and watching an event.,15718
3143,2074244690.jpg,A group of people gathered for an event,15719
10779,3091369572.jpg,Two men on stage playing guitar and singing with pink shirt and cowboy hat.,53895
10779,3091369572.jpg,Two men with guitars are performing on stage.,53896
10779,3091369572.jpg,Two men on stage playing guitar.,53897
10779,3091369572.jpg,Two men playing their guitars.,53898
10779,3091369572.jpg,Two men play electric guitars.,53899
1461,1428349199.jpg,A man wearing brown shorts and blue shirt holding netting and standing on a chair.,7305
1461,1428349199.jpg,Barefoot worker on chair laying out roofing for small garden enclosure.,7306
1461,1428349199.jpg,A man sorts though his fish net on a makeshift frame.,7307
1461,1428349199.jpg,A man in shorts standing on a chair making a hut.,7308
1461,1428349199.jpg,Man standing on a chair with a net.,7309
8142,2746877062.jpg,Two men apply plaster to the outside of a building.,40710
8142,2746877062.jpg,Two men painting with their supplies around them.,40711
8142,2746877062.jpg,Two men are putting plaster on a building.,40712
8142,2746877062.jpg,Two men working on a scaffold.,40713
8142,2746877062.jpg,People overlooking water.,40714
16022,371769150.jpg,A person in a gray jacket with a black messenger back looks over the nearby river and bridge.,80110
16022,371769150.jpg,A person with a blue jacket and a black hat is looking at a blue bridge over the river.,80111
16022,371769150.jpg,A man wearing a gray jacket and khaki pants stands on dead grass next to a lake.,80112
16022,371769150.jpg,A man with a blue jacket and a duffel bag is facing the water's edge.,80113
16022,371769150.jpg,Man walks along a river bed approaching a bridge.,80114
19673,4500612934.jpg,"A person wearing a blue and yellow snowsuit, a blue helmet and snow goggles is moving down a snow covered incline.",98365
19673,4500612934.jpg,A person in a blue and yellow snowsuit is snowboarding and snow is coming up in the air around the board.,98366
19673,4500612934.jpg,"A very adventurous snowboarder rips through powder snow with speed, agility, and concentration.",98367
19673,4500612934.jpg,"Person snowboarding downwards in the snow, wearing snow gear.",98368
19673,4500612934.jpg,A snowboarder slides through the freshly fallen powder snow.,98369
8113,2744017957.jpg,A gentleman in a short-sleeved shirt and pants shines a person's shoe outside while other people walk past.,40565
8113,2744017957.jpg,"A man is sitting on a stool, shining another man's black shoes.",40566
8113,2744017957.jpg,A middle-aged man shines black leather shoes.,40567
8113,2744017957.jpg,A man shines shoes on a busy sidewalk.,40568
8113,2744017957.jpg,Older gentleman shining a shoe.,40569
18316,425725042.jpg,A man wearing a blue apron in a room filled with equipment performs a blurred action with what seems to be a pitcher.,91580
18316,425725042.jpg,A man wearing an apron and a gray shirt is working in a white tiled area with some equipment.,91581
18316,425725042.jpg,"A man wearing an apron works in a crude, makeshift lab.",91582
18316,425725042.jpg,A man in an apron is using shop equipment.,91583
18316,425725042.jpg,Two men cleaning dishes.,91584
9694,2946354846.jpg,"Two girls, one with an umbrella and the other in a swimsuit, run through a fountain.",48470
9694,2946354846.jpg,Two young girls are running through a fountain.,48471
9694,2946354846.jpg,Two little girls are playing in the fountains.,48472
9694,2946354846.jpg,Two young girls play in public sprinklers.,48473
9694,2946354846.jpg,Two little girls play in a fountain.,48474
2173,1679607622.jpg,A man sits in a chair on a bus or plane reading a newspaper.,10865
2173,1679607622.jpg,A man is reading a newspaper on a train or bus.,10866
2173,1679607622.jpg,A man is reading a newspaper on a train.,10867
2173,1679607622.jpg,Someone on a bus reading a newspaper.,10868
2173,1679607622.jpg,A man reading a newspaper in a train.,10869
3932,2203234266.jpg,A man wearing a blue t-shirt is grilling food while a woman wearing a pink tank top watches.,19660
3932,2203234266.jpg,A young man tends chicken wings on a barbecue while a young woman in a pink shirt watches.,19661
3932,2203234266.jpg,Man in blue shirt grilling chicken wings.,19662
3932,2203234266.jpg,A man and a woman are grilling outdoors.,19663
3932,2203234266.jpg,A man barbecues chicken on a grill.,19664
3933,2203286182.jpg,A black dog is attempting to catch a thrown object that is red.,19665
3933,2203286182.jpg,A fast black and white dog is running to catch a red Frisbee.,19666
3933,2203286182.jpg,A black dog is chasing after a red Frisbee.,19667
3933,2203286182.jpg,A black dog about to catch a flying disc.,19668
3933,2203286182.jpg,Black dog chasing an orange Frisbee.,19669
23676,4857790406.jpg,A young man in a blue checkered dress shirt sits with a young woman in a black and white striped shirt and another young woman in a white shirt as they sit on each of his legs in a park.,118380
23676,4857790406.jpg,Young man sitting on fencing in front of beautiful flowers garden holding two young ladies on his knees.,118381
23676,4857790406.jpg,Two Asian ladies sitting on a man's lap outside in a garden.,118382
23676,4857790406.jpg,Two teenage girls sit on a man's lap in a public park.,118383
23676,4857790406.jpg,The two girls are sitting on a man's lap and smiling.,118384
28700,6929099939.jpg,"A young boy wearing a gray hat, dressed in mostly black, accept for his shoelaces, playing on his skateboard.",143500
28700,6929099939.jpg,A young boy in a gray beanie is flipping a skateboard off of a curb in an area with graffited walls.,143501
28700,6929099939.jpg,A boy wearing a black t-shirt and gray stocking cap works on his skateboard skills.,143502
28700,6929099939.jpg,A boy is skateboarding near a graffiti-marked underpass.,143503
28700,6929099939.jpg,A boy is kicking over his skateboard.,143504
27598,6208991202.jpg,Two men in jeans and button down shirts are dancing while a woman in black pants and a gray shirt takes their picture.,137990
27598,6208991202.jpg,Two men making dance moves as a woman films the event in the living room of a house or apartment.,137991
27598,6208991202.jpg,Two men are practicing a dance routine while their friend captures it on camera.,137992
27598,6208991202.jpg,Two men are practicing dance moves while a lady takes a photo.,137993
27598,6208991202.jpg,Two man dancing while posing for a picture.,137994
13266,3385593926.jpg,The dogs are in the snow in front of a fence.,66330
13266,3385593926.jpg,Two brown dogs playfully fight in the snow.,66331
13266,3385593926.jpg,Two brown dogs wrestle in the snow.,66332
13266,3385593926.jpg,Two dogs playing in the snow.,66333
13266,3385593926.jpg,The dogs play on the snow.,66334
30032,781118358.jpg,"A little boy with brown curly hair, wearing a red shirt, is jumping on a white bed.",150160
30032,781118358.jpg,The young boy in the red and blue outfit is poised in midair.,150161
30032,781118358.jpg,A young boy in a red shirt jumps on a bed.,150162
30032,781118358.jpg,A curly-haired boy jumps up on a bed.,150163
30032,781118358.jpg,A little boy jumping on the bed,150164
12752,3329289652.jpg,Two blond boys play with Legos from a clear plastic bin with a sofa in the background.,63760
12752,3329289652.jpg,Two little boys are at a table with a box of Legos.,63761
12752,3329289652.jpg,Two kids are playing with a box of Legos.,63762
12752,3329289652.jpg,The boys are playing with Legos.,63763
12752,3329289652.jpg,Two boys play with Legos.,63764
7470,2656688132.jpg,A person stands with a small dog balancing on their leg.,37350
7470,2656688132.jpg,The person is walking with a small black and white dog.,37351
7470,2656688132.jpg,A woman carrying a small black dog between her legs.,37352
7470,2656688132.jpg,A little dog is sitting on a person's bent leg.,37353
7470,2656688132.jpg,A person with a small dog caught in her legs,37354
11139,3135424930.jpg,Two women wearing winter coats examine a wall with papers attached to it.,55695
11139,3135424930.jpg,The lady in the red jacket is helping the other lady decide what to buy.,55696
11139,3135424930.jpg,Two woman are looking on different types of papers and photos on a wall,55697
11139,3135424930.jpg,Two woman wearing jackets are looking at a board.,55698
11139,3135424930.jpg,Two ladies are looking at jewelry.,55699
12454,3289817083.jpg,The man holds the child while the child pets a brown horse.,62270
12454,3289817083.jpg,A toddler is petting a brown and cream colored pony.,62271
12454,3289817083.jpg,A man holding a baby who is petting a pony.,62272
12454,3289817083.jpg,A family pets a brown and white pony,62273
12454,3289817083.jpg,A child and parent pet a horse.,62274
2734,1941285231.jpg,"A group of four young men, who appear to be students, walk away from a bus stop in a school zone.",13670
2734,1941285231.jpg,A group of young guys are walking together near a street in cloudy weather.,13671
2734,1941285231.jpg,A group of boys walking along a highway by a nearby school.,13672
2734,1941285231.jpg,Four young men wearing black clothing are walking together.,13673
2734,1941285231.jpg,Four men are walking on the street in a cold weather,13674
11706,3202798691.jpg,A man in a white shirt on a bicycle with a Coca Cola crate on the back rides down a red dirt road.,58530
11706,3202798691.jpg,Single black male riding a bike with a basket on the back that says coca-cola on it.,58531
11706,3202798691.jpg,This man is riding a bicycle with a coca-cola basket on the back down a dirt road.,58532
11706,3202798691.jpg,A man is riding a bicycle down a dirt road.,58533
11706,3202798691.jpg,A man is riding a bike along a dirt trail.,58534
16016,3717258171.jpg,"Vibrant colored dress wearing, long-haired women and men, under a bridge, dance in joy while a lone member holds up a peace sign with her hand.",80080
16016,3717258171.jpg,Five women and one man are wearing multicolored skirts dancing under a grooved structure.,80081
16016,3717258171.jpg,Several women that look like they are head-banging.,80082
16016,3717258171.jpg,Six enthusiastic young women happily dance.,80083
16016,3717258171.jpg,Several women dancing and jumping around.,80084
12683,332124056.jpg,A man and woman sit on the floor with two children as one child reads a book and another opens a present.,63415
12683,332124056.jpg,A man and woman and two small children are sitting in the floor with wrapped Christmas presents.,63416
12683,332124056.jpg,A blond boy and a blond girl open their gifts on Christmas while the parents watch.,63417
12683,332124056.jpg,Two children and their parents are on the floor opening presents.,63418
12683,332124056.jpg,The people were busy reading materials.,63419
5830,2446928775.jpg,"A man in formal wear, holding a microphone in one hand and a pen in the other, appears to be giving a speech.",29150
5830,2446928775.jpg,A man in a plaid shirt and suit coat has a microphone in one hand and a pen in the other.,29151
5830,2446928775.jpg,A man with a pen in his right hand speaks into a microphone.,29152
5830,2446928775.jpg,A public speaker in a plaid shirt speaks on the microphone.,29153
5830,2446928775.jpg,A man in a sports coat is talking into a microphone.,29154
17435,402229993.jpg,Ethnic woman in traditional clothing sitting on the ground by artwork designs in chalk.,87175
17435,402229993.jpg,"An Indian woman is sitting on the ground, amongst drawings, rocks and shrubbery.",87176
17435,402229993.jpg,A woman sits as she shows the designs she has made in the floor.,87177
17435,402229993.jpg,An older Indian woman is sitting near some drawings.,87178
17435,402229993.jpg,Man in robe making designs on dirt ground.,87179
15471,3650188378.jpg,Three people in uniform are outdoors and are observing a scene which is out of the picture.,77355
15471,3650188378.jpg,Two people dressed up like the Ghostbusters standing on the sidewalk.,77356
15471,3650188378.jpg,A man and a woman are dressed up as ghost busters on a city street.,77357
15471,3650188378.jpg,People in Ghostbusters outfits stand on a sidewalk.,77358
15471,3650188378.jpg,Three ghostbuster impersonators,77359
30474,8204629082.jpg,A man is singing on stage wearing a white shirt and a black vest and black pants while holding a guitar.,152370
30474,8204629082.jpg,An older gentleman wearing a white shirt and black vest is playing a guitar while singing.,152371
30474,8204629082.jpg,A man in a black vest is playing a guitar and another man playing a guitar beside him.,152372
30474,8204629082.jpg,A balding man is playing guitar and singing.,152373
30474,8204629082.jpg,A band of older men perform live on stage.,152374
10208,3019609769.jpg,A small group of black adults and children are walking on a brown surface.,51040
10208,3019609769.jpg,A group of people are walking down a road passing by some barb-wire.,51041
10208,3019609769.jpg,A poor family is leaving their home with only a few belongings.,51042
10208,3019609769.jpg,A group of people carrying bags walk near a barb wire fence.,51043
10208,3019609769.jpg,A group of dark-skinned people are walking past barbed wire.,51044
16147,3731739486.jpg,"Four people, One male in a blue shirt and slacks with three females, one in pink, one in blue, and the other with a white shirt and blue blouse, in line to enter a yellow school bus, while a female in pink hold paper is on the phone.",80735
16147,3731739486.jpg,A line of people are leaving the sidewalk and entering a yellow school bus.,80736
16147,3731739486.jpg,3 women and a man waiting in line to board a yellow bus.,80737
16147,3731739486.jpg,4 young adults are lined up to get onto a school bus.,80738
16147,3731739486.jpg,People are getting ready to get on the bus,80739
4693,2305872258.jpg,Two young children huddle around a woman on the street between two green and yellow trolleys.,23465
4693,2305872258.jpg,"Three children and a woman, all dressed in dirty clothes, are sitting in a parking lot.",23466
4693,2305872258.jpg,A child wearing a light blue sweatshirt stands near green and yellow vehicles.,23467
4693,2305872258.jpg,Children gathered around a woman on the sidewalk.,23468
4693,2305872258.jpg,A woman with three young children.,23469
25186,4983404972.jpg,Two people stand on the steps of a large outdoor set of stairs made out of stone.,125930
25186,4983404972.jpg,Two children are standing along the edge of a large stone stairwell.,125931
25186,4983404972.jpg,Children resting and walking up many steps.,125932
25186,4983404972.jpg,Two children stand on very old stairs.,125933
25186,4983404972.jpg,Two people standing on stone stairs.,125934
22421,4758362871.jpg,A cyclist in a yellow shirt and blue helmet is cycling past a building covered in graffiti.,112105
22421,4758362871.jpg,"A bicyclist wearing a yellow shirt and black shorts, riding by a wall of graffiti.",112106
22421,4758362871.jpg,A bicyclists drive by a building covered in graffiti.,112107
22421,4758362871.jpg,A bicyclist pedals by a wall covered in graffiti.,112108
22421,4758362871.jpg,Cyclist in yellow shirt rides past graffiti.,112109
7544,2665586311.jpg,"The girl dressed in purple walks through the alley, followed by a girl in pink.",37720
7544,2665586311.jpg,"A girl in pink pants running, an ornate Spanish ruin in the background.",37721
7544,2665586311.jpg,Two little girls play around an old abandoned building.,37722
7544,2665586311.jpg,Two children within the ruins of a building.,37723
7544,2665586311.jpg,"Two girls, one running away from the wall.",37724
9541,2929181389.jpg,"Multiple people, most prominently a woman in a skirt and black top, stand in front of a row of orange laundromat style clothes washers.",47705
9541,2929181389.jpg,A woman wearing a black tank top and a colorful skirt is looking at the available machines in a laundromat.,47706
9541,2929181389.jpg,A lady in a black shirt and floral patterned skirt is walking next to dryers in a laundry mat.,47707
9541,2929181389.jpg,A woman in a floral skirt walking through the laundry mat.,47708
9541,2929181389.jpg,A shot of a few people in a laundromat.,47709
11412,3172239116.jpg,A young boy in a blue shirt is surrounded by cheerleaders wearing red and white.,57060
11412,3172239116.jpg,The little boy in the blue shirt is surrounded by cheerleaders.,57061
11412,3172239116.jpg,A group of Seminole cheerleaders embrace a young fan at a game.,57062
11412,3172239116.jpg,The cheerleader is holding the child with a smile on her face.,57063
11412,3172239116.jpg,A group of cheerleaders surround a small child.,57064
5567,241959826.jpg,Three individuals preparing food on a kitchen counter.,27835
5567,241959826.jpg,Three young adults are cooking in a kitchen together.,27836
5567,241959826.jpg,The students are preparing food in the kitchen.,27837
5567,241959826.jpg,The girl in the back is wearing a black shirt.,27838
5567,241959826.jpg,Three students preparing a meal with onions.,27839
3508,2125288750.jpg,"Two people, one wearing an orange jersey and a white belt, and another wearing a blue jersey and a red belt are playing flag football.",17540
3508,2125288750.jpg,A woman in an orange jersey is holding a football and being pursued by a woman in a blue t-shirt on a field.,17541
3508,2125288750.jpg,A guy in a blue shirt chases a guy in an orange shirt during a game of flag football.,17542
3508,2125288750.jpg,A flag football player in a red jersey is being pursued by one in a blue jersey.,17543
3508,2125288750.jpg,One man is chasing another man with a football in a game of flag football.,17544
8314,2767646251.jpg,A man is waiting at a food counter waiting for the cook to put chips on the plate.,41570
8314,2767646251.jpg,A man in a black shirt and jeans is purchasing food from a counter.,41571
8314,2767646251.jpg,"Two people are in a garage, while one is pouring out a bag.",41572
8314,2767646251.jpg,A man and woman standing at a counter with food.,41573
8314,2767646251.jpg,Man at bar with a green drink.,41574
16420,3790112538.jpg,Five individuals jumping with their arms straight up in front of the ocean.,82100
16420,3790112538.jpg,People jumping in beach clothing on a beach with their arms raised.,82101
16420,3790112538.jpg,Five young people jump in joy at edge of the tropical ocean.,82102
16420,3790112538.jpg,Five young adults are on the beach jumping in the air,82103
16420,3790112538.jpg,Five people jumping on an ocean beach,82104
6642,2546959333.jpg,The large brown dog is playing in the grass with a brown cow.,33210
6642,2546959333.jpg,A dog nipping at the feet of a cow.,33211
6642,2546959333.jpg,The dog is running after the bull.,33212
6642,2546959333.jpg,Two dogs outside on green grass.,33213
6642,2546959333.jpg,A dog pounces on the grass.,33214
26373,5496383084.jpg,"A woman with long hair wearing a red jacket, orange pants and brown boots holds one hand high in the air as she bends over with one leg extended further than the other with no discernible floor under her feet.",131865
26373,5496383084.jpg,"A woman with long, red-hair dances, perched atop church pews.",131866
26373,5496383084.jpg,A girl kneeling down in what appears to be a church.,131867
26373,5496383084.jpg,A woman dancing on top of church benches.,131868
26373,5496383084.jpg,A woman balancing on pews and dancing.,131869
23787,4864287206.jpg,"Two young boys, one holding an unicef bag, the other an unicef bucket.",118935
23787,4864287206.jpg,Two boys are holding up a blue Unicef bag and a blue Unicef bucket.,118936
23787,4864287206.jpg,Two young children holding blue Unicef bags and buckets.,118937
23787,4864287206.jpg,Two little boys are holding blue unicef containers.,118938
23787,4864287206.jpg,Two young boys holding items from Unicef.,118939
29672,75897060.jpg,A man wearing a black jacket and blue hat wields an ice pick carving into a block of ice.,148360
29672,75897060.jpg,A guy with an interesting light blue hat sculpting ice.,148361
29672,75897060.jpg,A man in a light blue cap is carving an ice sculpture.,148362
29672,75897060.jpg,A man in a blue hat is sculpting a piece of ice.,148363
29672,75897060.jpg,A man is ice sculpting in public.,148364
13079,3363836972.jpg,"Man in red, white and blue sport uniform on field with soccer ball above ground in front of him.",65395
13079,3363836972.jpg,A soccer player kicks a ball into the unmanned goal.,65396
13079,3363836972.jpg,View of a soccer ball being kicked into a goal net,65397
13079,3363836972.jpg,A soccer player prepares to kick the ball.,65398
13079,3363836972.jpg,A soccer player kicking a goal in,65399
6495,2536853263.jpg,Two people with hard hats and orange vests are working.,32475
6495,2536853263.jpg,Workmen on a scaffolding inside a brightly lit tunnel.,32476
6495,2536853263.jpg,Two construction workers are working on a scaffold.,32477
6495,2536853263.jpg,"Men in a Subway station, doing maintenance work.",32478
6495,2536853263.jpg,Men standing on scaffolding are working.,32479
4916,2334933083.jpg,A person wearing a striped skirt and head covering is walking with a bowl on her head while a child follows behind.,24580
4916,2334933083.jpg,A woman with a bowl on her head being followed by a child walking in front of a large white wall.,24581
4916,2334933083.jpg,A boy follows a woman holding a basket on her head as they pass a tall white building.,24582
4916,2334933083.jpg,A woman carrying a bowl on her head is walking ahead of a child outside.,24583
4916,2334933083.jpg,A young boy walking behind a woman.,24584
27870,6337899496.jpg,"There are two men, one in green, one in blue, opposing each other on the rugby field, both going for the ball in front of a large crowd.",139350
27870,6337899496.jpg,Men in green and blue play soccer with an audience in mostly blue.,139351
27870,6337899496.jpg,A goalie is throwing the ball to his teammate in a soccer match.,139352
27870,6337899496.jpg,These two men are going for the ball at a soccer match.,139353
27870,6337899496.jpg,Two athletes square off in a competitive match.,139354
4745,2312746782.jpg,The small girl in the red shirt pushes the little boy on the baby swing.,23725
4745,2312746782.jpg,A little girl is pushing a little boy who is sitting on a swing.,23726
4745,2312746782.jpg,A girl pushes a boy on a swing on a sandy playground.,23727
4745,2312746782.jpg,A little girl pushes a little boy on the swing.,23728
4745,2312746782.jpg,A girl stands behind a boy in a swing.,23729
8150,2747714500.jpg,Young girl in wading pool with onlooker in red shirt and backpack standing on the side,40750
8150,2747714500.jpg,A girl wearing a yellow dress is playing in water while others are watching.,40751
8150,2747714500.jpg,A little girl in a yellow shirt runs through a fountain in a busy park,40752
8150,2747714500.jpg,A little girl dressed in yellow splashes in a shallow pool.,40753
8150,2747714500.jpg,A girl in a yellow shirt plays in the water.,40754
9389,2909875716.jpg,A young woman in a sunny meadow watches her yellow scarf blow in the wind.,46945
9389,2909875716.jpg,A girl in along grass field is spinning some yellow material around her.,46946
9389,2909875716.jpg,Woman in a field of tall grass and wildflowers holding up a yellow scarf,46947
9389,2909875716.jpg,A woman in a field enjoys her clothing being blown by the wind.,46948
9389,2909875716.jpg,A girl in a field with a yellow scarf.,46949
28353,6788553859.jpg,Ice hockey goalie in white and blue prepares to block the puck from opposing player in blue.,141765
28353,6788553859.jpg,A goalie deflects a puck at a hockey game.,141766
28353,6788553859.jpg,Two men are playing ice hockey at a rink.,141767
28353,6788553859.jpg,A hockey goalie is about to catch a puck.,141768
28353,6788553859.jpg,Hockey goalie making a save.,141769
19295,4452463739.jpg,"A man dressed in slacks and a tie is riding a bicycle, followed by another man doing the same, with a Walmart in the background.",96475
19295,4452463739.jpg,Two men wearing white shirts wearing helmets while riding a bike.,96476
19295,4452463739.jpg,Well-dressed young men on bicycles cross an intersection.,96477
19295,4452463739.jpg,Two men in shirts and ties are seen riding bicycles.,96478
19295,4452463739.jpg,Two men in suits are biking across a crosswalk.,96479
22177,4738242428.jpg,"A display of flowers and various plants encased in glass, a man in a blue shirt looks on.",110885
22177,4738242428.jpg,A man and a woman are walking next to a flower display case and an escalator.,110886
22177,4738242428.jpg,A man and woman are walking past a pot of flowers in a glass case.,110887
22177,4738242428.jpg,An oriental couple walks by a hallway in a museum of art.,110888
22177,4738242428.jpg,An ornamental plant that is in a museum.,110889
13224,3379839396.jpg,A woman enjoys a meal outside of a building with her possessions surrounding her.,66120
13224,3379839396.jpg,A woman wearing a red hat surrounded by trash and sitting outside of a building,66121
13224,3379839396.jpg,A person sitting in a green chair outside of a building surrounded by trash.,66122
13224,3379839396.jpg,A woman sitting outside a doorway wearing a red hat.,66123
13224,3379839396.jpg,A person sitting in a chair in front of a glass door,66124
14006,347543966.jpg,Three men are looking at a wall very intently in a city.,70030
14006,347543966.jpg,A group of men stand outside a glass and steel building.,70031
14006,347543966.jpg,Three people stand in an outdoor glass structure.,70032
14006,347543966.jpg,Three people in a glass structure.,70033
14006,347543966.jpg,Three men stand in a glass area.,70034
28350,6788100307.jpg,"A man with red and yellow knee high socks, a polka dot short-sleeved button up shirt, suspenders and brown shorts with a design on them is in front of an audience working a strange contraption in his hands.",141750
28350,6788100307.jpg,"A man wearing an extremely short necktie, suspenders, and brightly colored striped socks stands on a stage, doing something with a contraption involving objects which roll back and forth on strings.",141751
28350,6788100307.jpg,A man in striped socks and a brown and white jumper is using some kind of object I can't identify properly.,141752
28350,6788100307.jpg,A man in strange clothes is holding up some kind of contraption while spectators watch.,141753
28350,6788100307.jpg,A man in bavarian clothing playing with a string yo-yo.,141754
28869,6994934336.jpg,"There is a group of men in navy, red and black uniforms in the middle of a stone lined street in a city and one of them is playing an accordion.",144345
28869,6994934336.jpg,There is a group of five men in dark blue outfits and one is playing an accordion.,144346
28869,6994934336.jpg,This men are marching band playing instruments on streets.,144347
28869,6994934336.jpg,A group of men dressed up in military garb and singing,144348
28869,6994934336.jpg,Musicians entertaining in a city square.,144349
26271,5434071249.jpg,A young man gives a peace sign as he jumps into a pool surrounded by foliage.,131355
26271,5434071249.jpg,"A boy is jumping into a pool, and showing a peace sign to the camera.",131356
26271,5434071249.jpg,A teenage boy jumps into a pool in a tropical locale.,131357
26271,5434071249.jpg,A child jumping into a blue pool in a bathing suit.,131358
26271,5434071249.jpg,A boy wearing green shorts is jumping into a pool.,131359
11968,3231880001.jpg,Two people smile underneath a large red flower and in front of a vine-covered wall.,59840
11968,3231880001.jpg,The boy and girl pose for a picture with a large red flower above their heads.,59841
11968,3231880001.jpg,Two people standing in front of vine covered wall with red flower overhead,59842
11968,3231880001.jpg,The teenage boy and girl are smiling under a red flower.,59843
11968,3231880001.jpg,Two kids smiling underneath a red flower.,59844
9811,2965604928.jpg,The skinny dog with the long tail is traveling through the field.,49055
9811,2965604928.jpg,A gray dog is walking through a grassy field.,49056
9811,2965604928.jpg,A greyhound is active in a grassy field.,49057
9811,2965604928.jpg,A gray dog runs in a grassy field.,49058
9811,2965604928.jpg,A dog runs through a field.,49059
30797,909808296.jpg,"Two small dogs, one black-and-white and one brown-and-black, walk down the street.",153985
30797,909808296.jpg,The black and white dog is sniffing the butt of the brown dog that is on a leash.,153986
30797,909808296.jpg,A brown and black dog on a leash is sniffed by a black and white dog.,153987
30797,909808296.jpg,A dog on a leash walks on the sidewalk while another dog follows.,153988
30797,909808296.jpg,A small dog on a leash is being smelled by another animal.,153989
25245,4998936440.jpg,A little girl carefully holds a white porcelain bowl while vigorously scrambling eggs.,126225
25245,4998936440.jpg,A young girl wearing a purple sweater is mixing egg yolks in the kitchen.,126226
25245,4998936440.jpg,A girl in a purple sweater mixes yellow paste in a bowl.,126227
25245,4998936440.jpg,A young girl is mixing something yellow in a bowl.,126228
25245,4998936440.jpg,A female is scrambling eggs in a bowl.,126229
20859,4631915030.jpg,"A woman wearing a green and white shirt and a cap is smiling, while another woman wearing a gray shirt and white cap is facing her.",104295
20859,4631915030.jpg,"A green sign in several languages mentions Facebook and Twitter, while people talk below in the sunlight.",104296
20859,4631915030.jpg,A group of people are spreading the word about their organization using a piece green construction paper.,104297
20859,4631915030.jpg,"A woman shakes hand with another woman, as they stand under a sign for a protest they are conducting.",104298
20859,4631915030.jpg,Two women in white hats standing beneath a green sign.,104299
17611,4063381040.jpg,A group of people holding up fabric flags and walking down the street.,88055
17611,4063381040.jpg,People in costumes are entertaining at an amusement park.,88056
17611,4063381040.jpg,People are dressed in blue costumes on the street.,88057
17611,4063381040.jpg,A bunch of people are dancing and celebrating.,88058
17611,4063381040.jpg,A festival is going on in the streets.,88059
20363,4573391235.jpg,A couples is walking outside under some trees while the flower petals are falling.,101815
20363,4573391235.jpg,"Two couples are walking under pink peach trees, while their blossoms fall.",101816
20363,4573391235.jpg,People walk under trees as their purple leaves fall and cover the ground.,101817
20363,4573391235.jpg,Five adults are walking through a leaf-covered park.,101818
20363,4573391235.jpg,A couple is walking past cherry blossom trees.,101819
24190,4900530053.jpg,A man with a beard is outside at an event looking through a camera with a long lens and sitting beside audio mixing equipment.,120950
24190,4900530053.jpg,A bald photographer with dark rimmed glasses and a long bearded taking a picture.,120951
24190,4900530053.jpg,Older man with long beard is sitting next to mixer board while taking pictures.,120952
24190,4900530053.jpg,A bearded man is taking photographs with a camera and long lens.,120953
24190,4900530053.jpg,A bald man with a goatee is taking a photograph.,120954
25663,5181862374.jpg,A young toddler experiences a pool from the safety of a yellow floating baby seat.,128315
25663,5181862374.jpg,A young blond child is floating in the water atop a yellow flotation device.,128316
25663,5181862374.jpg,A little boy is in a floating pool toy and is staring into the water.,128317
25663,5181862374.jpg,The baby is mesmerized and intrigued by his image in the water.,128318
25663,5181862374.jpg,An infant plays in an inflatable pool toy.,128319
11212,314779208.jpg,A woman in a yellow shirt watches a blond woman help up a little boy who has fallen over in a banquet hall.,56060
11212,314779208.jpg,"Two women in a large room, one women picking up a child from the ground.",56061
11212,314779208.jpg,A woman is bending over assisting a small child on the ground.,56062
11212,314779208.jpg,A woman picking up a child from the floor,56063
11212,314779208.jpg,Two girls helping a fallen baby.,56064
26032,534133916.jpg,Three people stand in front of a river by a city while one throws something into it.,130160
26032,534133916.jpg,A woman is throwing a stone into a river under a bridge while two men watch her.,130161
26032,534133916.jpg,A girl throwing an item out to the river while two males look on.,130162
26032,534133916.jpg,"Two guys and a girl, throwing in the water under bridge.",130163
26032,534133916.jpg,Three people stand next to the water near a bridge.,130164
13974,3473345355.jpg,A woman carrying an orange bag is walking down the street with her white dog.,69870
13974,3473345355.jpg,A woman walking across the street with an orange bag and a dog on a leash.,69871
13974,3473345355.jpg,A woman walks her dog while walking down a street of shops.,69872
13974,3473345355.jpg,A woman and her dog are walking in the road.,69873
13974,3473345355.jpg,A red-haired woman is walking her dog.,69874
26325,5457873764.jpg,A woman in a white sweatshirt and dark pants casts a fishing line into the lake.,131625
26325,5457873764.jpg,A woman in a light pink sweater casting a fishing line into a lake.,131626
26325,5457873764.jpg,A woman casts her fishing pole into a calm lake.,131627
26325,5457873764.jpg,A woman is fishing on the shoreline.,131628
26325,5457873764.jpg,Girl is fishing by the calm lake.,131629
25024,4970217282.jpg,Eleven children sit next to each other on a stoop in front of a blue grating while holding objects in front of their eyes.,125120
25024,4970217282.jpg,Smiling children are sitting on concrete slab displaying a small item in their hands.,125121
25024,4970217282.jpg,Several young children are sitting outside laughing and looking through objects.,125122
25024,4970217282.jpg,"Eleven children sitting together, holding something up, and laughing.",125123
25024,4970217282.jpg,A group of children sitting together eating donuts.,125124
30471,8198089950.jpg,A woman dressed in black leather pants and jacket is speaking into a microphone and raising her right arm in the air.,152355
30471,8198089950.jpg,A singer in a leather jacket performing on a smokey blue stage in front of a crowd.,152356
30471,8198089950.jpg,"A ""rock star"" performing a concert in front of a live audience.",152357
30471,8198089950.jpg,Singer on stage attempts to get the crowd involved at a concert.,152358
30471,8198089950.jpg,A singer on a smoke filled stage in front of an audience.,152359
24699,4942199590.jpg,"A man and woman walk hand in hand down a sidewalk near a street called ""End"".",123495
24699,4942199590.jpg,A couple are taking a walk down the sidewalk while holding hands.,123496
24699,4942199590.jpg,An old couple is walking down the street holding hands.,123497
24699,4942199590.jpg,An elderly man and woman hold hands on the sidewalk.,123498
24699,4942199590.jpg,A couple walking down the sidewalk holding hands. Yo,123499
22150,4735812382.jpg,A woman wearing a wedding gown and holding a flower is standing on the brick sidewalk.,110750
22150,4735812382.jpg,The long-haired bride is holding a small bouquet as cars drive by.,110751
22150,4735812382.jpg,The woman in the bridal dress is standing on the brick walkway.,110752
22150,4735812382.jpg,A bride stands on the curb looking down the road.,110753
22150,4735812382.jpg,A woman leaving a wedding.,110754
26418,5508398736.jpg,"A bunch of people are watching a man with his left arm wrapped around the legs of his downed, struggling wrestling opponent on a blue mat.",132090
26418,5508398736.jpg,"Two wrestlers wrestling, the one on the bottom is in submission and could possibly be in pain.",132091
26418,5508398736.jpg,A man in a black shirt pinning down a man in a white shirt while wrestling.,132092
26418,5508398736.jpg,Two white males wrestling on a blue mat while others watch.,132093
26418,5508398736.jpg,Two men wrestling on the mat while the audience looks on.,132094
25111,4977357613.jpg,"2 African American men in a green military uniform of some sort are standing in an archway, while one of the men is giving a thumbs up.",125555
25111,4977357613.jpg,Two African soldiers entering large stone archway one man giving thumb's up.,125556
25111,4977357613.jpg,Two young black men in uniforms are smiling and give the thumbs up.,125557
25111,4977357613.jpg,Two men are standing in uniforms; one is giving a thumbs-up sign.,125558
25111,4977357613.jpg,Two male officers standing by a archway.,125559
10196,3018467501.jpg,Several young girls playing on a trampoline with a blue covering.,50980
10196,3018467501.jpg,A group of little girls jumping together in a backyard.,50981
10196,3018467501.jpg,Young girls play together with glee and joy.,50982
10196,3018467501.jpg,Three girls jumping on a trampoline.,50983
10196,3018467501.jpg,Three girls happily jumping.,50984
18639,4330521713.jpg,A man wearing a red jacket looks at a paper while another man in a black jacket looks at the camera in a snow-covered field.,93195
18639,4330521713.jpg,"Two men standing in the snow, one looking at the camera, the other reading a paper by a sign.",93196
18639,4330521713.jpg,Two men wearing hiking gear look over a map on a hiking trail in the snow.,93197
18639,4330521713.jpg,"Men in snow, one looking at the camera and the other reading a journal.",93198
18639,4330521713.jpg,Two men are looking over a trail description in a snowy environment.,93199
21819,4711632344.jpg,A man wearing a suit jacket is reading paper and walking while another man is sitting on stoop.,109095
21819,4711632344.jpg,A man in business suit is walking by an apartment building where two other men are hanging out.,109096
21819,4711632344.jpg,"One man walks past a building, while another sits in front of the building on a stoop.",109097
21819,4711632344.jpg,A man in a suit is reading the paper while he walks down the street.,109098
21819,4711632344.jpg,A man is walking past a building where another man is sitting.,109099
22325,4751891140.jpg,Two women walking down the street while one is chatting on the phone.,111625
22325,4751891140.jpg,Two women in stylish clothes walking down the street.,111626
22325,4751891140.jpg,Two young fashionable women walking down a sidewalk.,111627
22325,4751891140.jpg,Two women out for a day of shopping.,111628
22325,4751891140.jpg,Two hispanic women walking.,111629
23516,4847012655.jpg,A boy with a long shorts and brown shirt and a blue bag on his bag is passing through a crowd of people with his green and white checkered umbrella.,117580
23516,4847012655.jpg,A group of people congregate outside while a man in a black shirt and glasses walks toward the camera.,117581
23516,4847012655.jpg,A boy wearing a brown shirt is holding up an umbrella.,117582
23516,4847012655.jpg,A group of people socializing on a street.,117583
23516,4847012655.jpg,People walking around in a busy city.,117584
2574,18638962.jpg,Young boys and girls practice martial arts while being graded by peers and teachers sitting around the mats in a dojo.,12870
2574,18638962.jpg,A group of children wearing their karate uniforms while practicing their martial arts.,12871
2574,18638962.jpg,Two sets of children are practicing martial arts while a crowd watches behind them.,12872
2574,18638962.jpg,Two kids with yellow belts are dueling in a martial arts class.,12873
2574,18638962.jpg,Two yellow belts practicing technique in front of a group.,12874
12854,3339768802.jpg,A child in a tie dye shirt and one in a white shirt are on a climbing wall.,64270
12854,3339768802.jpg,A child in a Tye-dyed shirt is climbing a rock wall with another child.,64271
12854,3339768802.jpg,Two children climbing a rock climbing wall.,64272
12854,3339768802.jpg,The children take a crack at rock climbing.,64273
12854,3339768802.jpg,Two kids climb a rock wall.,64274
10798,309238565.jpg,A man and two youngsters are standing in front of a Japanese vending machine.,53990
10798,309238565.jpg,"Three people stand near a couple of machines, one labeled Sharp.",53991
10798,309238565.jpg,Family purchasing standing at a vending machine.,53992
10798,309238565.jpg,Three people stand and face video machines.,53993
10798,309238565.jpg,Two kids and a man play games at an arcade.,53994
13827,3455419642.jpg,"A black dog jumps at a ball held by a man wearing blue jeans, a blue striped shirt, and a dark blue jacket.",69135
13827,3455419642.jpg,The black dog is jumping up at the yellow ball being held by the man.,69136
13827,3455419642.jpg,A man blays with a black dog and a yellow ball.,69137
13827,3455419642.jpg,Man playing with a dog with a yellow ball,69138
13827,3455419642.jpg,A man and a dog play with a yellow ball.,69139
16955,3907722043.jpg,"Two cosplayers, one in all black, the other in all red, pretend to fight.",84775
16955,3907722043.jpg,Man in black gloves pretends to punch a man dressed in red holding a drink.,84776
16955,3907722043.jpg,A man in black and one in red stand near each other on a tiled floor.,84777
16955,3907722043.jpg,Two men act out scene while dressed in character garb.,84778
16955,3907722043.jpg,Two cosplayers interact in a hallway at a convention.,84779
6124,24837637.jpg,A man standing on a ladder doing repairs on a old blue and white brick building,30620
6124,24837637.jpg,A man on a ladder paints the side of a building blue.,30621
6124,24837637.jpg,A painter on a ladder paints the brick exterior blue.,30622
6124,24837637.jpg,A man on a ladder painting a brick building blue.,30623
6124,24837637.jpg,Guy on a ladder painting the building blue.,30624
9008,2863186021.jpg,The back of a woman wearing a white jacket with blue jeans walking towards a flock of birds.,45040
9008,2863186021.jpg,A woman in blue jeans looks upon the group of birds and buses in the background.,45041
9008,2863186021.jpg,A girl in a white sweater and blue jeans is walking through the city.,45042
9008,2863186021.jpg,A person is walking in a city with a group of birds.,45043
9008,2863186021.jpg,Pigeons gather at the edge of a park in a city.,45044
12377,3279988814.jpg,Two girls dressed in black are sitting in a room making suggestive poses at the camera.,61885
12377,3279988814.jpg,Two young women are sitting on a bed beside some posters.,61886
12377,3279988814.jpg,People pose for the picture while sitting on a bed.,61887
12377,3279988814.jpg,Two women pose for a picture in a bedroom.,61888
12377,3279988814.jpg,Two young women sit on a bed.,61889
15426,3643974707.jpg,A child stands in silhouette under an old stone arch on a red tile floor.,77130
15426,3643974707.jpg,A kid is in the ready position under a building and behind an archway.,77131
15426,3643974707.jpg,A person is in the middle of an archway on a brick floor.,77132
15426,3643974707.jpg,Someone bent a bit in the middle of a large building.,77133
15426,3643974707.jpg,A child is playing underneath a larch arch.,77134
16696,3844713955.jpg,A motorcycle is stopped to wait for a man crossing the street with a guitar.,83480
16696,3844713955.jpg,Two people on a scooter wait for a man with guitar case to cross the street.,83481
16696,3844713955.jpg,Two people on a scooter wait for a man carrying a guitar to cross the road.,83482
16696,3844713955.jpg,A man in a white shirt crossing the street in a city holding a guitar.,83483
16696,3844713955.jpg,Two people on a motorcycle riding through chinatown.,83484
3089,2065300784.jpg,"A woman on a black and white hounds tooth jacket is being held by a man with black facial hair with a white striped shirt, on a balcony with a view of the city with its lights on.",15445
3089,2065300784.jpg,A couple embraces in front of a number of high rise buildings.,15446
3089,2065300784.jpg,Two people are posing for a picture in front of city lights.,15447
3089,2065300784.jpg,A man and a woman are in the city smiling.,15448
3089,2065300784.jpg,A man embraces a woman on a city balcony.,15449
6534,2537603442.jpg,Someone waring a orange safety vest standing on a railroad bridge.,32670
6534,2537603442.jpg,Someone wearing an orange coat doing something on a railroad track,32671
6534,2537603442.jpg,A man in an orange vest leans over the rails of a railroad track.,32672
6534,2537603442.jpg,A man looking at a set of train tracks on a bridge.,32673
6534,2537603442.jpg,A person crossing a bridge with train tracks.,32674
11016,3119913014.jpg,A man is standing with his arms spread wide and an open vest exposing his chest.,55080
11016,3119913014.jpg,A man who is dressed like a wrestler walks while people take his picture.,55081
11016,3119913014.jpg,A shirtless man wearing a vest walks on a stage with his arms up.,55082
11016,3119913014.jpg,A man wearing a vest and pants walks across stage at a concert.,55083
11016,3119913014.jpg,A man in a black vest walks on a rail.,55084
13257,3383644877.jpg,"Two male workers stand in a bike repair shop, the one in the foreground with a tool in his hands.",66285
13257,3383644877.jpg,Two men work inside a bike shop that is filled with many various kinds of bikes.,66286
13257,3383644877.jpg,A man in jeans holding a bike frame with another man in the background.,66287
13257,3383644877.jpg,A man who is in a repair shop that is preparing to fix a bike.,66288
13257,3383644877.jpg,A bearded man in a sweater repairing a bike at his bike shop.,66289
4456,227585300.jpg,A group of men standing in front the doorway of a building which appears to be a restaurant with a gentleman sitting in front with a case,22280
4456,227585300.jpg,"A group of men are crowded into a doorway at night, standing underneath and R and B Festival sign.",22281
4456,227585300.jpg,There are 10 people inside an open room listening to someone playing the guitar.,22282
4456,227585300.jpg,A group of passengers socializing while waiting at a bus stop.,22283
4456,227585300.jpg,Crowd gathers at a local bar.,22284
997,1321949151.jpg,Two tired children rest on couches at an art museum while the adults around them view the art.,4985
997,1321949151.jpg,People at a museum standing by benches with two children laying down and one person sitting.,4986
997,1321949151.jpg,A little boy and a little girl are lying on a black bench surrounded by adults.,4987
997,1321949151.jpg,Two children lie on puffy benches at a museum while four adults look on.,4988
997,1321949151.jpg,Two children and some adults are sitting on a row of black couches.,4989
3669,2157003092.jpg,A black dog with tan markings stands in deep snow; there is an evergreen to the right.,18345
3669,2157003092.jpg,A black dog is trying to run with its legs buried in the snow.,18346
3669,2157003092.jpg,The dog is trying to outrun the deep snow.,18347
3669,2157003092.jpg,A dog plays in the snow.,18348
3669,2157003092.jpg,Dog lies in snow.,18349
5851,244870123.jpg,Two large black dogs with red studded collars pulling on ends of a white rag on porch,29255
5851,244870123.jpg,Two dogs are tugging at a piece of white material.,29256
5851,244870123.jpg,Two dogs fight over a piece of cloth.,29257
5851,244870123.jpg,Two dogs with a rag in their mouths,29258
5851,244870123.jpg,Two dogs tug on a towel.,29259
12566,3307667255.jpg,There are a lot of people in front of a tan building with colorful squares hanging from the top.,62830
12566,3307667255.jpg,A lot of people are gathered around a mosque-like building.,62831
12566,3307667255.jpg,Busy marketplace in an Arabian country.,62832
12566,3307667255.jpg,A large group is shown in the street.,62833
12566,3307667255.jpg,A crowd scene in front of mosque.,62834
2723,193597277.jpg,A man is standing under an arch near a Wendy's restaurant.,13615
2723,193597277.jpg,A man in a hat leans against a wall by Wendy's.,13616
2723,193597277.jpg,Young man in driveway holding small package.,13617
2723,193597277.jpg,Man standing outside wearing a brown shirt.,13618
2723,193597277.jpg,"Outside a Wendy's, a man holds cardboard.",13619
30791,904404695.jpg,A man is resting in a small stream with a hat over his head while the little waterfall is pouring in the background.,153955
30791,904404695.jpg,A man in a blue shirt and beige hat is laying in the middle of a stream.,153956
30791,904404695.jpg,A man taking a rest in a shallow river amid the rocks.,153957
30791,904404695.jpg,A man with a hat lays down in a stream on a sunny day.,153958
30791,904404695.jpg,A man laying in a stream near a beautiful waterfall.,153959
30953,976392326.jpg,A young girl and older person are sitting near the top of a rock formation.,154765
30953,976392326.jpg,Two people sit in the distance on an unusual rock formation.,154766
30953,976392326.jpg,Two people are sitting on a huge rock formation.,154767
30953,976392326.jpg,A woman and a little girl sit on desert rock.,154768
30953,976392326.jpg,Two girls sit on a large rock.,154769
25671,5187127204.jpg,Four military servicemen in a boat are attempting to attach a stairway to a larger vessel next to them.,128355
25671,5187127204.jpg,Military trainees in a rubber raft hook a ladder onto a larger boat.,128356
25671,5187127204.jpg,Guys trying to get on a boat with a latter from another boat.,128357
25671,5187127204.jpg,Three people in combat gear going through an obstacle course.,128358
25671,5187127204.jpg,A group of men on a boat that is tipped wearing helmets.,128359
26699,567921691.jpg,"A shirtless male in blue jeans, operates a heavy-duty walk behind lawn mower in front of a brick building.",133495
26699,567921691.jpg,This man is cutting grass next to the building.,133496
26699,567921691.jpg,A man is mowing the lawn of a house shirtless.,133497
26699,567921691.jpg,A man with a hairy chest is mowing a lawn.,133498
26699,567921691.jpg,"A guy, outside, mowing the grass.",133499
22849,4797076210.jpg,Seated black man in business suit gestures with hands while white man listens.,114245
22849,4797076210.jpg,An African American man in a suit gestures with his hands as he speaks.,114246
22849,4797076210.jpg,An African American businessman explaining something to his coworkers.,114247
22849,4797076210.jpg,A man in a suit and red tie gestures with his hands.,114248
22849,4797076210.jpg,A man in a suit is giving the thumbs up sign.,114249
15277,3627290893.jpg,There is a group of three women and one man singing while one of the woman plays a guitar.,76385
15277,3627290893.jpg,Three woman and a man sing their hearts out in the microphone.,76386
15277,3627290893.jpg,Girl with guitar singing with three other people,76387
15277,3627290893.jpg,A group of people playing guitars and singing.,76388
15277,3627290893.jpg,A group of people play instruments and sing.,76389
306,1104881373.jpg,A woman is at an ice cream shop and she is waiting for the man to scoop her ice cream.,1530
306,1104881373.jpg,A woman is awaiting her ice cream as a young teenage boy scoops it.,1531
306,1104881373.jpg,A woman is watching as a guy is scooping ice cream from a freezer.,1532
306,1104881373.jpg,A man scoops out ice cream for a female customer in a cafe.,1533
306,1104881373.jpg,A woman watches as a young man scoops ice cream for her.,1534
19015,4423275742.jpg,"A few people walk the beach, shot taken from high-altitude",95075
19015,4423275742.jpg,Several people walk across the beach by the ocean.,95076
19015,4423275742.jpg,Three people are walking along the shoreline.,95077
19015,4423275742.jpg,A birds eye few of early risers on a beach.,95078
19015,4423275742.jpg,People walk down a beach.,95079
11209,3147567086.jpg,"A woman rows a small boat loaded with plants down a waterway, next to a display of potted plants.",56045
11209,3147567086.jpg,An elderly woman paddles a boat filled with baskets of green vegetables.,56046
11209,3147567086.jpg,A woman in blue rows a canoe type boat loaded with plants.,56047
11209,3147567086.jpg,A woman is rowing a boat filled with green plants.,56048
11209,3147567086.jpg,An older lady in a blue shirt in a rowboat.,56049
