imgid,filename,caption,sentid
4709,2308029439.jpg,There is a woman in a red coat with black pants and a black bag sitting in a place with many big cement blocks.,23545
4709,2308029439.jpg,A dark-haired woman in a bright red coat is sitting on a raised concrete rectangle.,23546
4709,2308029439.jpg,Girl in red jacket ponders while sitting in an art museum with cubes on the floor.,23547
4709,2308029439.jpg,A woman with a black purse and a red coat is sitting on a pillar of concrete.,23548
4709,2308029439.jpg,A woman in a red jacket is sitting on a cement block.,23549
19955,453275575.jpg,This young man smiles as he discovers a horseshoe crab in the sand.,99775
19955,453275575.jpg,Man smiles next to a horseshoe crab on a beach.,99776
19955,453275575.jpg,A man smiles as he sits with a fish on sand.,99777
19955,453275575.jpg,A middle-age man posing with a crab,99778
19955,453275575.jpg,Guy on beach with weird creature.,99779
29712,761397426.jpg,A male has an angry look has he hold a container in front of a female.,148560
29712,761397426.jpg,One man and a woman sitting on a table in a restaurant eating dinner,148561
29712,761397426.jpg,A man wearing a shirt and tie is holding a bottle of alcohol.,148562
29712,761397426.jpg,A man at a restaurant table holds an empty bottle.,148563
29712,761397426.jpg,A jokingly angry man holding alcohol,148564
28133,65845718.jpg,This is a woman in a swimming pool with her hand on the edge of the pool and appears to be wearing a dark blue bathing suit and looking off to her right.,140665
28133,65845718.jpg,A woman in a black swimming suit is holding onto the edge of a in ground pool.,140666
28133,65845718.jpg,A lady is in a swimming pool wearing a dark colored bathing suite.,140667
28133,65845718.jpg,A woman in a bathing suit hangs on the side of a swimming pool.,140668
28133,65845718.jpg,A girl in a swimming pool holding on to the side.,140669
26773,5716554915.jpg,"A woman in a black outfit lies face first on a yoga mat; several paintings are hanged on the wall, and the sun shines through a large window near her.",133865
26773,5716554915.jpg,Woman lying face down on a white mat in a round with a stone floor as sunlight streams in the window onto the driftwood in the background.,133866
26773,5716554915.jpg,Woman lying face down on a matt in a yoga pose in her art studio with natural light from a nearby window shining in.,133867
26773,5716554915.jpg,A woman lays face down on her exercise mat next to a gazing pool.,133868
26773,5716554915.jpg,A woman in black laying face down on a mat in a tranquil room.,133869
2237,170947689.jpg,Woman sitting in the grass under a tree overlooking a field of grass and holding a large pad of white paper.,11185
2237,170947689.jpg,"A female wearing a shawl around her shoulders, sits upon a tree in a green meadow and reads.",11186
2237,170947689.jpg,It is relaxing to sit under a tree on a nice day and sketch your surroundings.,11187
2237,170947689.jpg,A person reading something is sitting under the tree.,11188
2237,170947689.jpg,Woman reading under a tree.,11189
8911,2848571082.jpg,A black and brown dog jumps in the air to catch a soccer ball.,44555
8911,2848571082.jpg,The black and brown dog jumps in the air to catch the ball.,44556
8911,2848571082.jpg,A black dog jumps to catch a ball in a yard.,44557
8911,2848571082.jpg,Dog jumping to catch a soccer ball.,44558
8911,2848571082.jpg,Black dog jumps for white ball.,44559
4147,2231193384.jpg,"A Jewish man and a group of Jewish children, fill their plates from a buffet set out in a park.",20735
4147,2231193384.jpg,"A Jewish man wearing glasses, button up long blue shirt getting desserts on the table",20736
4147,2231193384.jpg,Several people selecting food and desert items from an outdoor buffet.,20737
4147,2231193384.jpg,People are picking out what food to eat at an outdoors event.,20738
4147,2231193384.jpg,A man wearing a yarmulke standing at a table.,20739
17363,4003587342.jpg,A man is carrying a baby in a pouch to his chest is helping a small boy walk across a log by holding his hand.,86815
17363,4003587342.jpg,An adult with an infant strapped to chest walks in the forest with another child in tow,86816
17363,4003587342.jpg,A parent holding her sons hand and carrying her other kid while walking in a forest.,86817
17363,4003587342.jpg,A man holding a baby on his chest walks a child across a fallen tree.,86818
17363,4003587342.jpg,A little boy is walking on a fallen tree in the woods.,86819
26678,566794440.jpg,A woman in camouflage and her hair up in a ponytail walks on the field with a black softball glove on one hand.,133390
26678,566794440.jpg,A woman playing baseball walks back to her base while her feamle teammate follows.,133391
26678,566794440.jpg,A woman with a glove on a baseball field with another woman,133392
26678,566794440.jpg,Girls with baseball gloves walking across a baseball field,133393
26678,566794440.jpg,The girls return to the field during their softball game.,133394
15737,3682338188.jpg,A woman is standing in front of a line of other women wearing a white dress and a white veil while a man is heading towards her.,78685
15737,3682338188.jpg,A bride and her bridesmaids are lined up outside looking at a man coming dressed in a dark suit.,78686
15737,3682338188.jpg,A man approaches a woman in bridal gown who is standing in the street with 7 other girls.,78687
15737,3682338188.jpg,8 Asian bridesmaids are lined up outside in a street wearing their dresses.,78688
15737,3682338188.jpg,A man in a black suit is standing in front of a wedding party of women.,78689
16539,3817024841.jpg,Four guys and one girl three guys are wearing short-sleeve shirt and the girl and the other guy is wearing tanks.,82695
16539,3817024841.jpg,Three people sit together on a couch in a house while two others stand off to the sides.,82696
16539,3817024841.jpg,Three casually dressed Caucasians are sitting on a couch.,82697
16539,3817024841.jpg,"A group of people relaxing, and taking to each other.",82698
16539,3817024841.jpg,A group of people sitting on a couch talking.,82699
22843,4796732957.jpg,A young man wearing a backpack and dark glasses approaches the brick building where there is a bit of graffiti on the wall.,114215
22843,4796732957.jpg,A young man wearing a backpack and sunglasses is walking towards a shopping area.,114216
22843,4796732957.jpg,A young man in blue sunglasses walking in front of a red brick building.,114217
22843,4796732957.jpg,A young man with a backpack and blue sunglasses is crossing the street.,114218
22843,4796732957.jpg,A man dressed in blue is wearing a backpack and shades.,114219
13281,3388453647.jpg,Men on a boat are tending the rigging and are looking up.,66405
13281,3388453647.jpg,"Two guys are on a rig, and one is looking at the sky.",66406
13281,3388453647.jpg,Two men are on a boat working together.,66407
13281,3388453647.jpg,Two men are working on a boat.,66408
13281,3388453647.jpg,Two men working on a tug boat.,66409
27645,6228559981.jpg,"A smiling young child runs through the fountain that comes out of the ground in the city, while folks watch him run through the water.",138225
27645,6228559981.jpg,A dark-haired boy wearing a green t-shirt plays in a water fountain while two other people watch him.,138226
27645,6228559981.jpg,"A young boy, wearing a colorful t-shirt, runs through a street fountain located on a riverfront.",138227
27645,6228559981.jpg,A Child runs through a fountain.,138228
27645,6228559981.jpg,A boy plays in a water park.,138229
7339,2638981862.jpg,Two young boys dressed in formal clothes fight while sitting on a red carpeted step.,36695
7339,2638981862.jpg,Two small boys dressed in tuxedos sitting on a red carpeted floor.,36696
7339,2638981862.jpg,Well dressed children play on the carpet.,36697
7339,2638981862.jpg,Two young boys in suits wrestle.,36698
7339,2638981862.jpg,Two little boys in tuxedos.,36699
3306,2095667691.jpg,A girl and her fiancee getting lady for some romantic moments after a long day at work.,16530
3306,2095667691.jpg,Brunette in a black and white striped shirt with a dark-haired man in a white T-shirt.,16531
3306,2095667691.jpg,A man in a striped outfit and a woman in a white t-shirt pose for a camera.,16532
3306,2095667691.jpg,A young couple posing seductively for a photograph.,16533
3306,2095667691.jpg,The lady and man pose for a picture.,16534
17096,3944223391.jpg,"Three women stand in a library, one woman in a suit appears to have a name-badge and seems to be providing information.",85480
17096,3944223391.jpg,Female in a maroon shirt engaged in conversation with another female in a tan blazer.,85481
17096,3944223391.jpg,A woman speaks with a speaker at a presentation.,85482
17096,3944223391.jpg,Two women discussing a topic at the library.,85483
17096,3944223391.jpg,A woman is selling books behind a table.,85484
1007,132523566.jpg,A woman in a white shirt and blue checker pants is cooking waffles in the kitchen.,5035
1007,132523566.jpg,A woman in a white shirt mixing something on the kitchen counter.,5036
1007,132523566.jpg,The elderly woman in house clothes is making waffles.,5037
1007,132523566.jpg,An elderly woman is making pancakes.,5038
1007,132523566.jpg,A woman is about to make waffles.,5039
29300,72922543.jpg,A man sitting on a newspaper machine behind a big yellow arrow sign that says insurance.,146500
29300,72922543.jpg,"A boy sitting on a newspaper machine, hides behind an insurance sign.",146501
29300,72922543.jpg,A sign with the word insurance written in red is attached to a pole.,146502
29300,72922543.jpg,"A man sitting on a newspaper dispenser, behind a sign.",146503
29300,72922543.jpg,A yellow sign advertises insurance in Spanish.,146504
13636,3431194126.jpg,A couple wearing bright outfits walking hand and hand on a sidewalk.,68180
13636,3431194126.jpg,"Two old people walk down a set of stairs, holding hands.",68181
13636,3431194126.jpg,Two people are walking onto a stepping stone path.,68182
13636,3431194126.jpg,Two people holding hands and walking in a field.,68183
13636,3431194126.jpg,Two people walk outside while holding hands.,68184
15150,3609448700.jpg,The number eight rollerskater is taking the lead and pulling away from her black and red dressed opponents.,75750
15150,3609448700.jpg,A group of women in a red and black outfit with a red star on the helmet skating in a competition.,75751
15150,3609448700.jpg,"People, mainly women and 2 referees, are skating fiercely during a roller derby match.",75752
15150,3609448700.jpg,Many roller derby players skating around the rink.,75753
15150,3609448700.jpg,A few young men in a rollerblade race.,75754
21287,4671293009.jpg,A man in a white jacket puts on a public magic show and uses a child as a volunteer as the crowd watches.,106435
21287,4671293009.jpg,People sitting on the ground watching a little boy and man doing something.,106436
21287,4671293009.jpg,Children watching a man and another child in front of them.,106437
21287,4671293009.jpg,Some kids are sitting and watching a show.,106438
21287,4671293009.jpg,Street performers doing his act for kids.,106439
26723,5690229093.jpg,A woman dressed in blue sweeps a brick walkway near a step ladder on a city street.,133615
26723,5690229093.jpg,A middle-aged woman sweeps the sidewalk in front of a retail shop in a city.,133616
26723,5690229093.jpg,A woman is sweeping the brick ground in an urban environment with a broom.,133617
26723,5690229093.jpg,A woman sweeping in front of a ladder on a busy street.,133618
26723,5690229093.jpg,A woman in blue sweeping the sidewalk.,133619
26892,5771732.jpg,A blond fat kid wearing rubber bands on his wrist does something involving his mouth.,134460
26892,5771732.jpg,A teenager stuffs his mouth with something as he sits inside a home.,134461
26892,5771732.jpg,A young boy with blond-hair empties a packet into his mouth.,134462
26892,5771732.jpg,A young man is putting something in his mouth.,134463
26892,5771732.jpg,A man has his mouth open.,134464
74,1020651753.jpg,A white dog is trying to catch a ball in midair over a grassy field.,370
74,1020651753.jpg,The white dog is playing in a green field with a yellow toy.,371
74,1020651753.jpg,A black and white dog jumping in the air to get a toy.,372
74,1020651753.jpg,A black and white dog jumps up towards a yellow toy.,373
74,1020651753.jpg,A dog leaps to catch a ball in a field.,374
24397,4921350374.jpg,A woman places her arm around another woman so they can both get under the umbrella in the rain.,121985
24397,4921350374.jpg,Two older women are walking together under an umbrella in the pouring rain on a busy street.,121986
24397,4921350374.jpg,"People walking down a city sidewalk, all keeping the rain at bay with umbrella's.",121987
24397,4921350374.jpg,Raining outside and three black umbrellas and one yellow and pink umbrella.,121988
24397,4921350374.jpg,People walking under umbrellas on a rainy day.,121989
15589,3665355241.jpg,A woman and small child are sitting on the bank of a small creek.,77945
15589,3665355241.jpg,An adult women and a little girl sit by water in the woods.,77946
15589,3665355241.jpg,A woman and a girl sit by a tree-shaded creek.,77947
15589,3665355241.jpg,A woman and child sit on the bank of a creek.,77948
15589,3665355241.jpg,A woman and girl sit in a forest creek bed.,77949
9309,2899089320.jpg,A blond girl in shorts sits on the top of monkey bars.,46545
9309,2899089320.jpg,A little girl on a red jungle gym.,46546
9309,2899089320.jpg,A girl sits on a red play structure,46547
9309,2899089320.jpg,A girl sits on a red jungle gym.,46548
9309,2899089320.jpg,A girl on monkey bars.,46549
25293,50162920.jpg,"A woman wearing rubber gloves is kneeling on the ground next to a few round, colorful, Chinese lanterns.",126465
25293,50162920.jpg,A lady with gloves on that is in the process of hanging different colored balloon like lights.,126466
25293,50162920.jpg,A woman has a display of lights while a little boy plays in the sand nearby.,126467
25293,50162920.jpg,A woman is kneeling near lanterns while a little boy plays in the sand.,126468
25293,50162920.jpg,A woman bending over by colored lanterns on a beach.,126469
28116,6561671973.jpg,"A lady in a white hat, long light green coat, black pants and white shoes is at the map deciding where to go.",140580
28116,6561671973.jpg,A lady in a gray coat seeking information from a sign.,140581
28116,6561671973.jpg,A girl is pointing to a spot on a map in a park.,140582
28116,6561671973.jpg,Woman points to the center of a sign in a park.,140583
28116,6561671973.jpg,Woman looking at a map of a city.,140584
7995,272546805.jpg,The brown dog and the black dog with green harnesses are in the sand.,39975
7995,272546805.jpg,A large brown dog is playing tug-of-war with a large black dog.,39976
7995,272546805.jpg,A brown dog and a black dog are playing tug-of-war with a toy.,39977
7995,272546805.jpg,Two brown dogs with green harnesses play tug-of-war.,39978
7995,272546805.jpg,Two dogs play with a toy.,39979
20722,4617982332.jpg,"Three people, two women and one man, crowd around a grill outside.",103610
20722,4617982332.jpg,One man and two women standing buy a grill eating and cooking out.,103611
20722,4617982332.jpg,Two women and a man stand around a barbecue.,103612
20722,4617982332.jpg,A man and two women standing around a grill.,103613
20722,4617982332.jpg,3 people standing around a barbecue talking,103614
3600,2144050118.jpg,A young girl is looking at the camera with a pen stuck up her nose.,18000
3600,2144050118.jpg,The girl with the wide eyes has a marker hanging from her nose.,18001
3600,2144050118.jpg,A blond girl in a brown shirt with a black pen up her nose,18002
3600,2144050118.jpg,A little girl has a pen sticking out of her nose.,18003
3600,2144050118.jpg,Young girl sitting with a black pen in her nose.,18004
11105,3131990048.jpg,A falcon pursues a small rodent as it flees through the grass.,55525
11105,3131990048.jpg,A hawk diving to catch a small animal.,55526
11105,3131990048.jpg,The hawk swoops down upon its prey.,55527
11105,3131990048.jpg,Falcon closing in on rodent.,55528
11105,3131990048.jpg,A bird dives for some food.,55529
1088,1346095724.jpg,A man preparing to cook fish for his visitors during a local town event organized by nike company.,5440
1088,1346095724.jpg,A man in a fish market is cutting swordfish into steaks.,5441
1088,1346095724.jpg,A man with a red and black shirt sells fish.,5442
1088,1346095724.jpg,A man is butchering swordfish.,5443
1088,1346095724.jpg,A man chops up swordfish.,5444
799,127257426.jpg,"A young girl jumping off a concrete block, with her arms and hands in the air, above her head.",3995
799,127257426.jpg,A girl in cargo pants and a green shirt jumps in front of a square stone.,3996
799,127257426.jpg,A girl jumping up in the air with her hands above her head.,3997
799,127257426.jpg,A girl in a green shirt jumps in the air.,3998
799,127257426.jpg,A young girl jumping up and down.,3999
908,1298866571.jpg,Man in suit is using his cellphone while sitting on a train.,4540
908,1298866571.jpg,A serious looking young man with a suit holds a cellphone.,4541
908,1298866571.jpg,A man in a suit holds his cellphone in the air.,4542
908,1298866571.jpg,A young Asian man is looking at his cellphone.,4543
908,1298866571.jpg,A asian man gives an evil eye to the camera.,4544
22767,4787867133.jpg,A man wearing a hat is standing at a food stand leaning on a cooler.,113835
22767,4787867133.jpg,A man in a white cowboy selling concessions under a green umbrella.,113836
22767,4787867133.jpg,A Latino man leans on one of the coolers in his food stand.,113837
22767,4787867133.jpg,A man sells Mexican food by a parking lot.,113838
22767,4787867133.jpg,A man sitting at a food and drink kiosk.,113839
18968,4411079474.jpg,"A man wearing glasses and sitting at a computer, looks back at a man wearing a white shirt as he is pointing at something.",94840
18968,4411079474.jpg,An Asian man standing next to a door points to something.,94841
18968,4411079474.jpg,Someone on a laptop looks at someone standing by a door.,94842
18968,4411079474.jpg,A man in a white shirt has his index finger raised.,94843
18968,4411079474.jpg,Two men are having a discussion in a classroom.,94844
335,11131022.jpg,"Older man in a hat, yellow shirt and dress slacks playing in the sand with a young boy.",1675
335,11131022.jpg,A man wearing a hat and a small boy in a bathing suit playing in the sand.,1676
335,11131022.jpg,An older person and a small boy play in the sand near the water.,1677
335,11131022.jpg,A person in a hat is playing with a boy on a beach.,1678
335,11131022.jpg,A father is playing with his child in the sand.,1679
30886,957230475.jpg,A boy licks an older male's face that's covered in a blue and yellow creamy substance.,154430
30886,957230475.jpg,A child in a yellow shirt is licking brightly colored food off of a man's cheek.,154431
30886,957230475.jpg,A young boy is licking blue and yellow frosting off a young man's face.,154432
30886,957230475.jpg,Someone licks the face of a man with blue and yellow paint on his face.,154433
30886,957230475.jpg,A young boy is licking colored frosting off a young man's face.,154434
13339,3395867860.jpg,There is only one white uniformed lacrosse player in sight with two red uniformed players actively chasing her.,66695
13339,3395867860.jpg,Ladies' lacrosse gets aggressive as one young lady pursues the ball.,66696
13339,3395867860.jpg,A female lacrosse player is running from an opponent.,66697
13339,3395867860.jpg,Young women playing a intense game of lacrosse.,66698
13339,3395867860.jpg,Three girls running play a sport.,66699
24067,4890592090.jpg,Three boys are looking through a fence lined with rocks on the opposite side.,120335
24067,4890592090.jpg,Three males peering through a fence that is covered in rocks.,120336
24067,4890592090.jpg,Three boys peering through a fence with rocks behind it.,120337
24067,4890592090.jpg,Three people are looking at a large pile of stones.,120338
24067,4890592090.jpg,Three boys are looking through a rock fence.,120339
7568,2667947118.jpg,Young boy with a hat and brown shirt holding a hand just above a wooden box.,37840
7568,2667947118.jpg,A young boy leaning about construction from other men.,37841
7568,2667947118.jpg,A boy with a red hat is about to touch a wooden box.,37842
7568,2667947118.jpg,A small boy in a hat grabs for a wooden box.,37843
7568,2667947118.jpg,A child in a wool cap looks at a box.,37844
14770,3563059800.jpg,A man with brown hair and a five o'clock shadow is wearing sunglasses and sitting at a table with cans of soda and other drinks.,73850
14770,3563059800.jpg,A man in sunglasses sitting at a table full of various kinds of soda.,73851
14770,3563059800.jpg,A man wearing sunglasses sitting next to a table full of beverages.,73852
14770,3563059800.jpg,A young man with brown hair and sunglasses sits by cans of soda.,73853
14770,3563059800.jpg,A man is sitting at a table filled with softdrinks.,73854
25441,508264241.jpg,A golfer wearing black pants and a black shirt swings at a golf ball lying on short cut green grass while three people look on.,127205
25441,508264241.jpg,"A man in a dark outfit is swinging a tennis racket, while three men in the background look on.",127206
25441,508264241.jpg,"A golfer dressed in black is in mid-swing at a golf course, with his friends watching.",127207
25441,508264241.jpg,A man swinging his golf club to hit a golf ball.,127208
25441,508264241.jpg,Man in the middle of a golf swing.,127209
1032,1332492622.jpg,A woman and two children walking through the upper levels of a carnival attraction.,5160
1032,1332492622.jpg,A group of people stand on a balcony near a colorful circus building.,5161
1032,1332492622.jpg,A woman and children navigate the balcony of an amusement ride.,5162
1032,1332492622.jpg,People walking in brightly-colored building.,5163
1032,1332492622.jpg,People stand on a colorful balcony.,5164
18489,4299926208.jpg,"The owner and chef, wearing a black polo t-shirt and black pants, of YumYumBowls, a Thai food truck painted from red to yellow, standing at the side of his truck.",92445
18489,4299926208.jpg,A man in a black shirt leans again the outside of a truck selling Thai food.,92446
18489,4299926208.jpg,A man stands outside of a mobile Thai food truck.,92447
18489,4299926208.jpg,A man ordering Thai food from a truck.,92448
18489,4299926208.jpg,A man outside of a mobile lunch van.,92449
7748,269650644.jpg,"An ice skating park in winter, with many people.",38740
7748,269650644.jpg,People skate in an urban outdoor ice skating rink,38741
7748,269650644.jpg,A group of people are ice skating in a big city.,38742
7748,269650644.jpg,An outdoor ice skating rink full of people.,38743
7748,269650644.jpg,People using an outdoor ice skating rink.,38744
26770,571612606.jpg,"City workers, both wearing gray pants and green shirts, are trimming tree branches and picking up the debris.",133850
26770,571612606.jpg,Construction workers in blue pants and lime green shirts cut branches from a tree.,133851
26770,571612606.jpg,The two man are getting something over the tree.,133852
26770,571612606.jpg,Workers are doing something to a tree.,133853
26770,571612606.jpg,Two people doing tree work.,133854
15328,3634785801.jpg,"A large brown dog relaxes in a green, grassy field while a smaller light brown dog walks on.",76640
15328,3634785801.jpg,A large brown dog sits next to a small white dog in a field of long grass.,76641
15328,3634785801.jpg,A large dog lying in the grass with a smaller dog next to him.,76642
15328,3634785801.jpg,Two dogs are sitting together in a wheat field.,76643
15328,3634785801.jpg,Two dogs laying together in grass,76644
17375,4005756399.jpg,"A vendor, selling such kid-friendly items as popular cartoon balloons, water guns and clear umbrellas, wheels his stand around in the streets where he is selling.",86875
17375,4005756399.jpg,A street vendor tends to his stand with lots of kids toys and items.,86876
17375,4005756399.jpg,A street vendor next to a stall of umbrellas and inflatable animals.,86877
17375,4005756399.jpg,A vendor sells souvenirs and trinkets on a busy street.,86878
17375,4005756399.jpg,Black man sells various toys in the street.,86879
19372,4463461957.jpg,An Asian woman in a bikini top and black skirt holds a popsicle and a set of keys.,96860
19372,4463461957.jpg,A woman holds a frozen pop sickle and keys in her right hand.,96861
19372,4463461957.jpg,A woman in a bikini top and black skirt eating a popsicle.,96862
19372,4463461957.jpg,A girl in a bikini enjoys a Popsicle outdoors.,96863
19372,4463461957.jpg,A woman in a swimsuit is holding a popsicle,96864
8147,2747474694.jpg,Several people stand outside on the sidewalk while an elderly man in a striped shirt walks down the street in front of them.,40735
8147,2747474694.jpg,There are many people standing on a sidewalk as a man walks down the hill in front of them.,40736
8147,2747474694.jpg,A group of people standing on the sidewalk and looking across the street.,40737
8147,2747474694.jpg,People line up on the sidewalk while an old man walks down the street.,40738
8147,2747474694.jpg,A man passing by a group along a cobblestone road.,40739
12090,3246613257.jpg,"A girl, dressed in winter clothing, is rolling a giant snowball along the snow-covered ground.",60450
12090,3246613257.jpg,A little girl with a brown jacket and purple pants rolling a ball of snow.,60451
12090,3246613257.jpg,A girl in a pink hat rolls a large snowball in the snow.,60452
12090,3246613257.jpg,A young girl is rolling a giant snowball outside.,60453
12090,3246613257.jpg,A young girl is pushing a snowball.,60454
8069,2736991184.jpg,An outdoor crowd listening to musicians perform on a portable stage.,40345
8069,2736991184.jpg,A man playing guitar in front of a crowd.,40346
8069,2736991184.jpg,A crowd enjoys a show by some musicians.,40347
8069,2736991184.jpg,A crowd watches an outdoor concert.,40348
8069,2736991184.jpg,Many peoples outside the building,40349
23729,486016665.jpg,Two woman with long hair and ponytails jog along the roadside.,118645
23729,486016665.jpg,Two girls jogging in a park along side a pond with cyclists.,118646
23729,486016665.jpg,Two women jogging through a road by the waterside.,118647
23729,486016665.jpg,Two women jogging on a paved trail around a lake.,118648
23729,486016665.jpg,Two women jog down the street.,118649
7649,2680852294.jpg,"A man who appears to be homeless, sitting on the ground with a blue jacket on and a bald spot in the middle of his head.",38245
7649,2680852294.jpg,A man is sitting on the ground with a white cup in front of him.,38246
7649,2680852294.jpg,A single man sits on the ground with a cup in front of him.,38247
7649,2680852294.jpg,A man with a cup sitting in front of a wooden structure.,38248
7649,2680852294.jpg,A man sitting against wood paneling.,38249
26677,566794036.jpg,An athlete in red shorts is caught frozen during a basketball move.,133385
26677,566794036.jpg,A shirtless man in red shorts bouncing a basketball on a court.,133386
26677,566794036.jpg,A man wearing red shorts dribbles a basketball behind him.,133387
26677,566794036.jpg,Man in red shorts bouncing a basketball.,133388
26677,566794036.jpg,A man with no shirt plays basketball.,133389
16096,3725353555.jpg,The German shepherd dog is jumping up as it is being squirted with a jet of water.,80480
16096,3725353555.jpg,A tan and black dog jumps through a water sprinkler in the yard.,80481
16096,3725353555.jpg,A brown and black dog is jumping through a sprinkler.,80482
16096,3725353555.jpg,A German Shepherd runs through a sprinkler.,80483
16096,3725353555.jpg,A dog playing with a sprinkler,80484
10134,3009729697.jpg,A young girl is drawing a hopscotch game on the side of a road while other children are watching.,50670
10134,3009729697.jpg,Four kids are playing on the sidewalk as two adults watch from chairs behind them.,50671
10134,3009729697.jpg,A girl in an orange dress is drawing on the ground with chalk.,50672
10134,3009729697.jpg,A group of young children playing hopscotch on a sidewalk.,50673
10134,3009729697.jpg,Children play on a sidewalk with dolls and chalk.,50674
772,12637806.jpg,A man in jeans and a blue long-sleeved shirt is on his phone while leaning on the edge of a building.,3860
772,12637806.jpg,A man on a cellphone stands outside of a building with pictures of women in black shirts behind him.,3861
772,12637806.jpg,A person is standing with one leg propped up with an object with a blue line in his left hand.,3862
772,12637806.jpg,A man in a blue denim shirt is talking on his cellphone while wearing sunglasses.,3863
772,12637806.jpg,The man in the blue is on the phone.,3864
14563,3539891975.jpg,The runner in the white shirt works hard to beat the runner in the blue shirt.,72815
14563,3539891975.jpg,A man in a yellow shirt watches as runners are about to run past him.,72816
14563,3539891975.jpg,People with numbers on their shirts are running down a road.,72817
14563,3539891975.jpg,Several people are running a race next to a vineyard.,72818
14563,3539891975.jpg,Runners in a race are running up a hill.,72819
29366,7340189.jpg,A large man with a red shirt is using a shovel to attack another man with a gray top who is using the lid of a grill as a shield.,146830
29366,7340189.jpg,A woman in a red shirt scraping out the top of a barbecue pit with a shovel while the man holds it in the air.,146831
29366,7340189.jpg,A man in a red shirt is holding up a shovel while another man blocks it with a black shield.,146832
29366,7340189.jpg,Two males are fighting with a shovel and the top of a grill.,146833
29366,7340189.jpg,Bearded man hitting a grill cover with a shovel.,146834
19497,4478669459.jpg,"A man is lying in the snow on his back, working on something mechanical above him.",97485
19497,4478669459.jpg,A worker makes repairs in the wheel of a bulldozer during winter.,97486
19497,4478669459.jpg,A man in hazard gear is working on machinery in the snow.,97487
19497,4478669459.jpg,A older male is working on a snow truck.,97488
19497,4478669459.jpg,A man is working to repair a machine.,97489
22514,4764090898.jpg,"Four Caucasian people including a man with a ponytail and glasses and man smoking cigar, stand outside a crowded festive pub.",112570
22514,4764090898.jpg,A man in yellow is about to take a puff of his cigar as his wife watches.,112571
22514,4764090898.jpg,Man smoking a cigar in a yellow shirt next to a man with a large drink.,112572
22514,4764090898.jpg,Man with cigar talking to other people in a crowd.,112573
22514,4764090898.jpg,A group of people talking next to one another.,112574
3523,2127566743.jpg,Some people playing guitars and others holding their hands in the air.,17615
3523,2127566743.jpg,A rock band in a small club performing and sweating.,17616
3523,2127566743.jpg,A band performing in front of a group of fans.,17617
3523,2127566743.jpg,A band plays a concert for excited fans.,17618
3523,2127566743.jpg,A band playing with fans watching.,17619
6514,2536993581.jpg,A group of construction workers wearing orange vests are working on a train station area.,32570
6514,2536993581.jpg,Workers wearing orange caution vests are working with blue bags beside railroad tracks.,32571
6514,2536993581.jpg,A construction crew in safety vests are renovating a sidewalk near railroad tracks.,32572
6514,2536993581.jpg,Construction workers are laying bricks in the median of a train station.,32573
6514,2536993581.jpg,Several men in orange vests work along side a railway.,32574
22051,4728172600.jpg,A man in a black shirt is looking over to the left while in a crowd.,110255
22051,4728172600.jpg,A black guy with dreadlocks is dancing along with other people.,110256
22051,4728172600.jpg,An African-American man wearing a blank tank top is dancing.,110257
22051,4728172600.jpg,A young man with dreadlocks flexes his muscles.,110258
22051,4728172600.jpg,A black man in a black shirt flexing his arms.,110259
25367,505785112.jpg,A woman squats in front of a clothesline and hangs clothing to dry.,126835
25367,505785112.jpg,A woman sitting by pink flowers hanging up laundry on a line.,126836
25367,505785112.jpg,A woman with dark hair is hanging up clothes to dry.,126837
25367,505785112.jpg,A woman in pajamas hangs laundry on a clothesline.,126838
25367,505785112.jpg,Young women hanging laundry on a clothesline.,126839
30147,7942450860.jpg,A man is sitting in a folding chair at a car shop while others look at cars in the background.,150735
30147,7942450860.jpg,A man sitting next to tires in a showroom containing race cars lined up with hoods opened.,150736
30147,7942450860.jpg,A man is sitting on a blue chair next to three tires and in front of two yellow racing cars,150737
30147,7942450860.jpg,"Multiple race cars seems to need tune ups, two yellow car one white and one black",150738
30147,7942450860.jpg,A mechanic for a race car team is working on the wheels of a race car.,150739
10368,3037558954.jpg,A man stands on a sailboat in the water.,51840
10368,3037558954.jpg,A person is windsurfing in the water.,51841
10368,3037558954.jpg,A man is wind sailing in the ocean.,51842
10368,3037558954.jpg,A wind-surfer in near the beach.,51843
10368,3037558954.jpg,A man windsurfs near the beach.,51844
4245,2247101794.jpg,A man wearing a black shirt and white pants stretches out on a bench in the shade of trees.,21225
4245,2247101794.jpg,In this picture there is a person lying down on a bench covering his face with his arms.,21226
4245,2247101794.jpg,Here is a picture of somebody sleeping on a bench that is under a tree and near a park.,21227
4245,2247101794.jpg,A man wearing a dark top and white pants lies down in the shade on park bench.,21228
4245,2247101794.jpg,A person sleeping on a park bench.,21229
26054,5352158457.jpg,"A person wearing a cowboy hat, jeans, and a black shirt is riding a brown horse in a barrel racing arena.",130270
26054,5352158457.jpg,"A woman on a horse, racing towards something with a logo for Skirvin Farms in the background.",130271
26054,5352158457.jpg,A woman in a maroon shirt and a cowboy hat is riding a brown horse.,130272
26054,5352158457.jpg,An intrepid cowgirl rides a mustang at the rodeo.,130273
26054,5352158457.jpg,A girl riding a horse in a rodeo.,130274
11638,3194533056.jpg,"A group of people gathered around two woman, one of the woman is wearing a green dress with yellow shaped on it, the other woman is wearing pink and black shirt.",58190
11638,3194533056.jpg,"Two women in colorful clothing are dancing and moving in the center of a circle of other women, who are clapping and smiling.",58191
11638,3194533056.jpg,A group of Africans are enjoying themselves in group song and dance.,58192
11638,3194533056.jpg,People clap while two women play a game.,58193
11638,3194533056.jpg,Women are dancing outside.,58194
25291,5016198622.jpg,"Young man in is holding surfboard with young girl on surfboard, both in black attire with wave behind them.",126455
25291,5016198622.jpg,"A father is teaching a his daughter how to surf, although she is having difficulties.",126456
25291,5016198622.jpg,A man is in the ocean holding onto a surfboard as a child attempts to stand up.,126457
25291,5016198622.jpg,A man is showing a younger girl how to scuba while tackling the waves.,126458
25291,5016198622.jpg,A man teaches his daughter how to surf.,126459
24932,4961553786.jpg,A group of people running a race outside wearing short-sleeve shirts and shorts.,124660
24932,4961553786.jpg,A woman in a green shirt is running a race and looking at her watch.,124661
24932,4961553786.jpg,A woman in a green tank top runs in a crowd of men during a race.,124662
24932,4961553786.jpg,A woman in a green shirt running a race.,124663
24932,4961553786.jpg,Runners running in a marathon.,124664
17547,4049278176.jpg,"A black man in a tan sarong and head wrap, works outside shoveling a sand from a yellow truck on to a road, he is surrounded by green grass, shrubs, and plums of dust.",87735
17547,4049278176.jpg,A man wearing a headscarf and loincloth is laying and smoothing an asphalt surface near a forest on a hot day.,87736
17547,4049278176.jpg,An african american in a mist of sand with lush greenery in the background.,87737
17547,4049278176.jpg,A person is holding a shovel between a truck and a cloud of dust.,87738
17547,4049278176.jpg,A man working very hard with his shovel in hand.,87739
17796,4106948497.jpg,An older man in a red sweatshirt stands in front of a group of children sitting on benches in front of him.,88980
17796,4106948497.jpg,A man is speaking in front of young children who are seated on picnic tables.,88981
17796,4106948497.jpg,A man in a red sweatshirt is talking to a group of children in the forest.,88982
17796,4106948497.jpg,Adult male in red hoodie lecturing a group of children outside.,88983
17796,4106948497.jpg,A man is giving instructions to several children in a forest.,88984
29099,7147639585.jpg,"Five men stand in a spotlight, some with an arm raised, on a stage with a drum kit and other musical instruments behind them.",145495
29099,7147639585.jpg,A band of musicians on stage waving and saluting to the audience off-camera.,145496
29099,7147639585.jpg,Five men standing on a music set smile and wave at an unseen audience.,145497
29099,7147639585.jpg,5 adult men standing on stage after a concert.,145498
29099,7147639585.jpg,Five people on a stage are waving to a crowd.,145499
23503,4845708873.jpg,A man in sunglasses and a shirt is standing in front of a field of grass and a lake.,117515
23503,4845708873.jpg,A man wearing sunglasses is seen on a sunny day next to a sculpture in a park.,117516
23503,4845708873.jpg,"Visitors standing in a recreational area with a pond, a sculpture and trees",117517
23503,4845708873.jpg,A man with a slide in the background.,117518
23503,4845708873.jpg,There are several people in a park.,117519
6652,2548777800.jpg,The boy wearing orange face paint is carrying a toy fish in around his next.,33260
6652,2548777800.jpg,A boy celebrating with paint on his face and clothing.,33261
6652,2548777800.jpg,Closeup of young boy with his face and body painted.,33262
6652,2548777800.jpg,The boy has orange paint on him.,33263
6652,2548777800.jpg,Boy covered in finger paint.,33264
10612,3070130228.jpg,"Two people wearing blue, red, and white football uniforms crouched over as though in play.",53060
10612,3070130228.jpg,Two players in red white and blue football uniforms squat down on the field.,53061
10612,3070130228.jpg,Two football players are preparing for the next play.,53062
10612,3070130228.jpg,Two football players preparing to hike a football.,53063
10612,3070130228.jpg,Two football players in hike formation.,53064
9933,2982881046.jpg,A skateboarding ramp located in a room with multicolored graffti painted on the wall.,49665
9933,2982881046.jpg,A man is doing a jump on bicycle in an indoor skate and bike center.,49666
9933,2982881046.jpg,A man is doing a trick on a bike in the air over a ramp.,49667
9933,2982881046.jpg,A person doing a bicycle trick over a wooden ramp.,49668
9933,2982881046.jpg,A person jumping with a bicycle over a ramp,49669
20599,4605779731.jpg,A toddler examines a small sailboat that has been filled with sand to make a sandbox.,102995
20599,4605779731.jpg,A small child looks at a small sailboat that has been turned into a sandbox.,102996
20599,4605779731.jpg,A little boy stands behind a white and blue boat on a brick street.,102997
20599,4605779731.jpg,A boy is looking at a boat filled with sand.,102998
20599,4605779731.jpg,Boat sitting on ground filled with sand.,102999
30928,96828131.jpg,"A thin girl, with her eyes closed and her hands touching her head, is wearing a colorful bikini bottom and a red top as she stands beneath a briskly-flowing stream of water coming down from a wet cliff beside her.",154640
30928,96828131.jpg,A young lady wearing a bathing suit is rinsing her hair out in nature under a falling stream of water.,154641
30928,96828131.jpg,Young girl wearing a two-piece bathing suit bathing underneath a small waterfall.,154642
30928,96828131.jpg,Female is bathing in a waterfall while wearing a pink flowered bikini.,154643
30928,96828131.jpg,"A young woman wearing a bikini, standing under a waterfall.",154644
17498,4039941514.jpg,"A man is standing on a stage, speaking, and there is a phrase projected on a screen behind him.",87490
17498,4039941514.jpg,Young entrepreneur giving a presentation using two mac book laptops.,87491
17498,4039941514.jpg,A man with two apple computers giving a keynote address.,87492
17498,4039941514.jpg,A man gives a speech and uses to Apple computers.,87493
17498,4039941514.jpg,Man in glasses giving a presentation.,87494
29672,75897060.jpg,A man wearing a black jacket and blue hat wields an ice pick carving into a block of ice.,148360
29672,75897060.jpg,A guy with an interesting light blue hat sculpting ice.,148361
29672,75897060.jpg,A man in a light blue cap is carving an ice sculpture.,148362
29672,75897060.jpg,A man in a blue hat is sculpting a piece of ice.,148363
29672,75897060.jpg,A man is ice sculpting in public.,148364
17710,4089361660.jpg,A guy with a camera films a man in uniform while a woman interviews him.,88550
17710,4089361660.jpg,A man with a video camera is videotaping a soldier in a hard hat.,88551
17710,4089361660.jpg,A man in a striped shirt with a video camera.,88552
17710,4089361660.jpg,A worker in a hard hat is being interviewed.,88553
17710,4089361660.jpg,A person with a camera filming a soldier.,88554
13762,3446122073.jpg,"A group of people, including a man and woman with strollers, are standing next to Charging Bull, sometimes called the Wall Street Bull, a large bronze sculpture located in Bowling Green Park near Wall Street in Manhattan, New York City.",68810
13762,3446122073.jpg,People are walking in the street near a giant bull statue.,68811
13762,3446122073.jpg,A group of people are standing around a statue of a bull.,68812
13762,3446122073.jpg,A big statue of a bull in the middle of a busy sidewalk.,68813
13762,3446122073.jpg,Lots of men around a brown horse statue.,68814
20647,461139063.jpg,A woman gets ready to hold a food party for her family and friends.,103235
20647,461139063.jpg,A man in a sweater is holding a lamp.,103236
20647,461139063.jpg,A woman is holding a red lamp.,103237
20647,461139063.jpg,A woman examining a lamp.,103238
20647,461139063.jpg,A woman holds a lit lamp.,103239
29919,7740831042.jpg,A dark-skinned woman running with a javelin in her hand on a burnt orange surface preparing to throw it.,149595
29919,7740831042.jpg,An athlete sprints down a runway in preparation for hurling a javelin in track and field.,149596
29919,7740831042.jpg,"A javelin thrower running, caught in midair against the dark-orange track.",149597
29919,7740831042.jpg,Woman running down a center white line holding a javelin.,149598
29919,7740831042.jpg,A female javelin thrower runs with spear in hand.,149599
1233,137431253.jpg,"A girl is holding a green sign that says, ""invisible children no child should be a shoulder.""",6165
1233,137431253.jpg,A protester holds up a green handwritten sign denouncing the use of children as soldiers.,6166
1233,137431253.jpg,A lady holding a green sign at a protest to support Children advocacy.,6167
1233,137431253.jpg,There is an Asian girl holding a green sign protesting.,6168
1233,137431253.jpg,War protesters at a rally with a sign.,6169
16825,3872838863.jpg,A young man in a yellow floral shirt ponders purchases in an outdoor market while an older man in a gray t-shirt texts on his phone in the background.,84125
16825,3872838863.jpg,Several people are shopping at what looks to be some kind of street market with cars and graffiti and street art in the background.,84126
16825,3872838863.jpg,Boy standing in a marketplace looking vegetables and fruits.,84127
16825,3872838863.jpg,People are buying and selling fruit in an open air market.,84128
16825,3872838863.jpg,People shopping in a fruit market.,84129
8485,2789238858.jpg,A muzzled greyhound dog is running around a track.,42425
8485,2789238858.jpg,A greyhound with a muzzle runs on a racetrack.,42426
8485,2789238858.jpg,A muzzled greyhound dog running around a track,42427
8485,2789238858.jpg,A dog racing around a track.,42428
8485,2789238858.jpg,A dog racing on a track.,42429
26073,535830521.jpg,"A person wearing a blue jacket, blue jacket and black earmuffs is holding up a newspaper.",130365
26073,535830521.jpg,"A woman with earmuffs holds a paper that says ""real change"" on the cover.",130366
26073,535830521.jpg,"A woman in holding up a newspaper headline reading ""Real Change.""",130367
26073,535830521.jpg,"A woman holds a newspaper that says ""Real change"".",130368
26073,535830521.jpg,A woman holding a newspaper.,130369
27951,640053014.jpg,A motorcyclist is attempting a jump with another motorcyclist nearby as well as onlookers.,139755
27951,640053014.jpg,"A person in a red, white and blue jumpsuit flying through the air on a yellow motorcycle.",139756
27951,640053014.jpg,A person on a yellow dirt bike is taking a jump.,139757
27951,640053014.jpg,A cyclist on a neon yellow bike is airborne.,139758
27951,640053014.jpg,A person in midair on a yellow motorcycle.,139759
14148,3493244032.jpg,"A young girl in a pink shirt and brown hair plays with a barbie doll, a large dollhouse is in the background.",70740
14148,3493244032.jpg,A young girl in a pink shirt playing with her barbie.,70741
14148,3493244032.jpg,A young girl in pink is happily playing with a doll.,70742
14148,3493244032.jpg,A young girl holding a doll is smiling.,70743
14148,3493244032.jpg,A young girl holding her barbie doll.,70744
14501,3533394378.jpg,Two people are suspended in air in a metal ball as part of a carnival type ride.,72505
14501,3533394378.jpg,"A man and woman, both with red-hair, enjoy a bungee-type carnival ride.",72506
14501,3533394378.jpg,A man and a woman are strapped into a circular metal ride.,72507
14501,3533394378.jpg,Two people on an amusement park ride.,72508
14501,3533394378.jpg,Two people in a slingshot ride.,72509
23313,4829028377.jpg,Asian women in various forms of dress use pastel umbrellas to shield themselves from the sun.,116565
23313,4829028377.jpg,Three people lined on the street shading themselves from the sun with umbrellas.,116566
23313,4829028377.jpg,Three women are standing outside holding umbrellas.,116567
23313,4829028377.jpg,Ladies shopping with umbrellas shielding the sun.,116568
23313,4829028377.jpg,Several asian women standing under umbrellas.,116569
6060,2475544216.jpg,An man with dark hair is sleeping reclined in an office chair by a computer.,30300
6060,2475544216.jpg,Man leaning back in his chair sleeping in an office.,30301
6060,2475544216.jpg,The man fell asleep during work or class.,30302
6060,2475544216.jpg,A man in a desk job falling asleep.,30303
6060,2475544216.jpg,A man is sleeping at his desk.,30304
12841,3338573401.jpg,A woman opens her eyes wide and sticks her tongue out as she holds a camera to take a picture.,64205
12841,3338573401.jpg,A woman sticking her tongue out and carrying a big purse is taking a photo by a shop window.,64206
12841,3338573401.jpg,A photographer makes a silly face while she takes a picture on a public street at dusk.,64207
12841,3338573401.jpg,A woman is outside a store taking a picture and making a face.,64208
12841,3338573401.jpg,A woman sticking her tongue out while be photographed.,64209
19231,444803340.jpg,A man in a white shirt is standing in the grass showing something to a woman in a white shirt.,96155
19231,444803340.jpg,"A guy and a girl, both wearing white shirts and jeans, stand under a flowering tree.",96156
19231,444803340.jpg,A young couple both wearing white shirts and blue jeans standing in a light misty rain,96157
19231,444803340.jpg,A man and woman standing underneath the tree are talking.,96158
19231,444803340.jpg,A man and a woman are talking in a park,96159
30936,970958470.jpg,A young man is hanging from a pull up bar while a uniformed man holds the side pole of the bar.,154680
30936,970958470.jpg,A man dressed in an army uniform next to a person with a green shirt hanging from a pole.,154681
30936,970958470.jpg,A man wearing camouflage is watching someone try to do a pull-up.,154682
30936,970958470.jpg,An Army cadet is teaching a boy how to do pull-ups.,154683
30936,970958470.jpg,A boy in a green shirt is doing a chin up.,154684
24650,4939482606.jpg,A woman in blue standing in front of the person sitting down wanting to buy some bananas or other fruit.,123250
24650,4939482606.jpg,"A woman wearing blue is talking to a man sitting on the sidewalk, next to some vegetables for sale.",123251
24650,4939482606.jpg,A woman in a blue robed garment talking to a merchant sitting under an umbrella near a fruit stand.,123252
24650,4939482606.jpg,A woman in a blue talks with a fruit salesman on the street.,123253
24650,4939482606.jpg,A woman talks to a man at the market.,123254
27192,5949204053.jpg,A teenager wearing a black t-shirt is skating high up nearly four feet above the ground.,135960
27192,5949204053.jpg,"A male skateboarder in a black shirt, and white pants, jumping over a yellow object.",135961
27192,5949204053.jpg,An Asian skateboarder in a black shirt and fitted jeans shows off a trick.,135962
27192,5949204053.jpg,A skateboarder in an ally doing tricks while jumping over panels.,135963
27192,5949204053.jpg,The guy on a skateboard unbelievably jumps over a high barrier.,135964
23646,4857155667.jpg,Man with gray shirt looking at city map and another man to his left wearing a red shirt while taking a digital photograph.,118230
23646,4857155667.jpg,An older man with white hair and beard reading a map as he's walking through an unfamiliar city.,118231
23646,4857155667.jpg,An older man with a white beard is looking at a city map.,118232
23646,4857155667.jpg,A white-haired gentleman is studying a map.,118233
23646,4857155667.jpg,A man in a white shirt is reading a map.,118234
25877,527076501.jpg,An artist in a gray shirt and multicolored hat paints fine details onto a colorful mural of an outdoor street scene.,129385
25877,527076501.jpg,An artist dressed in a gray sweatshirt is working on a brightly colored painting of a town.,129386
25877,527076501.jpg,"A man painting a picture of buildings, people, and animals.",129387
25877,527076501.jpg,A man is painting a vibrantly colored city scene.,129388
25877,527076501.jpg,Artist painting on a canvas.,129389
13111,3366377833.jpg,A baseball player slides towards second base while the short stop throws to ball to try to complete a double play.,65555
13111,3366377833.jpg,Two guys are on a baseball field and one is about to hit the base .a group,65556
13111,3366377833.jpg,Number 28 slides in to a base as another player throws the ball.,65557
13111,3366377833.jpg,Man in gray and black baseball uniform slides to base.,65558
13111,3366377833.jpg,A baseball player sliding toward second base.,65559
3045,2057991743.jpg,A man wearing blue and wearing sandals kicking his leg up in the air.,15225
3045,2057991743.jpg,A man dressed in light blue is doing martial arts on the beach.,15226
3045,2057991743.jpg,A guy in a blue suite kicking his leg.,15227
3045,2057991743.jpg,A teenager in light blue doing karate.,15228
3045,2057991743.jpg,A man in blue doing kung fu.,15229
15365,3637966641.jpg,A young baseball player sliding into a base while a dust cloud rises and the other team moves around him.,76825
15365,3637966641.jpg,A Little League team tries to catch a runner sliding into a base in an afternoon game.,76826
15365,3637966641.jpg,"Boys playing baseball, cars parked in the background.",76827
15365,3637966641.jpg,Five little boys are playing baseball.,76828
15365,3637966641.jpg,Kids playing ball in the park.,76829
23279,4826445340.jpg,A woman wearing a multicolored off the shoulder top and white shorts sits in the grass reading a book.,116395
23279,4826445340.jpg,A young lady reads a book while sitting outside at the base of a palm tree.,116396
23279,4826445340.jpg,This girl is sitting on the grass and leaning against a tree trunk.,116397
23279,4826445340.jpg,"A woman is sitting under a palm tree, reading a magazine.",116398
23279,4826445340.jpg,A woman is sitting against a tree with a book in her lap.,116399
17820,4111420077.jpg,A young man carries a big basket while an older man behind him talks on a cellphone.,89100
17820,4111420077.jpg,A man in a green and white striped shirt carries a large basket on his shoulder.,89101
17820,4111420077.jpg,Hispanic man holding a very large basket while standing in the street.,89102
17820,4111420077.jpg,Man in striped shirt carrying wooden basket over right shoulder,89103
17820,4111420077.jpg,A man standing on a street holding a basket besides his head,89104
3796,218428071.jpg,A blond-haired man with glasses wears a makeshift cape while pointing up.,18980
3796,218428071.jpg,White man with American Flag cape and glasses stands in a group of people,18981
3796,218428071.jpg,A man in a flag had one finger up while walking past the camera.,18982
3796,218428071.jpg,People gathered on the street smiling and waving.,18983
3796,218428071.jpg,A man wrapped in a flag walks down the street.,18984
27284,6031795624.jpg,"The tourists are out on the river in Italy, the man in the black and white striped shirt will tell them about the seine.",136420
27284,6031795624.jpg,Two boats with paddlers and passengers are in a river lined by buildings.,136421
27284,6031795624.jpg,People on gondola rides through the canals of Venice between buildings.,136422
27284,6031795624.jpg,A picture of the little boats in Italy.,136423
27284,6031795624.jpg,Two gondolas passing in a canal.,136424
5732,2437766095.jpg,"This man is practicing kickboxing, where there is at least one other guy practicing as well.",28660
5732,2437766095.jpg,A man in a white tank top and baggy black and white shorts kicks a black punching bag.,28661
5732,2437766095.jpg,An Asian man in a white tank-top kicking a punching bag in a gym.,28662
5732,2437766095.jpg,A kickboxer delivers a side kick to a heavy bag in a gym.,28663
5732,2437766095.jpg,A man practicing kickboxing.,28664
18260,42397423.jpg,A young boy in green shorts balances on a pipe above a river.,91300
18260,42397423.jpg,A young boy is walking across a pipe that runs across water.,91301
18260,42397423.jpg,A young boy walks on a pipe that stretches over water.,91302
18260,42397423.jpg,A young boy walking across pipe over a body of water.,91303
18260,42397423.jpg,A boy is standing on a sewer tube for fun.,91304
29448,7417714642.jpg,A bride wearing her bridal gown is taking pictures with her colorful wedding bouquet in front of cows.,147240
29448,7417714642.jpg,"A young woman, carrying a bouquet of flowers, is stand near a fence with three cows behind it.",147241
29448,7417714642.jpg,A woman in a white dress holding flowers standing in front of 4 cows.,147242
29448,7417714642.jpg,A girl in a white dress with a bouquet with 4 cows in the background.,147243
29448,7417714642.jpg,A girl is holding flowers in front of a field of cows.,147244
13758,344536009.jpg,A young man with long black dreadlocks sits down while another person works on them.,68790
13758,344536009.jpg,A young man with dreadlocks receives a haircut from a young woman outdoors.,68791
13758,344536009.jpg,A young man is having his dreadlocks cutoff by a woman with scissors.,68792
13758,344536009.jpg,A woman cuts the dreadlocks off of a young man with black hair.,68793
13758,344536009.jpg,A woman is cutting dreadlocks off the head of a young man.,68794
12966,3351667632.jpg,A group of men are standing on a desert road whilst one man hands a blue box to another.,64830
12966,3351667632.jpg,"Older black man handing small blue object to group of younger black men, outdoors.",64831
12966,3351667632.jpg,A man wearing a backwards blue cap hands something to one man in a line of men.,64832
12966,3351667632.jpg,A man is handing a box to another man in a group.,64833
12966,3351667632.jpg,A man handing a box to a group of men.,64834
17159,3959035241.jpg,Standing in a kitchen a young woman wearing a black peasant blouse and holding a plastic fork between her teeth shows the camera a ladle in her right hand and a bowl in her left hand.,85795
17159,3959035241.jpg,A woman wearing glasses and a black blouse holds a ladle and a bowl in her hands and clenches a plastic fork in her teeth while standing in a kitchen.,85796
17159,3959035241.jpg,"A young woman wearing glasses and a black blouse holds a ladle in one hand, a bowl in the other and a fork in her mouth.",85797
17159,3959035241.jpg,"A woman in a black shirt holding a serving spoon, bowl and fork.",85798
17159,3959035241.jpg,A woman in a black shirt with cooking utensils smiling.,85799
25685,5192430558.jpg,A man in a yellow jacket is about to start riding through the city on his motorbike while a woman walks and an old man nearby holds a smoking lantern.,128425
25685,5192430558.jpg,Man with a yellow jacket is riding a motorbike through a street marketplace filled with people and vendors.,128426
25685,5192430558.jpg,Local people commute through a bazaar that sells etiquette specific to the town's culture.,128427
25685,5192430558.jpg,A man is riding a motorcycle through the streets of an Indian bazaar.,128428
25685,5192430558.jpg,A man on a moped is driving through the streets of his town.,128429
1051,1335617803.jpg,Two boys wearing matching blue polo shirts strike a goofy pose.,5255
1051,1335617803.jpg,The two children make a funny pose in front of some bushes.,5256
1051,1335617803.jpg,Two boys posing in blue shirts and khaki shorts.,5257
1051,1335617803.jpg,Two boys in blue shirts are doing funny poses.,5258
1051,1335617803.jpg,Two boys in blue shirts wearing backpacks.,5259
16436,3795581431.jpg,"A little girl is seated, wearing a flower-print dress with a blue and red birthday party hat, surrounded by party attendees.",82180
16436,3795581431.jpg,"A little girl with blond-hair is wearing a dress and a hat that says ""Birthday Princess.""",82181
16436,3795581431.jpg,Child in a pink dress with white flowers enjoying her birthday.,82182
16436,3795581431.jpg,A young blond girl is wearing a pink dress and a birthday hat.,82183
16436,3795581431.jpg,A little girl opening a gift.,82184
1550,1449692616.jpg,A small child wearing a gray and purple shirt playing with a black camera.,7750
1550,1449692616.jpg,A girl takes a picture with her hand over the camera lens.,7751
1550,1449692616.jpg,Thie little girl is taking a picture with a camera.,7752
1550,1449692616.jpg,Little girl looking through a camera.,7753
1550,1449692616.jpg,A little girl holding a camera.,7754
10796,3092200805.jpg,Two men in two canoes are sitting in a lake.,53980
10796,3092200805.jpg,Two people in canoes ride through the water.,53981
10796,3092200805.jpg,Two guys are rowing a canoe on a lake.,53982
10796,3092200805.jpg,Two men on canoes on a lake.,53983
10796,3092200805.jpg,Two men rowing in canoes.,53984
24661,49402821.jpg,A little girl in a salmon skirt attempting to hit a soccer ball but missing.,123305
24661,49402821.jpg,Young girl kicking around soccer balls on a large soccer field.,123306
24661,49402821.jpg,A little girl kicking a soccer ball in a soccer stadium.,123307
24661,49402821.jpg,A little girl kicks a ball in front of a soccer net.,123308
24661,49402821.jpg,A little girl is kicking a soccer ball.,123309
29742,7640940298.jpg,A woman holding a red umbrella looking at a food stand with a large temple behind her.,148710
29742,7640940298.jpg,An Asian woman is posing with a red umbrella in a marketplace in China.,148711
29742,7640940298.jpg,An Asian woman with a red umbrella walks through a crowded marketplace.,148712
29742,7640940298.jpg,Customers pick out snacks at a food stand outside a chinese temple,148713
29742,7640940298.jpg,"Group of people holding umbrellas, while walking in the rain.",148714
21549,468930193.jpg,Two men in shorts and short sleeves leap in the air.,107745
21549,468930193.jpg,Two athletic men doing parkour off of buildings.,107746
21549,468930193.jpg,Two men jumping in the air for a picture.,107747
21549,468930193.jpg,Two men are jumping outside on concrete.,107748
21549,468930193.jpg,Two guys in shorts jumping.,107749
20791,4623878314.jpg,A man in glasses and a striped shirt walks down the street with one hand in his pocket.,103955
20791,4623878314.jpg,A man with a cigarette in hand is looking at a car in front of him.,103956
20791,4623878314.jpg,A man wearing a light striped shirt holds a cigarette outside.,103957
20791,4623878314.jpg,The man in the striped shirt has a cigarette in his hand.,103958
20791,4623878314.jpg,A young man is looking and thinking at the same time.,103959
20271,4564857014.jpg,Two umbrellas with people attached to them waiting for a bus to pass.,101355
20271,4564857014.jpg,Two woman at the side of the road with their umbrella's.,101356
20271,4564857014.jpg,Two woman with umbrellas standing on a train platform.,101357
20271,4564857014.jpg,Two women standing at a train station in the rain.,101358
20271,4564857014.jpg,Two women waiting at a train stop.,101359
13771,3447007090.jpg,A group of young adults are standing on a street in front of a brick wall with a tall wooden gate.,68855
13771,3447007090.jpg,A group of seven Asian girls and boys are waiting to cross a street.,68856
13771,3447007090.jpg,Group of young adults with buckets and soaking wet on street.,68857
13771,3447007090.jpg,A group of people cross the street with buckets and poles.,68858
13771,3447007090.jpg,A group of teenagers wait to cross the street.,68859
22683,4781282778.jpg,"Old world stone houses and streets look lovely in the background, and faint person can be seen walking.",113415
22683,4781282778.jpg,Flowers growing out of a brick wall in an old city next to a road that some people are walking down.,113416
22683,4781282778.jpg,A woman in a red shirt is walking with others along a road.,113417
22683,4781282778.jpg,A couple walking toward a planter of beautiful flowers.,113418
22683,4781282778.jpg,People strolling outside near a brick building.,113419
5963,2465218087.jpg,A person in red and blue holding a paddle in front of a yellow canoe in the water.,29815
5963,2465218087.jpg,Person standing in the water by a yellow boat with an oar in their hand.,29816
5963,2465218087.jpg,A man holding a paddle is standing in front of a yellow kayak.,29817
5963,2465218087.jpg,A man stands next to his yellow boat in the water.,29818
5963,2465218087.jpg,A man is standing in the water with a kayak.,29819
5903,2456532329.jpg,An accordion player with a cowboy hat plays his instrument as he looks off into the distance.,29515
5903,2456532329.jpg,An old man with blond-hair in a blue shirt and brown hat is playing an accordion.,29516
5903,2456532329.jpg,Elderly man with accordion poses for camera.,29517
5903,2456532329.jpg,An elderly man is playing an accordion.,29518
5903,2456532329.jpg,An old accordion player looks on.,29519
17597,4061703371.jpg,Person in full equestrian gear stoops down next to the back half of a brown horse.,87985
17597,4061703371.jpg,A man looking for something possibly left by the horse.,87986
17597,4061703371.jpg,Back end of horse and rider outside a boxcar ramp.,87987
17597,4061703371.jpg,A jockey climbs a ramp behind his horse.,87988
17597,4061703371.jpg,A man bends over near a horse.,87989
7929,2716358130.jpg,Large group of people sitting on the lawn in front of a stage.,39645
7929,2716358130.jpg,A varied group of individuals sit on a lawn in the summer.,39646
7929,2716358130.jpg,People sitting on the ground listening to someone talk.,39647
7929,2716358130.jpg,"People are sitting on grass, while watching a stage.",39648
7929,2716358130.jpg,An audience awaits a performance at an outdoor stage.,39649
447,1146938063.jpg,"Two men talk while the one on the right holds in his left arm, and the one on the right holds a notebook behind him, they are in a field.",2235
447,1146938063.jpg,The man in the white shirt is listening to the man in the blue shirt.,2236
447,1146938063.jpg,"Two men, one black, one white, are holding books and talking.",2237
447,1146938063.jpg,"Two men carrying books, walking and talking in a field.",2238
447,1146938063.jpg,Two people are standing in a field holding some books.,2239
27011,5846714531.jpg,"Two people taking advantage of a clear windy day in an open plain, one by flying a kite, the second by paragliding.",135055
27011,5846714531.jpg,A kite surfer and a kite flier prepare to launch their respective kites on a grassy slope.,135056
27011,5846714531.jpg,A couple people setting up their kites with a red structure in the background.,135057
27011,5846714531.jpg,A person is standing on the ground with a parachute flying above him.,135058
27011,5846714531.jpg,People are flying kites in a field.,135059
6983,259314892.jpg,"Two dogs fighting in a forest, with the legs of two men in jeans in the background",34915
6983,259314892.jpg,Two dogs are interacting in a wooded area while people stand around.,34916
6983,259314892.jpg,A small white dog is playing with a bigger brown dog in the woods.,34917
6983,259314892.jpg,A smaller white dog and large shepherd playing near two people.,34918
6983,259314892.jpg,Two dogs trying to bite each other.,34919
18904,4393476043.jpg,"Man in gray zippered jacket and red shirt pets a brown dog and holds a young girl in pink shirt, while a woman next to him holds an infant boy and a gray dog.",94520
18904,4393476043.jpg,"Two adults, two children, and two dogs are sitting on a sofa.",94521
18904,4393476043.jpg,Family on the couch posing for a picture.,94522
18904,4393476043.jpg,A family posing for their portrait.,94523
18904,4393476043.jpg,A family is taking a portrait.,94524
30159,7955060664.jpg,"African children playing a game of soccer, one boy is wearing white shirt and red shorts with a yellow strip is chasing the soccer ball.",150795
30159,7955060664.jpg,A group of children are playing soccer barefoot on a sandy field.,150796
30159,7955060664.jpg,A bunch of Africans are playing soccer on a sandy beach.,150797
30159,7955060664.jpg,A group of young males play soccer.,150798
30159,7955060664.jpg,People playing soccer in the sand.,150799
19215,4446496491.jpg,"Two elderly women, one wearing a pink sweater and one wearing a blue sweater.",96075
19215,4446496491.jpg,Two older women are wearing colorful clothing outdoors on a sunny day.,96076
19215,4446496491.jpg,Both women are wearing glasses and long-sleeved shirts.,96077
19215,4446496491.jpg,Two elderly women speak to each other.,96078
19215,4446496491.jpg,Two older women are talking outside.,96079
8116,2744571595.jpg,A man is instructing other men using a whiteboard and dry-erase markers.,40580
8116,2744571595.jpg,Five men talking in a room with whiteboards behind them.,40581
8116,2744571595.jpg,A man that is talking to four other men in a circle.,40582
8116,2744571595.jpg,"Group of men standing in a meeting room, talking.",40583
8116,2744571595.jpg,A group of people stand listening to a speaker.,40584
14154,3494034357.jpg,Two women are in the middle of a game of tennis - one wears yellow and the other blue.,70770
14154,3494034357.jpg,Two women tennis players get in their ready positions awaiting the next service.,70771
14154,3494034357.jpg,Two women are on the tennis court wearing skirts.,70772
14154,3494034357.jpg,Two females are playing tennis.,70773
14154,3494034357.jpg,Two woman are playing tennis.,70774
18013,416650559.jpg,A person dressed as Batman poses for a picture.,90065
18013,416650559.jpg,A man is wearing a Batman costume with a cape.,90066
18013,416650559.jpg,A man is posing dressed in a Batman costume.,90067
18013,416650559.jpg,A man dressed like late 80's movie Batman.,90068
18013,416650559.jpg,A man dressed in a batman costume.,90069
12023,3240214693.jpg,"Four men and two women, most with ear protectors, are sitting in the hold of a boat.",60115
12023,3240214693.jpg,People are having a conversation in the inner room of a ship.,60116
12023,3240214693.jpg,Three men and two women are sitting in an airplane.,60117
12023,3240214693.jpg,All people are flying in the military plane,60118
12023,3240214693.jpg,People sitting down in an Airplane.,60119
29713,761479953.jpg,"A little boy wearing a vest, floaties and goggles, swims to the side of a pool.",148565
29713,761479953.jpg,"A young boy wearing goggles, a vest, and arm floaties is swimming in a pool.",148566
29713,761479953.jpg,A young boy wearing safety swimming gear and goggles is in a pool.,148567
29713,761479953.jpg,A little boy swimming in a pool with a mask on.,148568
29713,761479953.jpg,A young boy swimming with goggles.,148569
20259,4564119814.jpg,"People walk down a city street at nighttime in front of construction and a ""Do Not Enter"" street sign.",101295
20259,4564119814.jpg,"A city street at night with a person under an umbrella and a ""Do Not Enter"" sign.",101296
20259,4564119814.jpg,Two men and a woman with an umbrella walking down a street.,101297
20259,4564119814.jpg,People walking on sidewalk in city,101298
20259,4564119814.jpg,A lively city street at night.,101299
12351,32762975.jpg,A martial artist demonstrating his skill by breaking boards with his foot in a dojo.,61755
12351,32762975.jpg,"Two people performing karate, one kicking a block of wood while the other holds it.",61756
12351,32762975.jpg,Two men in black and white uniforms are demonstrating karate.,61757
12351,32762975.jpg,Here are two men who appear to be practicing martial arts.,61758
12351,32762975.jpg,Two men doing karate in a dojo.,61759
16079,372372614.jpg,A group of New Yorkers is protesting the war with signs asking to bring home the troops.,80395
16079,372372614.jpg,A medium shot of a crowd protesting to bring the troops home.,80396
16079,372372614.jpg,Protesters want to bring home troops from the war.,80397
16079,372372614.jpg,A group of people are protesting against the army.,80398
16079,372372614.jpg,Protesters hold signs regarding troops at war.,80399
9410,2912692890.jpg,A man and a young boy are eating on a city sidewalk next to a cardboard box and a red shopping cart.,47050
9410,2912692890.jpg,A man and boy are eating food outdoors while sitting down next to a shopping cart.,47051
9410,2912692890.jpg,A father and son enjoying lunch after a morning of shopping.,47052
9410,2912692890.jpg,A man and his son carrying bags are enjoying a meal.,47053
9410,2912692890.jpg,A kid with black hair eating.,47054
23120,4814949606.jpg,A man in a blue shirt hold his hand up while talking to two ladies in blue shirts.,115600
23120,4814949606.jpg,An Asian gentleman explaining how it works to two young ladies.,115601
23120,4814949606.jpg,A man is talking while two woman listen to him.,115602
23120,4814949606.jpg,The three people are talking to each other,115603
23120,4814949606.jpg,A man is talking to two women.,115604
19204,4445461480.jpg,A man is on the street getting into his small blue car with his sunroof open.,96020
19204,4445461480.jpg,A man about to get inside a small blue compact car.,96021
19204,4445461480.jpg,A man with a shaved head getting out of his car.,96022
19204,4445461480.jpg,A bald man is getting out of a small blue car.,96023
19204,4445461480.jpg,A man gets into a small blue car.,96024
21341,4675748463.jpg,"A vivid and colorful street vendor gathering shows a number of proprietors outdoors, with a woman offering a box of items in the foreground.",106705
21341,4675748463.jpg,A woman wearing a white bolero jacket is holding a box with some items in it.,106706
21341,4675748463.jpg,A girl in a white jacket is selling pastries out of a box.,106707
21341,4675748463.jpg,A pretty girl is working at a stand on a bright sunny day.,106708
21341,4675748463.jpg,A woman is smiling at an outdoor market.,106709
25568,5135463229.jpg,"A man, woman, and two children are sitting around a table with their eyes closed.",127840
25568,5135463229.jpg,Two children and two adults are gathered around a table.,127841
25568,5135463229.jpg,An asian family of four sitting around a short table.,127842
25568,5135463229.jpg,A Chinese family is sitting together and praying.,127843
25568,5135463229.jpg,A family reading together.,127844
207,1075716537.jpg,A little boy rides a bike down a hill on a miniature dirt bike.,1035
207,1075716537.jpg,A young boy in a helmet rides a bike on the road.,1036
207,1075716537.jpg,A child with a helmet on his head rides a bike.,1037
207,1075716537.jpg,The young boy pedals quickly at a BMX race.,1038
207,1075716537.jpg,The little boy rides his bicycle in a race.,1039
13425,3406802138.jpg,Two dogs kick up dirt while running down a hill.,67125
13425,3406802138.jpg,Two dogs run through dirt and weeds.,67126
13425,3406802138.jpg,Two yellow dogs running on sand.,67127
13425,3406802138.jpg,Two dogs running in the dirt.,67128
13425,3406802138.jpg,Two dogs running in the dirt,67129
27465,6152219961.jpg,Several couples dancing outside while one female is looking towards the camera.,137325
27465,6152219961.jpg,A happy older couple share a dance while a younger dancing woman looks on.,137326
27465,6152219961.jpg,An older woman with brown hair is dancing with a man in a white shirt.,137327
27465,6152219961.jpg,A man and a woman are dancing in the crowd.,137328
27465,6152219961.jpg,A man and a woman are dancing in a crowd.,137329
30045,7819772858.jpg,A man with a long-sleeved shirt and board shorts surfs towards the camera and leans over with his right hand in the water.,150225
30045,7819772858.jpg,A surfer digs his board deep in the water to cut the wave he is riding.,150226
30045,7819772858.jpg,"Surfer coasts over some small waves, models for camera.",150227
30045,7819772858.jpg,A man in a blue water suit surfs on a small wave.,150228
30045,7819772858.jpg,A man is riding on a surfboard.,150229
28762,69551477.jpg,A man in a white shirt is wearing a hospital bracelet and holding a baby.,143810
28762,69551477.jpg,A man in a white t-shirt sits holds a newborn baby with a small hat on.,143811
28762,69551477.jpg,A new dad sees that his fatherhood is continuing.,143812
28762,69551477.jpg,A man holds a newborn baby in his arms.,143813
28762,69551477.jpg,A man is holding a newborn baby.,143814
25959,531055369.jpg,"A woman in purple walking past with a white bag in her hand, while an older man and woman are off to the side.",129795
25959,531055369.jpg,A woman wearing a purple outfit walking down the sidewalk carrying a white bag.,129796
25959,531055369.jpg,A large woman carrying bags is standing outside of a shop.,129797
25959,531055369.jpg,Three people and a baby carriage in front of a store.,129798
25959,531055369.jpg,People standing on a sidewalk near shops.,129799
17968,415432946.jpg,"Four young men in a kitchen and dining area cleaning up, the one in foreground is wiping the table and wearing a black t-shirt.",89840
17968,415432946.jpg,A man cleaning a table in somebody's home with 3 other guys in the background cooking.,89841
17968,415432946.jpg,Four people in a wooden house are preparing for some important looking occasion.,89842
17968,415432946.jpg,Four people in what looks like a kitchen preparing or cleaning.,89843
17968,415432946.jpg,A family in a log cabin setting up for a birthday party,89844
28373,6804407509.jpg,A middle-aged man using a large knife to chop up some sort of dough or pasta.,141865
28373,6804407509.jpg,An asian man with a teal apron is using a knife to prepare food in a kitchen.,141866
28373,6804407509.jpg,Man uses sharp knife to cut small squares out of a soft material.,141867
28373,6804407509.jpg,A man is cutting dough into small square strips.,141868
28373,6804407509.jpg,A man is cutting dough with a cleaver.,141869
4534,228716636.jpg,Man with blue hat and a white t-shirt stands next to a small white van.,22670
4534,228716636.jpg,A man in a blue hat has his foot on the front bumper of a van.,22671
4534,228716636.jpg,A man with a goatee leaning against a white van.,22672
4534,228716636.jpg,A man in a gray shirt next to a white van,22673
4534,228716636.jpg,A man standing next an older silver van.,22674
18185,42153946.jpg,An older man grills on a festive occasion where a gift sits in the background.,90925
18185,42153946.jpg,A man with a blue shirt is flipping burgers at an outside grill.,90926
18185,42153946.jpg,A man in a blue shirt is cooking hamburgers on a grill.,90927
18185,42153946.jpg,Man in blue shirt focusing on grilling hamburgers.,90928
18185,42153946.jpg,A man in a blue shirt cooks hamburgers on a grill.,90929
27248,5995194617.jpg,People sitting down mending fishing nets along side a river on a cloudy day.,136240
27248,5995194617.jpg,People sitting down in a shipyard with boats tied down in the background.,136241
27248,5995194617.jpg,A group of fisherman relaxing by the pier after a hard day of fishing.,136242
27248,5995194617.jpg,Employee's are trying to fix the tangled nets for the fishing boat.,136243
27248,5995194617.jpg,A few men resting on a boat docking area.,136244
19675,4500680173.jpg,An elderly man walking down the sidewalk carrying a shopping bag.,98375
19675,4500680173.jpg,A frowning elderly person is walking and carrying a plastic bag,98376
19675,4500680173.jpg,An old Asian man walks the streets with a bag of goods.,98377
19675,4500680173.jpg,A young Japanese man does not like his picture taken.,98378
19675,4500680173.jpg,Old man carries a bag down the street.,98379
7187,261737543.jpg,A kid is jumping off the side of a mountain just outside a city.,35935
7187,261737543.jpg,A man jumps off a cliff with a city view below.,35936
7187,261737543.jpg,A man jumping on a hill overlooking a town.,35937
7187,261737543.jpg,A person jumping off of a high rock.,35938
7187,261737543.jpg,A man leaping from a rocky hill.,35939
14916,3580941967.jpg,A person with long hair stares out of the window on the top level of a double decker bus.,74580
14916,3580941967.jpg,A woman is sitting on a bus facing many brown houses.,74581
14916,3580941967.jpg,A female is sitting down in a bus.,74582
14916,3580941967.jpg,A girl is sitting on a bus.,74583
14916,3580941967.jpg,Someone is riding the bus.,74584
1990,1580172290.jpg,Two children on hands and knees on a wood floor.,9950
1990,1580172290.jpg,Two young babies crawling on a wood floor,9951
1990,1580172290.jpg,A young boy crawls with a toddler.,9952
1990,1580172290.jpg,A baby and a young boy playing.,9953
1990,1580172290.jpg,Two kids play on the floor.,9954
16853,3879927955.jpg,"A woman is sitting in a street market stand where there are various items for sale, such as fish.",84265
16853,3879927955.jpg,A native woman is surrounded by baskets of fresh fish that she is selling at a local market.,84266
16853,3879927955.jpg,A shop keeper minds her open air stall in a market.,84267
16853,3879927955.jpg,A woman sells fish at the market.,84268
16853,3879927955.jpg,A man is selling many fish.,84269
30498,8227381437.jpg,A man in a gray shirt sits with several pairs of shoes around him.,152490
30498,8227381437.jpg,A man is sitting down and he is surrounded by shoes.,152491
30498,8227381437.jpg,Older man with shoes in front and behind him.,152492
30498,8227381437.jpg,This man has worked here for many decades.,152493
30498,8227381437.jpg,An old shoemaker in his factory,152494
12756,3329858093.jpg,A person holding a baby points out the window at the camera.,63780
12756,3329858093.jpg,A woman and baby are sitting in the window seat of a bus.,63781
12756,3329858093.jpg,A woman holding a young baby inside the window of a train,63782
12756,3329858093.jpg,"Young family eating a snack, shown through a window.",63783
12756,3329858093.jpg,A mother is holding her child on a train.,63784
19983,4535869941.jpg,"A group of young girls dressed in colorful trimmed black dresses with ruffles around the bottom and bright red flowers in their hair, dance in front of a colorful stage decorated in paper fans.",99915
19983,4535869941.jpg,"There is a group of young girls in mainly black ruffled dresses in front of a black background with large purple, red and green fans on it.",99916
19983,4535869941.jpg,A group of little girls wearing black dresses with red flowers in their heads about to dance.,99917
19983,4535869941.jpg,Young girls performing some kind of dance.,99918
19983,4535869941.jpg,Several women dancing in festive attire.,99919
19424,4468542868.jpg,A female dancer stands on-stage behind a male dancer and both extend their left arm.,97120
19424,4468542868.jpg,A male and a female in lightly colored clothing are dancing.,97121
19424,4468542868.jpg,Two Asian people strike a graceful pose.,97122
19424,4468542868.jpg,A man and a woman perform a dance.,97123
19424,4468542868.jpg,Two performers striking a pose.,97124
6996,2594809039.jpg,A man holding a cigarette is kissing a woman at a bar while people are sitting behind them.,34980
6996,2594809039.jpg,A man with a cigarette and a woman in a blue shirt are kissing in a bar.,34981
6996,2594809039.jpg,A man who is smoking a cigarette is kissing a woman in a blue shirt.,34982
6996,2594809039.jpg,A man in a gray shirt kissing a woman in a blue shirt at a bar.,34983
6996,2594809039.jpg,Man with cigarette kisses woman in bar.,34984
17690,408474778.jpg,"A toddler in a blue one-piece plays with a stack of plastic tubs, while toys are scattered on the floor behind him.",88450
17690,408474778.jpg,A young boy wearing blue plays in a room with a lot of toys.,88451
17690,408474778.jpg,A baby pulling all his toys out of his bin.,88452
17690,408474778.jpg,A toddler plays in a pile of toys.,88453
17690,408474778.jpg,A child is cleaning his room.,88454
14468,3528902357.jpg,A bicyclist is attempting a trick while wearing minimal protective gear.,72340
14468,3528902357.jpg,A boy is riding his bike over a ramp at a park.,72341
14468,3528902357.jpg,A man in a helmet is doing stunts on a bike.,72342
14468,3528902357.jpg,A boy attempting a jump on his bike.,72343
14468,3528902357.jpg,A closeup of a man riding a bicycle.,72344
16987,3912500237.jpg,Two children are sleeping while someone is fingering through a book of music.,84935
16987,3912500237.jpg,Children are sleeping as someone reads a song book.,84936
16987,3912500237.jpg,Reading sheet music with a sleeping child.,84937
16987,3912500237.jpg,A child sleeping as a person holds a book.,84938
16987,3912500237.jpg,A woman singing to her children.,84939
28518,686941225.jpg,A woman in a black jacket with yellow on the back talking to a man with a black jacket and cameras hanging down from his shoulders and neck.,142590
28518,686941225.jpg,A man carrying camera equipment is talking over a gate to a woman.,142591
28518,686941225.jpg,A photographer is having a conversation with a woman.,142592
28518,686941225.jpg,Woman talking to a photographer dressed in black.,142593
28518,686941225.jpg,A photographer is talking to a woman.,142594
12479,3293979340.jpg,"A young man with black hair, in a white t-shirt, black shorts with red and blue stripes along the side, jogging along a wire fence.",62395
12479,3293979340.jpg,A man wearing a white shirt and red and black shorts is running on the sidewalk.,62396
12479,3293979340.jpg,A man jogging on the sidewalk while listening to music.,62397
12479,3293979340.jpg,A man in a white shirt is jogging on a sidewalk.,62398
12479,3293979340.jpg,A man takes a jog down the sidewalk.,62399
14504,3533470072.jpg,Two young girls one blond one brunette are puckering there lips and showing a peace sign with there fingers.,72520
14504,3533470072.jpg,Two young women in identical blue dresses giving the peace sign in an auditorium.,72521
14504,3533470072.jpg,Twp young ladies give the piece sign with their fingers to the camera.,72522
14504,3533470072.jpg,Two girls giving the peace sign.,72523
14504,3533470072.jpg,Two girls waving two fingers.,72524
12103,3247423890.jpg,A man in a gray shirt juggles six black and white balls.,60515
12103,3247423890.jpg,A person is looking up and juggling seven balls.,60516
12103,3247423890.jpg,A young man juggles six black and white balls.,60517
12103,3247423890.jpg,The man juggles six balls easily.,60518
12103,3247423890.jpg,A man juggling hackey sacks,60519
55,1014785440.jpg,Two men are carrying children on their backs down the street on a sunny day in a nice neighborhood.,275
55,1014785440.jpg,"Two men, each with a small child on their backs, walk on a paved road.",276
55,1014785440.jpg,Two men are out for a stroll with their two young children.,277
55,1014785440.jpg,Men walking down a street with children.,278
55,1014785440.jpg,Two men walking with children.,279
18865,4381932580.jpg,"A woman is sitting on a beach with her shoes off and on a cellphone talking, scratching her shoulder, while a group of 5 other people are walking in the background.",94325
18865,4381932580.jpg,A girl in a hat sit on a beach while talking on her cellphone.,94326
18865,4381932580.jpg,Woman in hat and talking on cellphone sitting on the beach.,94327
18865,4381932580.jpg,A woman sits on the beach while talking on her cellphone.,94328
18865,4381932580.jpg,A lady sits in the sand on the beach.,94329
18922,439916996.jpg,A woman in a blue jacket watches as her two brown dogs play with a red ball in a grassy yard.,94610
18922,439916996.jpg,A brown dog persues a Frisbee across the grass as the thrower watches.,94611
18922,439916996.jpg,A woman watches a brown dog run away from a house across the grass.,94612
18922,439916996.jpg,A woman throws a Frisbee for her two brown dogs to chase.,94613
18922,439916996.jpg,Brown dogs and a woman in a yard,94614
21852,4715269800.jpg,A man wearing a blue coat with yellow stripes is sitting in an airplane that is taking off.,109260
21852,4715269800.jpg,An emergency worker is looking out the window of a moving vehicle.,109261
21852,4715269800.jpg,A bald fireman in his uniform rides in a moving vehicle.,109262
21852,4715269800.jpg,A firefighter looking out from a vehicle's window.,109263
21852,4715269800.jpg,A firefighter looking out the window.,109264
27566,6196180784.jpg,"Two women and a man in a room that has a sign reading ""Artisti"" on its door.",137830
27566,6196180784.jpg,A man putting on some shorts in a room with some other people.,137831
27566,6196180784.jpg,"Man putting on pants with ""Artisti"" sign on the door.",137832
27566,6196180784.jpg,A man and a woman get dressed in a messy bedroom.,137833
27566,6196180784.jpg,Artist works with human subject.,137834
21462,4685230116.jpg,"Four men in camouflage uniforms hurry down a street, with the two men in front taking a left into some vegetation.",107310
21462,4685230116.jpg,A group of army men and women hold guns and run down the street.,107311
21462,4685230116.jpg,Armed men wearing camouflage run along smoke-filled streets.,107312
21462,4685230116.jpg,Four military men are gunning down a street.,107313
21462,4685230116.jpg,Four guys with guns and army gear.,107314
11585,3188203103.jpg,"The tennis player received the ball, and in doing so he backhanded the ball back towards his opponent.",57925
11585,3188203103.jpg,A group of students and professors are assembling inflatable red stars.,57926
11585,3188203103.jpg,A group of people surround a bunch of inflatable pink stars.,57927
11585,3188203103.jpg,People with a large pink inflatable made of star shapes.,57928
11585,3188203103.jpg,People looking at pink stars.,57929
16043,3720376242.jpg,"It has just rained at a city street corner where shoppers, friends, and neighbors have seemed to stop for traffic and are enjoying each others company.",80215
16043,3720376242.jpg,A crowd of people are standing on a wet sidewalk in front of a construction sign.,80216
16043,3720376242.jpg,A group of men stands on the corner of a street.,80217
16043,3720376242.jpg,Group of people waiting at crosswalk in city.,80218
16043,3720376242.jpg,There is a man with a red hat on his hand.,80219
21023,464670352.jpg,A man with dark hair and a light tan jacket is standing under a umbrella at a booth with a sewing machine.,105115
21023,464670352.jpg,A man is sitting on the street under an umbrella with the sewing machine and altering clothes.,105116
21023,464670352.jpg,A guy working under an umbrella on a sewing project.,105117
21023,464670352.jpg,Asian boy works at a sowing machine pushcart.,105118
21023,464670352.jpg,A man is sewing clothes under an umbrella,105119
995,1321651400.jpg,A blond woman in a white dress sits in a flowering tree while holding a white bird.,4975
995,1321651400.jpg,Woman in white dress holds dove while sitting in flowered tree.,4976
995,1321651400.jpg,A woman is holding a bird while sitting in a flowering tree.,4977
995,1321651400.jpg,A blond girl in a white dress holding a bird in a tree.,4978
995,1321651400.jpg,Woman sitting in tree with dove.,4979
28216,6669144827.jpg,A male swimmer is performing a somersault dive while a group of ladies in swimsuits are seated above and behind him.,141080
28216,6669144827.jpg,A male diver attempts a back somersault while ambivalent onlookers chat amongst each other.,141081
28216,6669144827.jpg,Swimmer descending into water performing a flip while several women in background look on.,141082
28216,6669144827.jpg,A man does a back flip into a pool while onlookers watch.,141083
28216,6669144827.jpg,A man in a black swim trunk doing a flip cannonball.,141084
8025,2730116545.jpg,A young girl wearing a pink bathing suit with yellow and purple flowers is riding a toy train outside.,40125
8025,2730116545.jpg,A barefoot girl in swim goggles and a flowered bathing suit rides a plastic train pedal toy.,40126
8025,2730116545.jpg,A girl wearing goggles is sitting on a toy train.,40127
8025,2730116545.jpg,A young girl in a swimsuit riding a toy train.,40128
8025,2730116545.jpg,A young girl in goggles riding on a toy train.,40129
22269,4747501990.jpg,"A young man in shorts walks a dachshund past a graffiti-covered industrial loading dock, while a woman walks beside him carrying what appears to be a large white lamp.",111345
22269,4747501990.jpg,A lady is carrying a lamp is walking with a man wearing a red shirt walking a dog.,111346
22269,4747501990.jpg,A couple walk their Dachshund past a wall with graffiti on it.,111347
22269,4747501990.jpg,A woman holding a lamp walking next to a man walking a dog.,111348
22269,4747501990.jpg,A couple walking their dog.,111349
6210,2500826039.jpg,A man and a woman with a purse on her shoulder kissing each other while standing in a crowd.,31050
6210,2500826039.jpg,A couple kisses on the busy street.,31051
6210,2500826039.jpg,A couple kisses on a busy sidewalk.,31052
6210,2500826039.jpg,The couple embrace on the street.,31053
6210,2500826039.jpg,A couple kisses.,31054
19300,445348023.jpg,A man dangles from the room of an incompletely built building in the middle of a field.,96500
19300,445348023.jpg,A man laying on the roof attempting to rebuild it.,96501
19300,445348023.jpg,A man hanging off a partially framed roof.,96502
19300,445348023.jpg,Man laying on a partially built house.,96503
19300,445348023.jpg,A man is installing a roof.,96504
20491,4590678523.jpg,"A man bent over talking to his child with, a toy in between his legs.",102455
20491,4590678523.jpg,Man in a tan jacket and jeans bends over with a toy between his legs.,102456
20491,4590678523.jpg,Man slightly bent over has child's toy stuck between his legs.,102457
20491,4590678523.jpg,A man is bending over with a stuffed animal between his legs.,102458
20491,4590678523.jpg,A man with a blue toy sticking to the back of his pants.,102459
6341,2517489722.jpg,A little girl is climbing a wooden wall in a park and another man in a red shirt is walking on the trail.,31705
6341,2517489722.jpg,A man is walking on a trail in the woods while a young girl is attempting to climb some boards of wood.,31706
6341,2517489722.jpg,A blond-haired girl in denim shorts climbs a retaining wall along a path next to a river.,31707
6341,2517489722.jpg,A girl on wood and a man walking outside.,31708
6341,2517489722.jpg,A little blond girl is climbing.,31709
30184,7981321611.jpg,Baseball player dressed in blue with a red helmet at home plate in front of a catcher and umpire swinging a bat,150920
30184,7981321611.jpg,"A baseball player swings his bat at a ball, the umpire and catcher pay close attention behind him.",150921
30184,7981321611.jpg,"A baseball player is mid-swing, while the catcher behind him hold out his glove.",150922
30184,7981321611.jpg,A man is swinging a strike in a baseball game.,150923
30184,7981321611.jpg,A baseball player in mid-swing.,150924
3230,2086534745.jpg,A yellow kayak is descending quickly down a white water rapid.,16150
3230,2086534745.jpg,A rafter in a yellow raft in a steamy white river.,16151
3230,2086534745.jpg,A man in a yellow boat paddling down rough waters.,16152
3230,2086534745.jpg,The yellow kayak is in the middle of the rapids.,16153
3230,2086534745.jpg,Kayacker riding rough current downstream.,16154
27986,643684227.jpg,The people are on the boat fishing with a net two of them are rowing and one is pulling the net in.,139930
27986,643684227.jpg,A boat with two men paddling while the third man holds a line.,139931
27986,643684227.jpg,"Three people, two men and one woman are riding in a boat.",139932
27986,643684227.jpg,A woman is using a net to catch fish on the river.,139933
27986,643684227.jpg,Three Japanese men fishing from wooden boat.,139934
19309,4454159050.jpg,A man dressed in all black carries a red and black flag with a small crowd behind him.,96545
19309,4454159050.jpg,A group of people walking across the street some carrying large black and red flags.,96546
19309,4454159050.jpg,A large group of people walking and with a few carrying red flags.,96547
19309,4454159050.jpg,"A group of people is protesting, with several holding red flags.",96548
19309,4454159050.jpg,A group of people crossing a road.,96549
27941,638944671.jpg,A woman who just hit a tennis ball while wearing a white tennis outfit.,139705
27941,638944671.jpg,A girl in a white skirt is playing tennis on a grass court.,139706
27941,638944671.jpg,A tennis player on a tennis court bent over and running.,139707
27941,638944671.jpg,A blond tennis player in action on a grass court.,139708
27941,638944671.jpg,A tennis player finishes her swing.,139709
29848,7703126340.jpg,A bicyclist in yellow leads a pack of other bicyclist in a race,149240
29848,7703126340.jpg,A group of bike riders are riding in an athletic event.,149241
29848,7703126340.jpg,A few bike racers riding in a straight line,149242
29848,7703126340.jpg,Bicyclers riding in a single file line.,149243
29848,7703126340.jpg,Bicycle riders vie for position.,149244
28625,6907002468.jpg,"Two people wearing helmets and blue outfits are in the woods riding their bikes and doing stunts, while another person in blue sits on the side and watch.",143125
28625,6907002468.jpg,"Two men are riding bikes on a trail in the woods, one of the men is midair.",143126
28625,6907002468.jpg,There are two males riding bicycles along a dirt track in the forest.,143127
28625,6907002468.jpg,Two people wearing helmets are riding bikes in the woods.,143128
28625,6907002468.jpg,Mountain bikers perform tricks on a wooded trail.,143129
8919,2850719435.jpg,A boy in a red shirt and a boy in a yellow shirt are jumping on a trampoline outside.,44595
8919,2850719435.jpg,Two young boys jumps on a trampoline as two other children sit on it.,44596
8919,2850719435.jpg,Two children are playing on a teal trampoline near greenery.,44597
8919,2850719435.jpg,Kids are jumping on a blue rimmed trampoline.,44598
8919,2850719435.jpg,Children jump on a trampoline.,44599
1157,1358892595.jpg,A yellow dog running through a grassy area carrying something small in its mouth.,5785
1157,1358892595.jpg,A young puppy with a red collar running with a leaf in its mouth.,5786
1157,1358892595.jpg,A dog runs through the forest with something in its mouth.,5787
1157,1358892595.jpg,A dog runs while holding an object in its mouth.,5788
1157,1358892595.jpg,The dog is carrying a toy through the grass.,5789
29514,7471071992.jpg,Concertgoers enjoy standing in front of the stage at a musical performance.,147570
29514,7471071992.jpg,A crowd of adults and children watching a musician perform on stage.,147571
29514,7471071992.jpg,A stage with a large screen and a crowd of around 100 people.,147572
29514,7471071992.jpg,"A band plays at a concert, while a crowd of people look on.",147573
29514,7471071992.jpg,An audience listening to a concert.,147574
23599,485245061.jpg,A man in a green jacket stands in deep snow at the base of a mountain.,117995
23599,485245061.jpg,A mountain hiker is digging steaks into the thck snow.,117996
23599,485245061.jpg,A man measures the depth of snow.,117997
23599,485245061.jpg,A man crouched on a snowy peak.,117998
23599,485245061.jpg,A man kneels in the snow.,117999
2496,182074740.jpg,A woman in yellow shorts and a red bandanna wrapped around her head is walking in the street in front of a blue house.,12480
2496,182074740.jpg,A woman wearing a red cloth on her head passes in front of a blue shack while as she walks down the street.,12481
2496,182074740.jpg,Woman in red bandanna and yellow shorts walking past bright blue house.,12482
2496,182074740.jpg,Black teen walks in a low income area.,12483
2496,182074740.jpg,A woman walks near a house.,12484
2934,20354191.jpg,I am sure his eyeglasses helped him make sure his grilled pieces of meat were cooked thoroughly while he enjoyed being surrounded by the wilderness.,14670
2934,20354191.jpg,A man wearing baseball hat and glasses is making barbecue at the picnic area.,14671
2934,20354191.jpg,A man barbecues meat outdoors with a forest in the background.,14672
2934,20354191.jpg,A man tends diligently to his barbecue.,14673
2934,20354191.jpg,A man with a hat is cooking barbecue.,14674
30429,816898146.jpg,A groom and his wife kiss while posing for photos.,152145
30429,816898146.jpg,A couple kissing in front of bushes n trees,152146
30429,816898146.jpg,"A blond, newly married couple kissing.",152147
30429,816898146.jpg,A man and a woman kiss at a wedding.,152148
30429,816898146.jpg,A man and women are kissing.,152149
598,120286774.jpg,"Two toddler boys, one in a plaid shirt, the other wearing a t-shirt and bib, are seated in yellow chairs embedded in a table.",2990
598,120286774.jpg,A baby and a young child are sitting together in a highchair.,2991
598,120286774.jpg,The two children in the yellow seats are at a daycare.,2992
598,120286774.jpg,Two little children wait in a highchair to be fed.,2993
598,120286774.jpg,Two babies are sitting in their highchair,2994
15861,3698944019.jpg,A blond toddler in a white shirt and green pants standing at a wooden fence.,79305
15861,3698944019.jpg,A blond toddler in green trousers peeks through a fence.,79306
15861,3698944019.jpg,A toddler in green shorts is standing by a wooden fence.,79307
15861,3698944019.jpg,A blond little boy is standing by a fence.,79308
15861,3698944019.jpg,A toddler walks along a fence.,79309
527,117478651.jpg,Closeup of man with glasses blowing a bubble gum bubble in a dimly lit room with a faint ceiling light in the background.,2635
527,117478651.jpg,A balding man with glasses is blowing a bubble gum bubble in a dimly lit room.,2636
527,117478651.jpg,A man wearing glasses is blowing a bubble out of bubble gum in a house.,2637
527,117478651.jpg,A white male wearing glasses is blowing a bubble in a house.,2638
527,117478651.jpg,A man in glasses is blowing a bubble with bubble gum.,2639
26439,5519356022.jpg,"Two children dressed as medical professionals touch a baby, while a television is on in the background.",132195
26439,5519356022.jpg,"Two children, a male and a female, playing doctor and nurse, pretending to care for a baby.",132196
26439,5519356022.jpg,Two children caressing an infant while wearing hospital costumes.,132197
26439,5519356022.jpg,Two children play doctor with their baby sibling.,132198
26439,5519356022.jpg,Two children are playing doctor with an infant.,132199
26492,5550325552.jpg,"There are two couples doing some sort of dance, the women are in yellow dresses, and the men are in yellow tops and light yellow bottoms with tights.",132460
26492,5550325552.jpg,"Two couples, two men and two women, dancing on a stage wearing all yellow.",132461
26492,5550325552.jpg,Four performers are doing an act of some kind on stage.,132462
26492,5550325552.jpg,Four dancers in yellow performing an ethnic dance.,132463
26492,5550325552.jpg,Two couples dressed in yellow are dancing.,132464
9827,296820758.jpg,An asian woman is sitting on the floor inside holding a purse made from palm fronds.,49135
9827,296820758.jpg,A woman is sitting and holding a partially woven basket.,49136
9827,296820758.jpg,A woman sitting in the floor making a basket.,49137
9827,296820758.jpg,A woman weaving baskets made of grass.,49138
9827,296820758.jpg,Asian woman weaving with bamboo.,49139
8721,2826769554.jpg,A dog bounds across the sandy beach with a stick in his mouth and water splashing off his paws.,43605
8721,2826769554.jpg,"The wet, brown dog has a stick in his mouth and is running in the sand next to the water.",43606
8721,2826769554.jpg,The dog is running along the beach next to the ocean with a stick in its mouth.,43607
8721,2826769554.jpg,A brown dog is carrying a wet stick on the shore of the ocean.,43608
8721,2826769554.jpg,"A wet, blond dog carries a stick on the shore.",43609
9389,2909875716.jpg,A young woman in a sunny meadow watches her yellow scarf blow in the wind.,46945
9389,2909875716.jpg,A girl in along grass field is spinning some yellow material around her.,46946
9389,2909875716.jpg,Woman in a field of tall grass and wildflowers holding up a yellow scarf,46947
9389,2909875716.jpg,A woman in a field enjoys her clothing being blown by the wind.,46948
9389,2909875716.jpg,A girl in a field with a yellow scarf.,46949
3852,2192475933.jpg,A boy wearing a black wetsuit stands on a crowded beach.,19260
3852,2192475933.jpg,A boy is wearing a wetsuit on a crowded beach.,19261
3852,2192475933.jpg,A boy in a wetsuit on a crowded beach,19262
3852,2192475933.jpg,A boy wears a wetsuit at the beach.,19263
3852,2192475933.jpg,Child wearing a hat at the beach,19264
27947,6398952.jpg,A man in blue jeans and a white t-shirt is standing on scaffolding reaching out to the ladder.,139735
27947,6398952.jpg,A man standing on some scaffolding is trying to position a ladder.,139736
27947,6398952.jpg,A man is trying to grab his ladder standing on scaffolding.,139737
27947,6398952.jpg,A man on a scaffold is reaching for an extended ladder.,139738
27947,6398952.jpg,A man in a white shirt messing with a ladder.,139739
21895,4717515747.jpg,A man with scarf on his head and white shirt cooking at an outside event.,109475
21895,4717515747.jpg,A man with a white scarf wrapped around his head cooks at a street fair.,109476
21895,4717515747.jpg,A man cooking food for a festival business in the city,109477
21895,4717515747.jpg,A man with blue gloves is cooking under a tent.,109478
21895,4717515747.jpg,Man works grill at carnival food stand.,109479
6470,2534137886.jpg,A man is pulling a metal barrel across the grass.,32350
6470,2534137886.jpg,A man in a white shirt drags a metal keg.,32351
6470,2534137886.jpg,A man struggling to pull a heavy bucket.,32352
6470,2534137886.jpg,A man in a white shirt pulling a barrel.,32353
6470,2534137886.jpg,A man trains his body pulling a keg.,32354
12044,3242228425.jpg,Lady in jacket peruse fresh fish while a lady and a man wait behind her.,60220
12044,3242228425.jpg,A little girl in a purple coat stares at the fish at the market.,60221
12044,3242228425.jpg,A young girl examines the fish selection at the grocery store.,60222
12044,3242228425.jpg,A child in a shopping cart is looking down at a fish counter.,60223
12044,3242228425.jpg,A little black girl is in a grocery carriage looking at fish.,60224
10151,3014071227.jpg,Two adults and two children are riding bicycles down a street.,50755
10151,3014071227.jpg,Two adults and two children are riding bikes on a street.,50756
10151,3014071227.jpg,A family out bicycling down the road together.,50757
10151,3014071227.jpg,A lot of people are riding bikes.,50758
10151,3014071227.jpg,A family taking a bike ride.,50759
2464,18111123.jpg,Young Asian girl who looks upset at a children's outdoor playground.,12320
2464,18111123.jpg,A young girl with ponytails is reaching up to blue bars and crying.,12321
2464,18111123.jpg,A young child with pigtails is raising her hands upwards.,12322
2464,18111123.jpg,A little girl is playing with park equipment.,12323
2464,18111123.jpg,A girl in a red shirt is outside crying.,12324
5864,2450461962.jpg,Man playing violin in front of people in what seems to be a bar.,29320
5864,2450461962.jpg,A man playing the violin in a local business.,29321
5864,2450461962.jpg,An older man plays violin in a bar.,29322
5864,2450461962.jpg,A violinist playing at a local bar.,29323
5864,2450461962.jpg,A man playing a violin in a bar.,29324
5591,242216901.jpg,"Groups of people are sitting on a curb and the others are walking, a young woman is pretending to be a stone statue of an angel and a woman has a little boy on her shoulders.",27955
5591,242216901.jpg,A woman dressed in a buff or light yellow dress and fairy wings entertains children at a festival.,27956
5591,242216901.jpg,A crowd of people staring at a woman dressed as a white angle.,27957
5591,242216901.jpg,A group of people looking at a woman wearing a white dress.,27958
5591,242216901.jpg,A street performer entertaining a child.,27959
8916,2849842834.jpg,Five women in dresses standing in a lobby talking.,44580
8916,2849842834.jpg,A group of women wearing kimono's talk together.,44581
8916,2849842834.jpg,A group of Asian women are talking in an airport.,44582
8916,2849842834.jpg,A group of older asian women talking.,44583
8916,2849842834.jpg,Ladies talking in an airport.,44584
18481,42975444.jpg,A woman crafts a drawer with cardboard laid down in the background.,92405
18481,42975444.jpg,A lady in a white tank and shorts fixing a wooden drawer.,92406
18481,42975444.jpg,A young woman assembles a wooden cabinet on the floor.,92407
18481,42975444.jpg,A woman is putting together a wooden object.,92408
18481,42975444.jpg,Woman putting together wooden shelf.,92409
5888,2454189540.jpg,A woman in a gray t-shirt is looking at a cellphone in her hand and another woman in a black top is looking down at a little boy with a blue hat and a striped white and blue shirt.,29440
5888,2454189540.jpg,"Two women are standing with a young boy in a blue hat, and the one on the left is casually checking her cellphone.",29441
5888,2454189540.jpg,"People are in a crowd, one female is looking at a phone.",29442
5888,2454189540.jpg,A woman texting while her friends look sad.,29443
5888,2454189540.jpg,Two women stand outside with a young girl.,29444
23027,4809733027.jpg,A man in a light blue shirt with his hand in his pocket walks along a road with large buildings.,115135
23027,4809733027.jpg,A man in a gray t-shirt walks down a public street past a pair of tall office buildings.,115136
23027,4809733027.jpg,Man walking with tall buildings with reflections behind him.,115137
23027,4809733027.jpg,A man walking through a large city with skyscrapers.,115138
23027,4809733027.jpg,Vehicles and pedestrians pass by nearby skyscrapers.,115139
9537,2928835996.jpg,A room full of worshippers bows toward an extravagant display in the center of the crowd.,47685
9537,2928835996.jpg,A crowd is looking at a shrine while holding their hands in the air,47686
9537,2928835996.jpg,A congregation of people are worshipping outside of a temple.,47687
9537,2928835996.jpg,A large crowd raises their hands in unison.,47688
9537,2928835996.jpg,Many people stand with their hands raised.,47689
22718,4783440942.jpg,Children play in a decorative water fountain in the town center.,113590
22718,4783440942.jpg,A boy and girl play in a city fountain.,113591
22718,4783440942.jpg,Children play in city water fountains.,113592
22718,4783440942.jpg,Two little kids enjoying the water.,113593
22718,4783440942.jpg,Two kids are playing in a fountain.,113594
24945,4963075437.jpg,"A woman takes her ticket at the deli, while a man in the background makes his order.",124725
24945,4963075437.jpg,A woman in a white tank top and sunglasses on her head is touching something.,124726
24945,4963075437.jpg,A woman in a white sleeveless t-shirt is ordering food at a bakery.,124727
24945,4963075437.jpg,"Brunette woman in a white shirt, standing in front of a counter.",124728
24945,4963075437.jpg,Woman opening her purse in a Canadian bakery.,124729
10300,3029809567.jpg,These little girls find a dragon egg at the mall and are pretty amazed by the scenery.,51500
10300,3029809567.jpg,A young girl hugging a giant egg in the middle of a busy town.,51501
10300,3029809567.jpg,This is a small blue green and white manual.,51502
10300,3029809567.jpg,A little girl hugging a giant egg in a nest.,51503
10300,3029809567.jpg,A little girl hugging a huge egg,51504
15920,3706356018.jpg,Five children on a white-metal midair ride called the frog hopper.,79600
15920,3706356018.jpg,"A group of children on the ""Frog Hopper"" ride at a fair.",79601
15920,3706356018.jpg,"A group of children in the ride called ""Frog Hopper"".",79602
15920,3706356018.jpg,Five little kids are on a ride called the Frog Hopper.,79603
15920,3706356018.jpg,Little kids are on an amusement park ride.,79604
24634,4938457809.jpg,Middle-aged man in jeans and dark blue t-shirt carrying a black item and walking across a lawn.,123170
24634,4938457809.jpg,A man in a dark shirt and glasses walks in grass while looking at something in his hands.,123171
24634,4938457809.jpg,The man ponders his situation during a stroll through the yard.,123172
24634,4938457809.jpg,A man with glasses walking looking at something in his hands.,123173
24634,4938457809.jpg,A man in a park holding a ball.,123174
11267,315436114.jpg,A brown dog in snow is biting at a piece of pink cloth.,56335
11267,315436114.jpg,The brown dog is gnawing at something in the snow.,56336
11267,315436114.jpg,A dog in the snow ripping an object with its teeth,56337
11267,315436114.jpg,A brown dog bites a purple mitten in the snow.,56338
11267,315436114.jpg,A dog on snow has something in its mouth.,56339
17399,4013937506.jpg,"Two Mexican guys standing on outskirts of a field, one has a machete knife and the other has cigarette in his mouth.",86995
17399,4013937506.jpg,"Two dark-skinned men, one of them with a knife, stand in front of some foliage.",86996
17399,4013937506.jpg,A man is holding a machete while another man who is smoking is looking elsewhere.,86997
17399,4013937506.jpg,"Two men are in the jungle, one is smoking and the other is using a machete.",86998
17399,4013937506.jpg,"Two men, one smoking a cigarette, getting dirty while trimming trees.",86999
16592,3826412077.jpg,"Eight people in red and black clothing, carrying large red packs cross a footbridge over a clear blue and white river with a large canyon and mountain range in the background.",82960
16592,3826412077.jpg,A mountain that was affected by the past volcano eruptions in the southwest city of a hope.,82961
16592,3826412077.jpg,Eight people wearing red suits and carrying red bags are walking across a bridge.,82962
16592,3826412077.jpg,People dressed in red crossing bridge over river,82963
16592,3826412077.jpg,A group of 8 out on a adventure.,82964
4017,221510405.jpg,A man in an orange and black striped shirt is putting grocery carts in the flat bed of a truck.,20085
4017,221510405.jpg,A man wearing an orange shirt has his hands on a row of shopping carts in a parking area.,20086
4017,221510405.jpg,A man is loading grocery carts on the back of a truck.,20087
4017,221510405.jpg,A man is loading Vons shopping carts onto a truck.,20088
4017,221510405.jpg,A man pushing multiple carts onto a trailer.,20089
845,128479788.jpg,Two little blond girls in helmets are sitting on a red ATV.,4225
845,128479788.jpg,Two young sisters pose while sitting on a big red quad.,4226
845,128479788.jpg,Sisters on a red four wheeler wanting to go for a ride.,4227
845,128479788.jpg,Two kids with blond-hair sit atop a four-wheeler.,4228
845,128479788.jpg,Two young girls sitting on an all terrain vehicle.,4229
10915,3106257008.jpg,A little boy crying on an old man's lap as the old man holds a present.,54575
10915,3106257008.jpg,An older man holds a crying baby boy and a wrapped Christmas present.,54576
10915,3106257008.jpg,A young child is crying in the hands of an elderly male.,54577
10915,3106257008.jpg,A baby is crying and someone is holding him.,54578
10915,3106257008.jpg,A child crying in an elderly man's arms.,54579
13523,3419555245.jpg,"While one man, in the white cap, is golfing, three other men are in the middle of a conversation.",67615
13523,3419555245.jpg,Golfer in a white cap putting into a hole while surrounded by onlookers and other golfers.,67616
13523,3419555245.jpg,One golfer prepares to putt while three other men chat on the green.,67617
13523,3419555245.jpg,A man lines up a golf shot while many people look on.,67618
13523,3419555245.jpg,A trio of men are golfing with a crowd watching.,67619
12006,3238127070.jpg,"Two dogs follow a man who is carrying a bag on his back and riding a bicycle on the right-hand side of the road, as two pedestrians walk along the other side of the road.",60030
12006,3238127070.jpg,A man is riding a bicycle down a road while being closely followed by a German shepherd and possibly a black Labrador as two younger men walk along the curb toward them.,60031
12006,3238127070.jpg,A man with a backpack rides his bike down the street while being followed by a brown dog and a black dog.,60032
12006,3238127070.jpg,"A man with a backpack rides his bike, accompanied by two dogs.",60033
12006,3238127070.jpg,"A man riding a bike, while two dogs follow him.",60034
14727,3559119662.jpg,A man is walking down a street passing a garage door covered in graffiti.,73635
14727,3559119662.jpg,Man with a cigarette in his hand walks alone past a street map.,73636
14727,3559119662.jpg,A man in a brown coat and jeans is walking down a street.,73637
14727,3559119662.jpg,A man walks down a street next to a map.,73638
14727,3559119662.jpg,A man in a brown coat walking.,73639
27908,6357655519.jpg,A smiling man in a soccer shirt and eyeglasses accepting a medal with a striped strap from a man wearing a chunky white plastic watch.,139540
27908,6357655519.jpg,"A ma is placing a medal over the head of a young man wearing glasses, who has a big smile on his face.",139541
27908,6357655519.jpg,A bespectacled Asian man is ducking his head in order to receive a medal around his neck.,139542
27908,6357655519.jpg,A young man being awarded a medal and it being hung around his neck.,139543
27908,6357655519.jpg,"In this photo, A man is accepting an award.",139544
6592,2541483099.jpg,Men working wearing orange safety vests and hard hats in a hallway.,32960
6592,2541483099.jpg,Construction workers are working on the side panels of a tunnel.,32961
6592,2541483099.jpg,Construction workers laying wall tile in a hallway.,32962
6592,2541483099.jpg,Construction workers are working in a tunnel.,32963
6592,2541483099.jpg,Workers place tiles on walls.,32964
9026,2865703567.jpg,A man jumps off a large building onto the ground.,45130
9026,2865703567.jpg,A man jumping from one building to another closeby,45131
9026,2865703567.jpg,A young man jumps from one balcony to another.,45132
9026,2865703567.jpg,A man jumps off of one rooftop onto another.,45133
9026,2865703567.jpg,A man is jumping across a gap.,45134
3824,2188535529.jpg,A large group of people that look korean riding on a train in the middle of the wilderness during the fall.,19120
3824,2188535529.jpg,A gray train with purple and blue stripes moves down a rusty track through trees.,19121
3824,2188535529.jpg,A train carrying passengers makes its way along the tracks among the woods.,19122
3824,2188535529.jpg,View of a passenger train through some leafless tree limbs.,19123
3824,2188535529.jpg,Train is boarded with many passengers.,19124
8855,2842609837.jpg,Three blond women stand next to a man with a black Nike cap and shirt with a cup of beer in his hand.,44275
8855,2842609837.jpg,A man wearing black stands with three woman who have blond-hair.,44276
8855,2842609837.jpg,Three women and a man pose together holding their drinks.,44277
8855,2842609837.jpg,Three women and a man holding drinks pose for a picture.,44278
8855,2842609837.jpg,A group of four friends are drinking alcohol at a party.,44279
25596,5148650470.jpg,A man in a Tyrolean hat decorates a tan and white cow with ribbons and evergreen while a woman holds the cow's head.,127980
25596,5148650470.jpg,There is a couple people putting decorations on a horse and one person comforting it.,127981
25596,5148650470.jpg,A man and a woman are adjusting a costume headpiece on a brown and white cow.,127982
25596,5148650470.jpg,A man and woman prepare a brown and white cow to be presented at a fair.,127983
25596,5148650470.jpg,Four people looking at some cattle beside a barn.,127984
17879,4129768323.jpg,A man sleeping on some pipes in a park next to a guitar and some blocks of cement.,89395
17879,4129768323.jpg,A homeless man sleeps on pipes with only his guitar as his possession.,89396
17879,4129768323.jpg,A man sleeping on a bench with a guitar set next to him.,89397
17879,4129768323.jpg,A boy with a guitar sleeps next to a concrete structure.,89398
17879,4129768323.jpg,After music it is time to have a little nap.,89399
7309,2635905544.jpg,Two small dogs playing in a grassy area with a large white and red striped ball.,36545
7309,2635905544.jpg,Two brown dogs playfully chase a red and white soccer ball.,36546
7309,2635905544.jpg,Two dogs are playing with a red and white ball,36547
7309,2635905544.jpg,Two small dogs chasing a red striped ball.,36548
7309,2635905544.jpg,Two small dogs playing with a volleyball,36549
21225,4665585666.jpg,A father with a red shirt and beard is cuddling with his two children in a chair.,106125
21225,4665585666.jpg,A man is holding a both a sleeping toddler and a sleeping baby on his lap.,106126
21225,4665585666.jpg,A heavyset man with two redhead babies in his lap.,106127
21225,4665585666.jpg,A father is holding his two kids in his arms.,106128
21225,4665585666.jpg,A man holding his two adorable babies.,106129
15111,3605100550.jpg,A brown and white dog barking through the fence at smaller black and white dog.,75555
15111,3605100550.jpg,The big dog is looking through the fence at the small dog.,75556
15111,3605100550.jpg,A big dog barking at a small dog through a fence.,75557
15111,3605100550.jpg,The larger dog is barking at the smaller dog.,75558
15111,3605100550.jpg,Two dogs fighting with a fence between them.,75559
28644,6914075994.jpg,A musician is seated pointing to lyrics as he looks upward and outward with a puzzled look on his face while others are sitting in the background.,143220
28644,6914075994.jpg,"A man wearing a cowboy hat, overalls, and a white shirt is pointing at his music sheet and looking at someone in confusion.",143221
28644,6914075994.jpg,A man wearing a cowboy had is sitting at a microphone and pointing at some sheet music on a stand.,143222
28644,6914075994.jpg,"A man dressed in a white shirt, suspenders and a white cowboy hat is sitting behind a microphone.",143223
28644,6914075994.jpg,A man in a white cowboy hat is sitting in front of a microphone and pointing at a piece of paper.,143224
746,125272627.jpg,Several women are gather around a table in a corner surrounded by bookshelves.,3730
746,125272627.jpg,Six people are sitting around an L-shaped table surrounded by books and yarn.,3731
746,125272627.jpg,Six women are sitting at a table together in front of a bookshelf.,3732
746,125272627.jpg,A group of women having drinks in at a table in a cafe bookstore.,3733
746,125272627.jpg,A family eating lunch after shopping.,3734
7872,2708775214.jpg,A young man in a black graphic shirt is pretending to place his hand in a torture device in a playful manner.,39360
7872,2708775214.jpg,Young happy boy in a dark shirt is pretending to stick his hand in a prop animal trap.,39361
7872,2708775214.jpg,A young adult in a black shirt is sticking his hand in an animal trap.,39362
7872,2708775214.jpg,A young man wearing a black shirt is posing for a picture in a museum.,39363
7872,2708775214.jpg,A boy holds his fist in a metal trap at an exhibit.,39364
642,122189647.jpg,Three men with yellow vests doing work on the side of a street with three blue and white trucks nearby.,3210
642,122189647.jpg,Three men wearing bright yellow vests work on a road.,3211
642,122189647.jpg,Several man are digging a hole in the street.,3212
642,122189647.jpg,City workers fixing concrete on a road.,3213
642,122189647.jpg,Three men work on the street.,3214
13902,3465000218.jpg,"A shirtless man and a woman wearing at a park, wearing face paint and laughing.",69510
13902,3465000218.jpg,Two friends in a park with face paint on their faces.,69511
13902,3465000218.jpg,The man with his shirt off has paint under his eyes.,69512
13902,3465000218.jpg,People wearing body paint outside.,69513
13902,3465000218.jpg,The people have paint on them.,69514
5130,2363419943.jpg,Child in red holding the hand of person in red coat walking on sidewalk under awnings.,25650
5130,2363419943.jpg,A mother and child run hand in hand through Chinatown in an American City.,25651
5130,2363419943.jpg,A lady and her little girl are holding hands and walking up the sidewalk.,25652
5130,2363419943.jpg,A woman and a child both wearing red outfits walking up a street,25653
5130,2363419943.jpg,Woman and little girl wearing red in Asian area,25654
1259,1386994947.jpg,A couple wearing brown shirts face away to watch an outdoor concert.,6295
1259,1386994947.jpg,The people are looking at the big screen.,6296
1259,1386994947.jpg,People sitting in front of other people.,6297
1259,1386994947.jpg,A crowd of people watching a concert.,6298
1259,1386994947.jpg,People attending an outdoor concert.,6299
25200,4984550402.jpg,"Four men wearing orange jackets and red hats, walking near a wavy trimmed bush.",126000
25200,4984550402.jpg,Four men are wearing red baseball caps and orange and yellow shirts.,126001
25200,4984550402.jpg,"Four men, in red hats and orange uniforms, walking near a hedge.",126002
25200,4984550402.jpg,Four people in orange jackets are walking behind dividing shrubs.,126003
25200,4984550402.jpg,Four men looking towards the left.,126004
5612,2423886164.jpg,A woman wearing a green sweater and black leggings covered by a short black skirt walks on sidewalk while snowfalls around her.,28060
5612,2423886164.jpg,A young woman in short leggings and a thin green sweater is walking outside in a snowstorm.,28061
5612,2423886164.jpg,A girl is walking outside in the snow wearing capri length pants and a green top.,28062
5612,2423886164.jpg,A girl in a green sweater is walking in a snow flurry.,28063
5612,2423886164.jpg,The lady is walking to class in the snow.,28064
15600,3666020875.jpg,A ballerina in an empty worn room standing on 1 foot with her arm and other leg in the air,78000
15600,3666020875.jpg,The ballerina dancer stands on her toes with outstretched arms.,78001
15600,3666020875.jpg,A ballerina is standing on one to with her arms reaching out.,78002
15600,3666020875.jpg,Kid playing on sidewalk in puddle.,78003
15600,3666020875.jpg,A dancer poses in an empty room.,78004
24702,4942452239.jpg,A large group of people walking on a sidewalk with a blue sign with a red x above them.,123510
24702,4942452239.jpg,Three men in overalls walk down a sidewalk in the midst of pedestrian traffic.,123511
24702,4942452239.jpg,A man wearing a white T-shirt and blue overalls is walking down the street.,123512
24702,4942452239.jpg,Three men in overalls walk through a crowded crosswalk on busy street.,123513
24702,4942452239.jpg,A group of people walking down the street during the day.,123514
17747,4095222516.jpg,A group of young boy scouts is standing together in a line.,88735
17747,4095222516.jpg,A group of boy scouts are standing in an alert position.,88736
17747,4095222516.jpg,Young boy scout troop looks on while in their uniforms.,88737
17747,4095222516.jpg,Young boys wearing jackets stand together.,88738
17747,4095222516.jpg,Cub scouts standing in a straight line,88739
23776,4863474202.jpg,Someone wearing a green shirt and jean knee high jeans riding a bike on the sid of the road about to pass a gray car and a texaco sign,118880
23776,4863474202.jpg,A person is riding a bike along a street in a desolate city setting.,118881
23776,4863474202.jpg,A vacant gas station among the shadows of the street corner.,118882
23776,4863474202.jpg,A person riding a bicycle wearing a green shirt.,118883
23776,4863474202.jpg,A man on his bike pedals down the street.,118884
14935,3582814058.jpg,Six individuals of varying ages stand in front of a stone wall covered in graffiti.,74675
14935,3582814058.jpg,Six people are posing for a picture in front of a wall with graffiti.,74676
14935,3582814058.jpg,A group of kids and two adults stand before a graffiti wall.,74677
14935,3582814058.jpg,Some young boys pose with a man and woman by some graffiti.,74678
14935,3582814058.jpg,A group of people standing in front of a graffitied wall,74679
19087,4435667506.jpg,Two people wearing all black stand next to a blue wall with a city in the background.,95435
19087,4435667506.jpg,Two people stand near a blue wall with graffiti with the city skyline behind.,95436
19087,4435667506.jpg,Two people are standing in front of blue construction wall barriers.,95437
19087,4435667506.jpg,Two people are standing face to face on a bridge near a major city.,95438
19087,4435667506.jpg,"Two people stand on the sidewalk, in front of a blue wall.",95439
29176,7186836768.jpg,Young men playing soccer with a green sports field in the background.,145880
29176,7186836768.jpg,A young boy tackles another in a game of football at the park.,145881
29176,7186836768.jpg,Children playing ball in a green field on a sunny day.,145882
29176,7186836768.jpg,Two child soccer players wrestle for the ball.,145883
29176,7186836768.jpg,Two boys are playing a game.,145884
7710,2690538407.jpg,A little boy is standing in front of an old fashioned fence with his hand up in the air.,38550
7710,2690538407.jpg,A little boy wearing a brown t-shirt is sucking on a pacifier with his hand in the air.,38551
7710,2690538407.jpg,A little boy has a pacifier in his mouth and throwing up a sign with his hand.,38552
7710,2690538407.jpg,A baby with a pacifier saying I love you in sign language.,38553
7710,2690538407.jpg,A small child is giving heavy metal signs,38554
22102,4731948760.jpg,A man in a brown jacket is walking down the street with a girl in a white jacket.,110510
22102,4731948760.jpg,A man and a woman walk down a gray stone walkway.,110511
22102,4731948760.jpg,Man and a woman walking in coats on a summer day.,110512
22102,4731948760.jpg,People walking along the sidewalk on a cold day.,110513
22102,4731948760.jpg,Two person are walking on the streets.,110514
27965,6412566377.jpg,Young woman in blue shirt and black overcoat makes homemade waffles.,139825
27965,6412566377.jpg,A young girl stirs her dough ready to make more of her treats.,139826
27965,6412566377.jpg,Girl in the kitchen mixing batter in a bowl for waffles.,139827
27965,6412566377.jpg,A young girl is making waffles at the kitchen counter.,139828
27965,6412566377.jpg,A girl makes waffles in the kitchen.,139829
24369,4918218886.jpg,A man in a flowered shirt is tickling a young boy wearing a light blue shirt.,121845
24369,4918218886.jpg,A small boy sitting on a toy by a window getting tickled by his dad.,121846
24369,4918218886.jpg,A man in a hawaiian shirt is playing with a boy wearing blue.,121847
24369,4918218886.jpg,A man tickles a young child in front of a sunny window.,121848
24369,4918218886.jpg,An adult and a child play together with toys.,121849
18111,4193422737.jpg,Onlookers observe a man in a black t-shirt standing on the outside of a levee.,90555
18111,4193422737.jpg,People on a walkway look over the rails at a man standing at edge of a canal.,90556
18111,4193422737.jpg,Man standing in the water while other men on bridge watch him.,90557
18111,4193422737.jpg,Four people watching a man standing in the river,90558
18111,4193422737.jpg,Man in black shirt standing in the water.,90559
15784,3689727848.jpg,The man is leaping off of the pool deck to catch a football.,78920
15784,3689727848.jpg,A boy tries to catch a ball while jumping into a pool.,78921
15784,3689727848.jpg,A male dives for a ball that's flying over a pool.,78922
15784,3689727848.jpg,A man dives into a swimming pool at the hotel.,78923
15784,3689727848.jpg,A male jumping into a swimming pool.,78924
7799,2704379125.jpg,A black dog follows a group of sheep walking in a field of grass.,38995
7799,2704379125.jpg,Black dog following a herd of sheep down a grassy lane.,38996
7799,2704379125.jpg,A black sheepdog is guiding sheep along a grassy path.,38997
7799,2704379125.jpg,A sheepdog is herding sheep down a grassy path.,38998
7799,2704379125.jpg,A dog chasing sheep down a county road,38999
18359,4267992897.jpg,A man and a woman play an accordion and violin on the sidewalk for tips from pedestrians.,91795
18359,4267992897.jpg,A man plays a saw and a woman plays an accordion on a sidewalk.,91796
18359,4267992897.jpg,A woman and a man play musical instruments on a city sidewalk.,91797
18359,4267992897.jpg,A old couple is playing musical instrument on a street corner.,91798
18359,4267992897.jpg,The street performers are making music together.,91799
22728,4784654965.jpg,A girl in a green shirt with long dark hair with a pink and purple backpack with the flag of Italy in it.,113640
22728,4784654965.jpg,"A woman stands in a crowd wearing a green shirt, pink backpack, and a mexican flag attached to the bag.",113641
22728,4784654965.jpg,Woman in shorts and t-shirt standing by some seated men and watching a performance or speaker.,113642
22728,4784654965.jpg,A young Mexican woman is in the foreground of a room filled with seated people.,113643
22728,4784654965.jpg,A woman with long black hair and a green shirt is standing next to an audience.,113644
1092,1347001782.jpg,"A view from the ground of a footbridge, with several pedestrians on it, and the view of one man's feet in the center foreground.",5460
1092,1347001782.jpg,Joggers and other pedestrians enjoy an evening stroll across a bridge.,5461
1092,1347001782.jpg,People are walking or running over a gray line on a large bridge.,5462
1092,1347001782.jpg,People are walk and running on a bridge sidewalk.,5463
1092,1347001782.jpg,People strolling casually across a bridge.,5464
13818,3454315016.jpg,"A large, white bird skates across the top of some water.",69090
13818,3454315016.jpg,A white bird with a long neck flying low over the water,69091
13818,3454315016.jpg,White bird starting to take flight from a lake.,69092
13818,3454315016.jpg,The large white bird grazes the water.,69093
13818,3454315016.jpg,White bird in water preparing to fly.,69094
23661,4857561027.jpg,A woman with white rubber gloves on bathes a crying infant in a gray plastic tub.,118305
23661,4857561027.jpg,A woman washing a baby in a small gray plastic tub.,118306
23661,4857561027.jpg,The women is washing the newborn baby.,118307
23661,4857561027.jpg,A nurse is bathing a newborn baby.,118308
23661,4857561027.jpg,Newborn baby being cleaned up.,118309
20191,4557545329.jpg,"A man in a light brownish jacket, orange undershirt, blue jeans, and a black satchel, who has many sticks of cotton candy.",100955
20191,4557545329.jpg,A middle easterner stays in his lane while selling cotton candy.,100956
20191,4557545329.jpg,A vendor is walking down the street selling cotton candy.,100957
20191,4557545329.jpg,A woman in blue jeans selling eatables on the road.,100958
20191,4557545329.jpg,A man selling cotton candy during rush hour.,100959
28173,662492649.jpg,"A man with an umbrella, tan coat, and hat sits in the middle of a crowd holding his umbrella above his head and spraying a woman walking past him with a water bottle.",140865
28173,662492649.jpg,A lot of people walking on a street in front of a building and a man under an umbrella spraying something on another person.,140866
28173,662492649.jpg,A man sitting down with a black umbrella is spraying a liquid from a spray bottle to a woman passing by him.,140867
28173,662492649.jpg,On the corner you will find a lady sitting on her bags spraying the crown with water as they walk by.,140868
28173,662492649.jpg,A sitting man is spraying a squirt bottle at a pedestrian while holding an umbrella over his head.,140869
11241,3150659152.jpg,A man fishing in a pointy blue boat on a river lined with palm trees.,56205
11241,3150659152.jpg,A man in a blue canoe navigates in a wetland with tall palm fronds.,56206
11241,3150659152.jpg,A reson is in a blue canoe in front of some plants.,56207
11241,3150659152.jpg,A man rows a canoe through wooded waters.,56208
11241,3150659152.jpg,Person in aqua boat beside tropical bank,56209
23141,4817228819.jpg,A taxi driver rests one of his hands on his forehead and another on the head of the passenger seat.,115705
23141,4817228819.jpg,"Man sitting in yellow car in the sun, wiping forehead.",115706
23141,4817228819.jpg,A man in a yellow car has his hand to his forehead.,115707
23141,4817228819.jpg,A taxi cab driver looks stressed out in his car.,115708
23141,4817228819.jpg,A man in a yellow car covering his face.,115709
22107,473220329.jpg,A woman with dark hair walks through a grassy field on a path with wooden handrails.,110535
22107,473220329.jpg,A woman is walking away on a wooden walkway through a field of golden plants.,110536
22107,473220329.jpg,A woman walking over a bridge with tall grass on either side of her.,110537
22107,473220329.jpg,A young woman crosses a bridge through a field of tall grass.,110538
22107,473220329.jpg,A woman walks along a boardwalk,110539
14923,3581549187.jpg,A bearded man in a black coat and black cap stands near a young girl who is inside a large brown open container.,74615
14923,3581549187.jpg,A man standing next to a little girl standing in a garbage can in a yard.,74616
14923,3581549187.jpg,A man carting a little girl around in a trash barrel.,74617
14923,3581549187.jpg,A little girl is riding in a garbage container.,74618
14923,3581549187.jpg,A man watches a girl in a garbage can.,74619
2081,1624055939.jpg,A young girl who is sitting on a giant orange pumpkin and is surrounded by pots of flowers smiles for the camera.,10405
2081,1624055939.jpg,A little girl sits on top of a pumpkin in front of an arrangement of vivid flowers outside.,10406
2081,1624055939.jpg,A little girl is posing on some pumpkins within an area surrounded by flowers.,10407
2081,1624055939.jpg,The Little girl poses for a Photo in front of Flowers and Pumpkins.,10408
2081,1624055939.jpg,A little girl sits on top of a large pumpkin in a garden.,10409
25851,525944769.jpg,A cello player and a violinist getting ready for their performance in an elegant room.,129255
25851,525944769.jpg,A singer in a black dress and a violinist with a beard is rehearsing on stage.,129256
25851,525944769.jpg,A man and a woman musician practicing on a well-lit stage.,129257
25851,525944769.jpg,Two people standing up and playing musical instruments.,129258
25851,525944769.jpg,A man a woman create music in an elegant room.,129259
10445,3047559556.jpg,A young boy in a hoodie climbs a red slide sitting on a red and green checkered background.,52225
10445,3047559556.jpg,Child in a gray hoodie standing on the bottom of a red plastic slide.,52226
10445,3047559556.jpg,A child in a gray sweatshirt is on a red slide.,52227
10445,3047559556.jpg,A young boy is enjoying his time at the park.,52228
10445,3047559556.jpg,A youngster shows his joy on a slide.,52229
4410,2269795781.jpg,A tennis player wearing a green shirt about to hit a ball with his racquet.,22050
4410,2269795781.jpg,A woman in a green shirt and blue hat is playing tennis.,22051
4410,2269795781.jpg,Miami tennis player hits the ball with a forehand.,22052
4410,2269795781.jpg,A person hits a ball with a tennis racket.,22053
4410,2269795781.jpg,A person swings at a tennis ball.,22054
7416,2648310638.jpg,Person in blue top and shorts wearing a cap standing on a road with mountain with trees in the background.,37080
7416,2648310638.jpg,The woman in the white hat and blue shorts is jogging in the bicycle lane on a mountain road.,37081
7416,2648310638.jpg,A woman in a blue tank top and shorts is jogging down an asphalt road.,37082
7416,2648310638.jpg,A woman in a purple top and white cap jogging down the road.,37083
7416,2648310638.jpg,A woman jogging up a hill with a scenic view behing her,37084
30696,8680922.jpg,An older man in a blue shirt planting seed in pots with potting soil.,153480
30696,8680922.jpg,An elderly man working with tools around some flower pots.,153481
30696,8680922.jpg,An old man in a blue shirt working at a cluttered bench.,153482
30696,8680922.jpg,A man using potting soil to plant things.,153483
30696,8680922.jpg,An old man stands next to a vise.,153484
1686,1479124077.jpg,A barefoot boy in shorts and a t-shirt jumps in muddy grass.,8430
1686,1479124077.jpg,Young boy covered in grass jumping near a wooden fence.,8431
1686,1479124077.jpg,A muddy child jumps into more mud on the ground.,8432
1686,1479124077.jpg,A wet boy jumping around on dirty wet grass,8433
1686,1479124077.jpg,A child plays in the mud.,8434
10718,3085590738.jpg,"A blond woman speaks at a podium labeled ""Holiday Stars Project"" in front of a blue wall that says ""University of Illinois Springfield"".",53590
10718,3085590738.jpg,A woman in a suit is speaking at a podium at the University of Illinois at Springfield for a Holiday Stars Project.,53591
10718,3085590738.jpg,A white lady speaking into microphone.,53592
10718,3085590738.jpg,A woman is standing at a podium.,53593
10718,3085590738.jpg,A woman stands at a podium.,53594
2505,182503906.jpg,"A food vendor stands behind a display of bins of several types of nuts, candy, or other small snacks, with signage in Hebrew.",12525
2505,182503906.jpg,A younger looking man stands behind the counter of an Israeli shop that sells cigarettes and cashews.,12526
2505,182503906.jpg,An Israeli child is behind the counter at stand that vends nuts and cigarettes.,12527
2505,182503906.jpg,A kid in a black shirt standing behind the counter at a store.,12528
2505,182503906.jpg,A person working in a market selling various items.,12529
30098,7883041362.jpg,"A young woman wearing jeans, a white t-shirt and a hat, performs a high flying trick on a bicycle at an outdoor bike park.",150490
30098,7883041362.jpg,A young boy at a skate park is flying high on his bike while using no hands!,150491
30098,7883041362.jpg,A young person doing a high-flying bike trick with his or her arms out.,150492
30098,7883041362.jpg,A girl on a bicycle doing a jump in the air with no hands.,150493
30098,7883041362.jpg,A person does a trick on a bike.,150494
2703,1925434818.jpg,Two children fall headfirst into a colorful ball pit while a third child watches.,13515
2703,1925434818.jpg,Two children slide down a slide into a ball pit while another child looks on.,13516
2703,1925434818.jpg,Some children playing in a pit full of colorful balls,13517
2703,1925434818.jpg,Several children playing in a ball pit.,13518
2703,1925434818.jpg,Three children in a ball pit.,13519
10859,3099264059.jpg,The snowboarder is doing a stunt high in the air at night.,54295
10859,3099264059.jpg,A skateboarder is jumping almost as high as a building.,54296
10859,3099264059.jpg,A snowboarder jumping off a tall brick building.,54297
10859,3099264059.jpg,Snowboarder jumps off rail over snowpile.,54298
10859,3099264059.jpg,A snowboarder jumps over a pile of snow.,54299
10420,304448536.jpg,A woman with sunglasses on is on a bicycle and is looking at the camera with a smile on her face.,52100
10420,304448536.jpg,A woman in a red and black jacket and a bicycle helmet sits on a mountain bike.,52101
10420,304448536.jpg,"Person in red jacket sits on their bike, in front of a blue van.",52102
10420,304448536.jpg,A woman with a red jacket is riding a bike.,52103
10420,304448536.jpg,Two friends prepare to go mountain biking.,52104
26078,5361551308.jpg,Several people are fishing in an extensive body of water beside a large bridge.,130390
26078,5361551308.jpg,Two people fishing on a dock with a long winding bridge in the backdrop.,130391
26078,5361551308.jpg,Fisher persons are lined up on a dock with their lines in the water.,130392
26078,5361551308.jpg,Two young man fishing in a big city shore by a bridge.,130393
26078,5361551308.jpg,Two people are fishing in water near a bridge.,130394
5539,2415402073.jpg,A girl wearing a pink and black shirt and jeans fixes her hair before walking up the stairs.,27695
5539,2415402073.jpg,The young woman wearing a striped pink shirt is approaching the stone-block stairs.,27696
5539,2415402073.jpg,A girl with a pink striped shirt is walking up a set of stone stairs.,27697
5539,2415402073.jpg,A woman in glasses and blue jeans walks toward steps.,27698
5539,2415402073.jpg,A girl walking towards eleven steps.,27699
19799,4512530785.jpg,"People in colorful, multicolored costumes hold hands during a street parade.",98995
19799,4512530785.jpg,People dressed up in festive costumes and holding hands.,98996
19799,4512530785.jpg,People are wearing bright colored costumes.,98997
19799,4512530785.jpg,Men and women in colorful costumes dancing.,98998
19799,4512530785.jpg,Very colorful people dancing in a parade.,98999
8818,2837804631.jpg,Very young boy is standing outside near a water fountain that is built into the ground and is squirting water.,44090
8818,2837804631.jpg,A little boy in a black shirt is leaning away from a water fountain.,44091
8818,2837804631.jpg,A little boy playing and getting wet from a park fountain.,44092
8818,2837804631.jpg,The little boy is about to walk into the sprinklers.,44093
8818,2837804631.jpg,A child being splashed by a water fountain.,44094
4574,2291596684.jpg,A person wearing a hooded sweatshirt and jeans stands on a tree that has fallen over a creek.,22870
4574,2291596684.jpg,Man in jeans and a sweatshirt using a handsaw to cut a tree branch in a wooded area.,22871
4574,2291596684.jpg,A person standing by fallen and moss covered trees wearing a hooded jacket.,22872
4574,2291596684.jpg,A person in a black hoodie stands in the woods surrounded by tree branches.,22873
4574,2291596684.jpg,A person wearing a hooded sweatshirt in a wooded area.,22874
309,1105959054.jpg,A young girl with braids is painting with water colors on a white paper on the wall.,1545
309,1105959054.jpg,The child paints on a large paper with water colors.,1546
309,1105959054.jpg,An artist paints clouds onto a canvas.,1547
309,1105959054.jpg,A young girl painting a picture.,1548
309,1105959054.jpg,A child painting a picture.,1549
19654,4496738245.jpg,"A woman and a gray-bearded man lean on a curved railing, looking into the distance, while two women in the background have a conversation.",98270
19654,4496738245.jpg,Four people are standing outdoors by a railing.,98271
19654,4496738245.jpg,People leaning against railing watching city.,98272
19654,4496738245.jpg,A couple looking over a white balcony,98273
19654,4496738245.jpg,Four people on a balcony.,98274
30801,912382266.jpg,Two men wearing striped blue polo shirts are sitting at a table in a room with other people and wide windows.,154005
30801,912382266.jpg,A large group of people are seated at various tables with large windows displaying green trees behind them.,154006
30801,912382266.jpg,Men and women sitting at tables with dishes on table,154007
30801,912382266.jpg,A group of people are listening to a presentation,154008
30801,912382266.jpg,A room full of people dining at round tables.,154009
29821,7687786248.jpg,Female tennis player in green shorts and red shirt serving on a grass court at 126 kilometers per hour.,149105
29821,7687786248.jpg,"A female tennis player, wearing a red top and green skirt, serves a tennis ball on a grass court.",149106
29821,7687786248.jpg,A young girl is jumping up off the ground as she tries to hit a tennis ball.,149107
29821,7687786248.jpg,A female tennis player is leaping into the air to hit the ball.,149108
29821,7687786248.jpg,A tennis player is jumping and reaching high to hit the ball.,149109
1353,14072289.jpg,A man is showing a peace sign as he plays a game in a crowded room at a casino.,6765
1353,14072289.jpg,A man and a woman are gambling at a casino and are enjoying themselves.,6766
1353,14072289.jpg,A group of people in evening wear are playing roulette in a casino.,6767
1353,14072289.jpg,A group of people playing roulette in a casino,6768
1353,14072289.jpg,People around a table playing roulette.,6769
20701,4615108782.jpg,Many woman dressed in colorful dresses carrying baskets of food on their heads and it looks to be sprinkling outside on them.,103505
20701,4615108782.jpg,A group of women are standing in a market while some of them are carrying baskets of vegetables.,103506
20701,4615108782.jpg,African women at work walking around with woven baskets on their head.,103507
20701,4615108782.jpg,Women carry vegetables in containers over their head in the street.,103508
20701,4615108782.jpg,Five women work and carry baskets on their heads,103509
28727,6940278172.jpg,A pole vaulter in a blue and red uniform has just gone over the bar but has not yet let go of the pole.,143635
28727,6940278172.jpg,"A young man attempts to pole vault over a bar, barely inches away from it mid flight.",143636
28727,6940278172.jpg,A man wearing blue and red sports attire is pole vaulting.,143637
28727,6940278172.jpg,A guy is jumping over a bar with a pole in his hand.,143638
28727,6940278172.jpg,A boy with black hair is pole vaulting.,143639
7605,2675397335.jpg,A black dog is running through a field of grass and dandilions.,38025
7605,2675397335.jpg,A big thin dog runs fast in a field of grass.,38026
7605,2675397335.jpg,A black Greyhound running in an open field.,38027
7605,2675397335.jpg,"A very thin, black dog running in a field.",38028
7605,2675397335.jpg,A dog runs through a field.,38029
19992,453756106.jpg,"A large, brown, fluffy dog with a small white and brown dog on a dirt surface.",99960
19992,453756106.jpg,A large dog is playing with a small dog in the dirt.,99961
19992,453756106.jpg,Two dogs play with each other in the dirt.,99962
19992,453756106.jpg,A small dog and a large dog play together.,99963
19992,453756106.jpg,Bigg playing with little dog in dirt.,99964
16140,3730431218.jpg,"A man is leaning over above the water, reaching toward the shark moving toward him.",80700
16140,3730431218.jpg,A man trying to touch a dolphin or whale or some kind of marine animal,80701
16140,3730431218.jpg,A man wearing a blue shirt is holding his arm out towards a shark.,80702
16140,3730431218.jpg,A man in a blue shirt and dark blue hat reaches out to a dolphin.,80703
16140,3730431218.jpg,Man in blue shirt leaning over a big shark.,80704
6006,2470318576.jpg,"A boy in an orange shirt, with a blue bookbag across his shoulder, talks with a man wearing a red kilt and holding bagpipes.",30030
6006,2470318576.jpg,People gather around the bagpipe player wearing a kilt.,30031
6006,2470318576.jpg,A man is wearing a kilt and is carrying bagpipes.,30032
6006,2470318576.jpg,A man in a kiln sharing a snack with his kids.,30033
6006,2470318576.jpg,A man in a red kilt has a bagpipe.,30034
29025,7081584189.jpg,"A pair of athletes are in a kayak equipped with protective gear and oars, rowing down a rapid body of water in a blue and white kayak.",145125
29025,7081584189.jpg,Two people kayaking through rough waters in a blue and white kayak.,145126
29025,7081584189.jpg,A man kayaks in a blue and white kayak through rapids.,145127
29025,7081584189.jpg,Two people in white are kayaking in front of a wall.,145128
29025,7081584189.jpg,Competitive kayakers battling in ferocious waters,145129
30418,8159651473.jpg,Photo is of a female bicyclist (#9) as she rides a red bicycle down a street lined with caution cones.,152090
30418,8159651473.jpg,The exhaustion in the woman's face while she continues to ride her bicycle in the competition.,152091
30418,8159651473.jpg,"A female bicyclist wearing black, and having four number 9's printed on her limbs on a bike.",152092
30418,8159651473.jpg,A woman in racing her bike down a road with a crowd and cones in the background.,152093
30418,8159651473.jpg,A cyclist is participating in a race down a closed-off street.,152094
30493,8219080688.jpg,A older mustached gentleman with glasses and a hat strums an electric guitar in front of a blue microphone.,152465
30493,8219080688.jpg,A mustachioed man with a plaid shirt and cap plays an electric guitar while standing at a microphone.,152466
30493,8219080688.jpg,A man with glasses and a mustache plays an electric guitar while standing behind a microphone.,152467
30493,8219080688.jpg,A white man with a mustache is playing guitar.,152468
30493,8219080688.jpg,A man holds a guitar and sings.,152469
27339,6068386039.jpg,"An unhappy, wet, black and gray dog sat on the floor while its owner tried to dry it with a blow-dryer.",136695
27339,6068386039.jpg,A woman holds a blow dryer near a sad looking dog on linoleum tile.,136696
27339,6068386039.jpg,A woman using a hair dryer to dry her black and white dog.,136697
27339,6068386039.jpg,The dog in the picture doesn't like blowing dryer.,136698
27339,6068386039.jpg,Unhappy looking dog under a blow dryer.,136699
24683,4941462036.jpg,A group of firefighters all dressed up in their gear standing on a road.,123415
24683,4941462036.jpg,Firemen in uniform standing on a wet street looking up at a building.,123416
24683,4941462036.jpg,Firefighters stand on moist ground with a firetruck.,123417
24683,4941462036.jpg,Seven firefighters are looking up at a building.,123418
24683,4941462036.jpg,Firefighters in full gear gaze at a building,123419
21835,4713532955.jpg,A man in long pants and a coat is a approaching a crosswalk and carrying a tote bag.,109175
21835,4713532955.jpg,A young man is crossing an urban street at the crosswalk.,109176
21835,4713532955.jpg,Man standing on street corner in a metropolitan area.,109177
21835,4713532955.jpg,The man with the bag is standing on the corner.,109178
21835,4713532955.jpg,A man with a bag walks down the street.,109179
17838,4115814951.jpg,Many children are working together in someone's yard cleaning leaves.,89190
17838,4115814951.jpg,Several high-school aged students raking leaves in front of a house.,89191
17838,4115814951.jpg,Some kids are gathering leaves and putting them into trash bags.,89192
17838,4115814951.jpg,A group of people cleaning up leaves off somebodies property.,89193
17838,4115814951.jpg,A group of young men are raking lives in front of a home.,89194
1335,1403608604.jpg,The boy in the blue shirt is eating chips while his mother looks over the menu.,6675
1335,1403608604.jpg,A woman and a young man are setting at a table in a Mexican restaurant.,6676
1335,1403608604.jpg,A lady and a boy with a blue shirt are eating in a restaurant.,6677
1335,1403608604.jpg,A mother and son enjoy so lunch at a Mexican restaurant.,6678
1335,1403608604.jpg,A family is eating in a Mexican restaurant.,6679
13223,3379639763.jpg,"Several people, including a person in a wheelchair, in front of a large silver dome structure with water shooting out of various spouts and flowing down onto the ground.",66115
13223,3379639763.jpg,"A group of people, one in a wheelchair, look at a dome shaped fountain.",66116
13223,3379639763.jpg,"A group of people stand in front of a large, silver fountain.",66117
13223,3379639763.jpg,A group of people are gathering around an urban water park.,66118
13223,3379639763.jpg,A small group of people look at an artistic water fountain.,66119
7014,2596900481.jpg,A small dog is looking at a man walking towards the front of the store carrying a basket.,35070
7014,2596900481.jpg,"An old woman at a furniture shop, a small dog is looking as she walks away.",35071
7014,2596900481.jpg,An overweight person walks through a corridor.,35072
7014,2596900481.jpg,A woman walking through a furniture shop.,35073
7014,2596900481.jpg,A heavyset person carries a basket.,35074
12131,3250593457.jpg,The woman is holding a baby girl wearing a striped dress.,60655
12131,3250593457.jpg,A child in a striped dress and a woman in a black dress.,60656
12131,3250593457.jpg,A little girl in a striped dress has a pink scarf.,60657
12131,3250593457.jpg,A woman with a toddler in a striped dress,60658
12131,3250593457.jpg,A woman holding a small child.,60659
3487,2120571547.jpg,Two women in winter clothes ride in a subway car with orange and yellow seats.,17435
3487,2120571547.jpg,A woman is stretching he legs across three seats on a subway train.,17436
3487,2120571547.jpg,A woman sites with her feet on the seats in a subway car.,17437
3487,2120571547.jpg,A woman in black sitting on a train.,17438
3487,2120571547.jpg,Two women sit on a city train.,17439
7196,2619932923.jpg,Two older men outside loading or unloading a trailer full of giant white cylinders.,35980
7196,2619932923.jpg,One of them is carrying the pipe and the other one is placing the gas cylinder.,35981
7196,2619932923.jpg,Men working with hoses and a large blue and white truck.,35982
7196,2619932923.jpg,Two men work on a truck carrying cargo.,35983
7196,2619932923.jpg,A large truck is parked in the grass.,35984
20100,4549250689.jpg,"A large group of people are outside walking in a park area surrounded by trees, with the majority of the group walking in the same direction.",100500
20100,4549250689.jpg,"A crowd of people, a few with signs, walk down a broad path in a city park.",100501
20100,4549250689.jpg,A large amount of people walking through a park on a sunny day.,100502
20100,4549250689.jpg,"Many people walking, some are holding up signs.",100503
20100,4549250689.jpg,Activists marching through park on sunny day.,100504
23635,4855691043.jpg,Brown horse standing in the background while man in a white cowboy hat and blue long-sleeve shirt is walking off.,118175
23635,4855691043.jpg,"The crowd watches the horse, staring at the cowboy as he leaves the arena, wondering what will happen next.",118176
23635,4855691043.jpg,Cowboy on foot in some enclosed area with a horse with spectators.,118177
23635,4855691043.jpg,A man dressed as a cowboy walks away from a brown horse.,118178
23635,4855691043.jpg,A man jumps off his horse at a rodeo.,118179
15156,3610051443.jpg,A brunette is outside a fruit and vegetable shop selecting groceries to purchase.,75780
15156,3610051443.jpg,"At a produce stand set up on a city sidewalk, a woman picks up some apples.",75781
15156,3610051443.jpg,A woman puts apples from an outdoor market into a bag.,75782
15156,3610051443.jpg,Women selling produce on the side of a busy street.,75783
15156,3610051443.jpg,A woman placing fruit in boxes at the fruit stand.,75784
20731,4619477123.jpg,A female singer croons into a microphone close to her mouth.,103655
20731,4619477123.jpg,Female sings into a mike while performing on stage.,103656
20731,4619477123.jpg,A long-haired woman is singing into a microphone.,103657
20731,4619477123.jpg,A woman with long hair and a paisley dress sings.,103658
20731,4619477123.jpg,A woman singing into a microphone.,103659
6800,2567145979.jpg,"A man in a green shirt is standing in front of cars, holding up his hand.",34000
6800,2567145979.jpg,A man in a green shirt is standing between two cars holding up 3 fingers.,34001
6800,2567145979.jpg,A man is hailing a cab or giving a peace sign in a city,34002
6800,2567145979.jpg,A man in a green shirt hailing a taxi in a large city.,34003
6800,2567145979.jpg,A man in a green shirt hailing a cab.,34004
17254,3975631999.jpg,A black boy on a mountainside in a foreign country pointing at something.,86270
17254,3975631999.jpg,A naked child stands on a rock in the wilderness.,86271
17254,3975631999.jpg,A naked black boy is standing on a rock.,86272
17254,3975631999.jpg,A young african boy skipping rocks.,86273
17254,3975631999.jpg,A naked person standing on a rock.,86274
3674,2158267555.jpg,A girl is riding on a pony with a little girl and a woman standing beside the pony.,18370
3674,2158267555.jpg,A woman and young girl stand next to another young girl sitting on a brown pony.,18371
3674,2158267555.jpg,The children take turns riding the minerature pony with an adult supervising.,18372
3674,2158267555.jpg,A child rides a pony while an older child and adult stand next to her.,18373
3674,2158267555.jpg,Two people are arranged around a horse and its rider.,18374
23357,4830857471.jpg,"A woman wiping the brow of another woman, sitting down amongst a crowd of woman, drinking from a bottle.",116785
23357,4830857471.jpg,A girl in a white shirt holds a towel over another girls face as she drinks from a cup in a crowded place.,116786
23357,4830857471.jpg,Woman presses cloth to forehead of second woman drinking a glass of water while third woman observes.,116787
23357,4830857471.jpg,A girl sitting down drinking water surrounded by girls helping her feeling better.,116788
23357,4830857471.jpg,A girl is cooling off and hydrating.,116789
13644,3432187474.jpg,A man in a black suit is sitting with a dark-haired woman wearing a blue jacket on a dock.,68220
13644,3432187474.jpg,A man and woman sit on a dock looking out over the water on an overcast day.,68221
13644,3432187474.jpg,A man and woman are sitting on a pier in front of a body of water.,68222
13644,3432187474.jpg,A couple sits on a rocky pier made of wood blocks and chains.,68223
13644,3432187474.jpg,A man and a woman sitting on the shore looking at the scenery,68224
10354,303607405.jpg,A bulldog with a red bandanna shakes off water.,51770
10354,303607405.jpg,A brown white dog shaking water off.,51771
10354,303607405.jpg,A wet bulldog shakes off water.,51772
10354,303607405.jpg,A wet dog shaking its self dry.,51773
10354,303607405.jpg,A dog shakes dry.,51774
17666,4078132452.jpg,A drum furiously hammers out notes on his instruments as he plays on stage.,88330
17666,4078132452.jpg,A musician takes center stage to embrace the beauty of his divine talent.,88331
17666,4078132452.jpg,A bearded man wearing glasses and a jersey is drumming at a trap set.,88332
17666,4078132452.jpg,A drummer in a black sleeveless shirt playing on his drum set.,88333
17666,4078132452.jpg,Sweaty drummer in a Celtics jersey playing the drums.,88334
17513,4043883681.jpg,A woman is carving an ice sculpture with a knife.,87565
17513,4043883681.jpg,A woman is holding a knife to an ice sculpture.,87566
17513,4043883681.jpg,Woman carves an ice sculpture while smiling.,87567
17513,4043883681.jpg,A woman trying to create an ice scripture.,87568
17513,4043883681.jpg,A woman is working on an ice sculpture.,87569
618,1212131969.jpg,A boy watches a woman walking amidst many concrete boxes.,3090
618,1212131969.jpg,A young boy watching a woman walk though blocks.,3091
618,1212131969.jpg,People wander a surreal maze like sculpture.,3092
618,1212131969.jpg,A girl and a guy sitting on large cubes.,3093
618,1212131969.jpg,A boy is sitting on rectangular blocks.,3094
11381,3169163556.jpg,A woman and a man holding a small boy smile while standing in front of a decorated christmas tree with gifts under it.,56905
11381,3169163556.jpg,A couple and their child pose for a picture in front of a Christmas tree.,56906
11381,3169163556.jpg,"It's Christmas, a family posing by their tree and presents.",56907
11381,3169163556.jpg,Two adults and a child stand in front of a Christmas tree.,56908
11381,3169163556.jpg,A happy family on christmas night.,56909
21452,4685060982.jpg,"Two military men wearing camouflage and carrying guns, one has his gun raised and ready to shoot.",107260
21452,4685060982.jpg,Two young military men in camouflage with automatic weapons.,107261
21452,4685060982.jpg,Two asian security forces conducting a patrol.,107262
21452,4685060982.jpg,A military man is aiming his gun.,107263
21452,4685060982.jpg,Soldiers in uniform holding guns.,107264
30556,83482568.jpg,Female fire dancer performing in the middle of a city street with a crowd watching.,152780
30556,83482568.jpg,"Female fire handler, with long hair, performing in front of a crowd.",152781
30556,83482568.jpg,Someone is playing with fire while a group stands around and watches.,152782
30556,83482568.jpg,A man is performing with fire sticks before a crowd outside.,152783
30556,83482568.jpg,A street performer spinning fire.,152784
14080,3484526708.jpg,"In a field of tall grass, a small girl feeds a larger boy a bite of some type of food.",70400
14080,3484526708.jpg,"Small boy and girl in the grass, the boy kneeling being fed something by the girl.",70401
14080,3484526708.jpg,A baby in a cornfield feeding some food to a young child who is kneeling.,70402
14080,3484526708.jpg,Two small children wearing long sleeves are standing in the grass.,70403
14080,3484526708.jpg,Two young children playing in the grass.,70404
9832,2968885599.jpg,"A man controlling a dog sled approaches another dog sled team in a narrow, snowy passageway between two sets of trees.",49160
9832,2968885599.jpg,"Two groups of huskies are running in the snow, each group pulling a man.",49161
9832,2968885599.jpg,Sled and dogs headed towards another group of sled dogs with one loose.,49162
9832,2968885599.jpg,Two packs of sled dogs meet.,49163
9832,2968885599.jpg,Dogs performing a sled race,49164
649,12238723.jpg,A man wearing sunglasses playing a silver guitar.,3245
649,12238723.jpg,A man wearing black is playing a silver guitar.,3246
649,12238723.jpg,A man wearing a black jacket is playing guitar.,3247
649,12238723.jpg,A man is playing a guitar wearing a black shirt,3248
649,12238723.jpg,A musician plays guitar,3249
5495,241346580.jpg,"The football players are wearing red and white, and the crowd is also wearing red and white.",27475
5495,241346580.jpg,The football player in red is running with the all towards the player in white.,27476
5495,241346580.jpg,A red team and a white team are playing football.,27477
5495,241346580.jpg,A group of men play a college football game.,27478
5495,241346580.jpg,Football players avoiding a fumble.,27479
7030,2599100984.jpg,"A female chef examining her freshly baked bread, in what appears to be a kitchen.",35150
7030,2599100984.jpg,Demonstrator in white baker's coat and headset holds up a half loaf of bread.,35151
7030,2599100984.jpg,A female chef examines a piece of bread while showing it to the camera.,35152
7030,2599100984.jpg,A woman wearing a white shirt is holding up a loaf of bread.,35153
7030,2599100984.jpg,"One woman holding up bread, as part of a food test.",35154
30064,7835294722.jpg,"A female acrobat with long, blond curly hair, dangling upside down while suspending herself from long, red ribbons of fabric.",150320
30064,7835294722.jpg,A woman is hanging upside down suspended from two red ropes.,150321
30064,7835294722.jpg,A performance artist suspended upside down from red ribbons.,150322
30064,7835294722.jpg,A woman is hanging upside down by a piece of red fabric.,150323
30064,7835294722.jpg,A woman acrobatically dangles from hanging curtains.,150324
11465,3178241683.jpg,"Person in forest area with black knit cap, green and gray coat, and blue jeans pointing a rifle at the leaf-covered ground.",57325
11465,3178241683.jpg,"A person in blue pants, green jacket and a dark-colored knit cap stands alone in a leaf-covered woodland clearing.",57326
11465,3178241683.jpg,A person wearing winter attire is standing among leaves with junk in the background.,57327
11465,3178241683.jpg,"A boy wearing a green, blue and gray jacket while loading a rifle.",57328
11465,3178241683.jpg,Child out in the woods loading a bb gun,57329
28444,6845394024.jpg,"A young boy who likes super heroes is brushing his teeth, with floss at the ready.",142220
28444,6845394024.jpg,A boy in a Marvel comics shirt is brushing his teeth in front of a sink.,142221
28444,6845394024.jpg,A little boy wearing a Marvel shirt brushes his teeth.,142222
28444,6845394024.jpg,A little boy with spider man shirt brushing his teeth.,142223
28444,6845394024.jpg,A little boy brushing his teeth in the bathroom.,142224
19746,4508668804.jpg,A man playing a keyboard and another man playing guitar while signing into a microphone with a dark background and spotlights.,98730
19746,4508668804.jpg,A man plays a red guitar and sings into a microphone while another man to his left plays keyboards.,98731
19746,4508668804.jpg,"Two men shown during a concert, one on guitar and vocals with another playing keyboard.",98732
19746,4508668804.jpg,"A band playing on stage, with one man on keyboards and the other playing a red guitar.",98733
19746,4508668804.jpg,"Two guys playing in a band, one playing a guitar, and one playing the keyboard.",98734
27433,613900608.jpg,A woman with beads around her neck is performing a dance as part of a parade.,137165
27433,613900608.jpg,A woman in a tank top and capri pants costume taking a bow in the street.,137166
27433,613900608.jpg,"A dancer in a dancing pose on the street, audience in the backgound.",137167
27433,613900608.jpg,A female performer is barefoot and performing in front of a crowd.,137168
27433,613900608.jpg,Female street entertainer with horns doing a curtsey.,137169
4736,2311401527.jpg,A young woman in a black patterned shirt is taking a picture of herself in a mirror.,23680
4736,2311401527.jpg,An emergency exit map hangs above a doorway where a woman reaches up for something.,23681
4736,2311401527.jpg,Blue prints for a house hang above a woman working on a doorway.,23682
4736,2311401527.jpg,A lady dressed in black is looking towards the ceiling.,23683
4736,2311401527.jpg,A woman repairing something on her door.,23684
11855,3217909454.jpg,An older woman is holding a large baby with mittens to protect her from scratching herself.,59275
11855,3217909454.jpg,A woman in leopard print holds up a baby in white clothing.,59276
11855,3217909454.jpg,An older dark-skinned woman holding a lighter-skinned baby.,59277
11855,3217909454.jpg,A woman is sitting by a fence holding a baby in her arms.,59278
11855,3217909454.jpg,A woman holds a baby and smiles for the picture.,59279
15027,3594566537.jpg,The man threw his paddle in the air and fell out of the boat and into the water.,75135
15027,3594566537.jpg,The man falls into the water while his paddle flies and his kayak tips.,75136
15027,3594566537.jpg,Man kayaking losing his paddle and falling out of the boat.,75137
15027,3594566537.jpg,A man is falling out of his kayak as his paddles go flying.,75138
15027,3594566537.jpg,A man falls out of his kayak.,75139
7446,2653493856.jpg,"The older male wearing a green shirt and shorts with black hair is teaching the younger male, wearing a graphic tee with blond-hair how to play a game, called bump off.",37230
7446,2653493856.jpg,A white man and little boy looking at a table.,37231
7446,2653493856.jpg,A man looks on while a child plays a game.,37232
7446,2653493856.jpg,A father playing a game with his son.,37233
7446,2653493856.jpg,Two people playing a game.,37234
9315,2899549022.jpg,"Four women dance together at an ""Aloha"" party at someone's home while a man in a blue t-shirt stands nearby.",46575
9315,2899549022.jpg,A small group of people are at a party.,46576
9315,2899549022.jpg,Five people attend a luau style party.,46577
9315,2899549022.jpg,Young adults have an Aloha party.,46578
9315,2899549022.jpg,Four women dancing at a party.,46579
23645,4857153551.jpg,"A woman with brown hair, wearing sunglasses asking a asian gentleman for directions.",118225
23645,4857153551.jpg,A woman wearing sunglasses looks up as another person next to her looks at a map.,118226
23645,4857153551.jpg,"Lady with sunglasses looks up, while man on her left consults a map",118227
23645,4857153551.jpg,A man looks at a map while a woman in sunglasses looks up.,118228
23645,4857153551.jpg,The young man is checking his map.,118229
3391,2105895823.jpg,"Three men sitting at a table, one man pointing at the camera, with four red candles on the right.",16955
3391,2105895823.jpg,"Three men are sitting around a picnic table, one of which is using a laptop computer.",16956
3391,2105895823.jpg,Three man sitting around a table working with their laptops.,16957
3391,2105895823.jpg,Three men in a rustic cabin working with laptops.,16958
3391,2105895823.jpg,Three men are sitting at a wooden table.,16959
29370,7344002226.jpg,"A young boy is helping prepare a meal in the kitchen using a spoon, a strainer and a bowl.",146850
29370,7344002226.jpg,A young boy in a kitchen is mixing something in a bowl with a spoon.,146851
29370,7344002226.jpg,Mother tries some role reversal with her son in the kitchen.,146852
29370,7344002226.jpg,A young boy wearing a blue shirt cooking in the kitchen,146853
29370,7344002226.jpg,A child making food with his family.,146854
13266,3385593926.jpg,The dogs are in the snow in front of a fence.,66330
13266,3385593926.jpg,Two brown dogs playfully fight in the snow.,66331
13266,3385593926.jpg,Two brown dogs wrestle in the snow.,66332
13266,3385593926.jpg,Two dogs playing in the snow.,66333
13266,3385593926.jpg,The dogs play on the snow.,66334
19192,4444686770.jpg,A man and a woman are closely examining a fishing pole together by a large body of water.,95960
19192,4444686770.jpg,A woman and a man are outside near a body of water and is preparing a fishing rod.,95961
19192,4444686770.jpg,A man and a woman fiddling with a fishing pole while standing on a pier.,95962
19192,4444686770.jpg,A man and woman are holding a fishing pole in front of a body of water.,95963
19192,4444686770.jpg,A man and woman help each other with a fishing rod.,95964
12024,3240351042.jpg,A biker rider jumping high over a dirt hill and seems to be higher than an electric pole.,60120
12024,3240351042.jpg,The cyclist is airborne on his bike as it makes a jump between two mounds of earth.,60121
12024,3240351042.jpg,Brown ramp structure with a person on ski's in midair.,60122
12024,3240351042.jpg,A person jumps a bicycle off a large dirt ramp.,60123
12024,3240351042.jpg,A motor biker gets massive air off a dirt jump,60124
30925,966971031.jpg,Three girls holding two microphones and one guy in a blue shirt are standing under spotlights.,154625
30925,966971031.jpg,Four young adults with two microphones make silly faces at the camera.,154626
30925,966971031.jpg,Four people standing and two women holding microphones.,154627
30925,966971031.jpg,Three women and a man singing Karaoke.,154628
30925,966971031.jpg,Four people are singing Karaoke.,154629
24089,4891975016.jpg,A large group of men in Scottish outfits are playing bagpipes.,120445
24089,4891975016.jpg,Bagpipers in traditional Scottish garb march down a street.,120446
24089,4891975016.jpg,Scottish bagpipe players are performing on the streets.,120447
24089,4891975016.jpg,Scottish men in formal attire play the bagpipes.,120448
24089,4891975016.jpg,A group of Scottish bagpipers walk down a path.,120449
18720,43499668.jpg,A man in a white hat and blue shirt sorting through doll parts.,93600
18720,43499668.jpg,An elderly man picks up pieces of broken barbie dolls.,93601
18720,43499668.jpg,A man makes dolls from several different pieces.,93602
18720,43499668.jpg,A man sorting through barbie doll parts.,93603
18720,43499668.jpg,An old man sorts through doll parts.,93604
16973,3909544831.jpg,A glowing bust sits in the middle of a round table with papers neatly laid out.,84865
16973,3909544831.jpg,The guests of the office table had left all of their paperwork and belongings.,84866
16973,3909544831.jpg,An table sits prepared for a meeting in an office next to a wall of windows.,84867
16973,3909544831.jpg,"A table with papers, mannequin head, bag and a camera on it.",84868
16973,3909544831.jpg,A round table with printed matter ready for a meeting.,84869
26919,5790840713.jpg,Several people in colorful clothing are working in a garment facility with a quantity of red fabric on tables.,134595
26919,5790840713.jpg,Indian women learning from a man how to make fabric.,134596
26919,5790840713.jpg,A group of women working in a fabric factory.,134597
26919,5790840713.jpg,Women in a sewing factory with red fabric.,134598
26919,5790840713.jpg,People are at their job creating clothing.,134599
18658,433477485.jpg,Two women are looking at a yellow table with craft material on it.,93290
18658,433477485.jpg,Volunteer setting up the bread table at the food pantry.,93291
18658,433477485.jpg,Two women are looking at bread in packages on a table.,93292
18658,433477485.jpg,Two ladies looking for bread to purchase.,93293
18658,433477485.jpg,Two women looking at bread on a table.,93294
8202,2752043092.jpg,A young child in a blue outfit plays with a watch he is wearing.,41010
8202,2752043092.jpg,A baby with a wristwatch is curious about something,41011
8202,2752043092.jpg,A child in a blue shirt is wearing a wristwatch.,41012
8202,2752043092.jpg,"A baby dressed in blue, with a watch.",41013
8202,2752043092.jpg,A baby wearing a watch.,41014
2316,17484203.jpg,A man with bandanna hold a rattle in his left hand while reaching for a snake with his right over a blue carpet and next to a large branch.,11580
2316,17484203.jpg,"While seated on a chair, a man wearing a blue shirt, gray pants, multicolored bandanna, and no shoes is blowing through a long tube.",11581
2316,17484203.jpg,A man in a blue shirt sits on a blue blanket with a snake crawling under his leg.,11582
2316,17484203.jpg,"Man in a blue shirt, playing musical instruments.",11583
2316,17484203.jpg,An older man wearing a blue shirt is sitting.,11584
25429,50766677.jpg,"Two young boys, both wearing purple belts, are practicing martial arts.",127145
25429,50766677.jpg,Two young purple belts are practicing karate.,127146
25429,50766677.jpg,Young G ?uys in a Karate class practicing.,127147
25429,50766677.jpg,The boys are in a karate class today.,127148
25429,50766677.jpg,Two children practicing karate.,127149
1442,1424170200.jpg,"Fireman in the bottom of an open building, one is being hoisted down a rope.",7210
1442,1424170200.jpg,Hard hat workers are descending into cement walls.,7211
1442,1424170200.jpg,Construction workers working on a large building.,7212
1442,1424170200.jpg,Firemen are lowered into a construction area.,7213
1442,1424170200.jpg,Firemen are examining a construction site.,7214
2984,2045928594.jpg,A girl in a red shirt is standing around with her yellow bag and black purse at her side.,14920
2984,2045928594.jpg,The woman stands in front of a rock pond and wears a red shirt.,14921
2984,2045928594.jpg,Woman standing on the street with a shopping bag and a purse.,14922
2984,2045928594.jpg,The lady waits with her purse and bag.,14923
2984,2045928594.jpg,A woman stands near a fountain.,14924
4664,23022402.jpg,"A graveyard worker is digging, or filling a grave, another person is on his cellphone, leaning on a tombstone.",23320
4664,23022402.jpg,There are two men in a graveyard and one of the men has a wheelbarrow and a shovel and he is digging a grave.,23321
4664,23022402.jpg,"Two men in a graveyard, one digging and the other on a cellphone.",23322
4664,23022402.jpg,Graveyard workers dig a grave in a grassy cemetery using shovels.,23323
4664,23022402.jpg,"Two men are in a cemetery, but only one is actively digging.",23324
5939,2461372011.jpg,The hiker is walking up a snow covered hill with a black dog.,29695
5939,2461372011.jpg,A person climbs up a snowy hill while their dog follows.,29696
5939,2461372011.jpg,A person climbs a snowy hill while a black dog follows.,29697
5939,2461372011.jpg,A person and a black dog are walking through the snow.,29698
5939,2461372011.jpg,A person hiking up a hill in the snow with a dog.,29699
5832,2447017958.jpg,A little girl with brown hair blowing kisses at a butterfly in her hand.,29160
5832,2447017958.jpg,Young girl holding a small butterfly on her thumb.,29161
5832,2447017958.jpg,A little girl blowing kisses at a butterfly.,29162
5832,2447017958.jpg,Girl kissing butterfly resting in her hand.,29163
5832,2447017958.jpg,Girl is blowing to a butterfly.,29164
18857,4380054408.jpg,Runners are photographed as onlookers watch and take pictures of a Run for Haiti.,94285
18857,4380054408.jpg,Men are lined up at a race with RUN FOR HAITI signs behind them.,94286
18857,4380054408.jpg,A group of men finish a fund raising run for Haiti in 28:24.,94287
18857,4380054408.jpg,Runners are awaiting the start of a marathon.,94288
18857,4380054408.jpg,Several people participating in a marathon,94289
7444,2653192579.jpg,A woman sits on a rug next to a shirtless boy who is looking in the direction of a checkers board that includes several pieces.,37220
7444,2653192579.jpg,A woman wearing a spaghetti-strapped shirt and a shirtless boy wearing red Shorts play with an over-sized checkers board.,37221
7444,2653192579.jpg,A woman and a little boy are sitting on the floor playing a game of checkers.,37222
7444,2653192579.jpg,A mom and her son are sitting on the floor playing checkers.,37223
7444,2653192579.jpg,A little boy is losing a game of strip checkers.,37224
9368,2907073768.jpg,An extreme mountain biker making a leap across rough terrain in the woods.,46840
9368,2907073768.jpg,The BMX rider wearing a black helmet gets air off of a jump.,46841
9368,2907073768.jpg,A man rides off of a jump and does a trick in air.,46842
9368,2907073768.jpg,A guy flipped over upside down on a bicycle.,46843
9368,2907073768.jpg,A biker jumping extremely high.,46844
26612,5621600104.jpg,"A man in a red, black and white uniform is pursuing a soccer ball on a grassy field.",133060
26612,5621600104.jpg,A soccer player in a red uniform is about to kick the ball.,133061
26612,5621600104.jpg,A professional soccer player about to kick a soccer ball.,133062
26612,5621600104.jpg,A soccer player is getting ready to kick the ball.,133063
26612,5621600104.jpg,"Soccer player, in red, about to kick a ball.",133064
11622,3192069971.jpg,A little boy with a blue helmet rides his bike with his feet on the handlebars.,58110
11622,3192069971.jpg,A boy wearing a blue helmet rides a bike with his feet on the handlebars.,58111
11622,3192069971.jpg,Boy with a helmet resting his feet on the handlebars of his bike.,58112
11622,3192069971.jpg,Boy in blue helmet riding bike with feet on handlebars.,58113
11622,3192069971.jpg,A boy with a blue helmet plays on his bicycle.,58114
21034,4648101227.jpg,"A band performs live for the ""Good Morning America"" Summer Concert Series in front of an audience.",105170
21034,4648101227.jpg,Good morning America hosts their summer concert series brought to you by Walgreens.,105171
21034,4648101227.jpg,People playing instruments on stage in front of blue banners.,105172
21034,4648101227.jpg,A lady holding a microphone standing on a stage.,105173
21034,4648101227.jpg,The band Sugarland is performing.,105174
17732,4093458757.jpg,A man in a black shirt sits on a computer chair looks at a yellow envelope.,88660
17732,4093458757.jpg,A man with a beard and black shirt looking at an envelope in an office.,88661
17732,4093458757.jpg,A man sitting at a desk looking at an envelope.,88662
17732,4093458757.jpg,"A man sitting at a desk, with a package.",88663
17732,4093458757.jpg,A man in a black shirt opening his mail.,88664
29490,7446761184.jpg,The mom is protecting her babies ears while at a concert surround by hundreds of people.,147450
29490,7446761184.jpg,A baby with green headphones on is waving at a large crowd of people.,147451
29490,7446761184.jpg,A woman in gray holding a baby wearing green headphones at a concert.,147452
29490,7446761184.jpg,A baby with ears protected with their mother at an outdoor concert.,147453
29490,7446761184.jpg,A mother and her child attending a concert.,147454
12878,3342272425.jpg,A person in a green feathered costume is bending down in front of a woman with painted breasts.,64390
12878,3342272425.jpg,A woman in a green costume is standing in front of a topless woman with painted breasts.,64391
12878,3342272425.jpg,Two people dressed in green and red costumes are outside on the sidewalk.,64392
12878,3342272425.jpg,Two people in lavish costumes standing on the street.,64393
12878,3342272425.jpg,People in costumes are walking around in the street.,64394
11847,3217240672.jpg,A tractor pulling a wagon with a giant pumpkin covered in cloth and two wicker baskers on it drives down a road with people nearby.,59235
11847,3217240672.jpg,Three men are driving a tractor that is carrying a huge brown object.,59236
11847,3217240672.jpg,A group of people ride down the road in a large tractor.,59237
11847,3217240672.jpg,Several people ride in a very odd looking truck.,59238
11847,3217240672.jpg,A tractor decorated as a float for a parade,59239
11895,3223224391.jpg,A furry dog running on an open field of grass.,59475
11895,3223224391.jpg,A gray terrier runs in a snow-covered field.,59476
11895,3223224391.jpg,A gray fuzzy dog running through snow.,59477
11895,3223224391.jpg,Fluffy gray dog running in a field,59478
11895,3223224391.jpg,A gray shaggy dog running,59479
4006,2214132302.jpg,A woman in red with a black headband running on a street with three other people in the background.,20030
4006,2214132302.jpg,A woman in an orange jacket and orange glasses is jogging.,20031
4006,2214132302.jpg,A woman in a red jacket and orange glasses is jogging.,20032
4006,2214132302.jpg,A woman in orange sunglasses jogs.,20033
4006,2214132302.jpg,A lady in orange is running.,20034
10183,3017220118.jpg,Two women in dark clothes are taking a picture with a man in a colorful coat.,50915
10183,3017220118.jpg,A man in a fancy pattern jacket stands outside a club with two ladies.,50916
10183,3017220118.jpg,"Three people, faces obscured, standing in formal dress.",50917
10183,3017220118.jpg,Two women looking at the camera and a man looking away.,50918
10183,3017220118.jpg,A group of three people walking together.,50919
8220,2754898893.jpg,The woman in glasses is smiling with the ocean in the background,41100
8220,2754898893.jpg,A young woman posing in front of a beautiful beach scene.,41101
8220,2754898893.jpg,A woman standing in front of a beach scene and smiling.,41102
8220,2754898893.jpg,Woman standing on a hill in front of the ocean.,41103
8220,2754898893.jpg,A woman smiles in front of an ocean view.,41104
30406,8154670501.jpg,"Two men, one in red and one in black, compete in a marathon followed by a motorcyclists and a third competitor.",152030
30406,8154670501.jpg,"Two runners, one in a red shirt and one in a black shirt, race in front of two men on a motorcycle.",152031
30406,8154670501.jpg,"Runners are running on a street, followed by a two men on a scooter.",152032
30406,8154670501.jpg,Two runners are neck and neck as motorists ride behind them.,152033
30406,8154670501.jpg,Two black men are competing in a marathon.,152034
21166,4658409452.jpg,An old gray-haired balding old man wearing glasses is looking sideways in front of a van with a blue bar on top.,105830
21166,4658409452.jpg,A man stands at the passenger door of an emergency vehicle.,105831
21166,4658409452.jpg,A man is standing next to a vehicle in a city setting.,105832
21166,4658409452.jpg,A gray-haired man stands next to a police van.,105833
21166,4658409452.jpg,A man is standing next to a Police van.,105834
27323,6059154572.jpg,A teenage male goes urban surfing in a small body of water with a modified surfboard for a crowd of people with lush trees in the background.,136615
27323,6059154572.jpg,"Surfer wearing blue long-sleeve shirt with black and white shorts, causing a splash jumping with their surfboard.",136616
27323,6059154572.jpg,Guy jumping off a surfboard at some kind of event.,136617
27323,6059154572.jpg,A skimboarder performs a trick in the water.,136618
27323,6059154572.jpg,A teenage is on a surfboard.,136619
25068,4971995864.jpg,"A woman wearing a green paisley headscarf, green pants and a multi color shirt sits on a set of steps next to a blue striped backpack.",125340
25068,4971995864.jpg,A young woman dressed in green and brown is sitting on the steps with a paper in her lap.,125341
25068,4971995864.jpg,A girl in green pants and a patterned top is sitting on some steps.,125342
25068,4971995864.jpg,A girl in a green bandanna and flip-flops sits on stone steps.,125343
25068,4971995864.jpg,A girl with a green scarf on her head sits on cement steps.,125344
17129,3952964772.jpg,A man and a woman in with a headscarf and a black apron are leading two horned cattle pulling a trailer down a paved road with trees in the background.,85645
17129,3952964772.jpg,"A woman is leading an oxen pulled cart, with a man walking beside her.",85646
17129,3952964772.jpg,Woman and boy in on the road with 2 bulls pulling a wagon.,85647
17129,3952964772.jpg,A man and a woman are leading two cows pulling a cart.,85648
17129,3952964772.jpg,A man and a woman lead two cattle down a road.,85649
4744,2312559422.jpg,A small child with a red shirt stands in front of a large television screen showing an unfocused image.,23720
4744,2312559422.jpg,A short-haired child is watching a video game being played on a large television.,23721
4744,2312559422.jpg,A young boy in a red shirt is watching a television program.,23722
4744,2312559422.jpg,A young boy stands staring at a television screen.,23723
4744,2312559422.jpg,Child watching television.,23724
20333,4570069538.jpg,A large crowd of people in the theatrical district of a large city.,101665
20333,4570069538.jpg,A crowd of people fill the street in front of a McDonald's.,101666
20333,4570069538.jpg,People line up in the streets as barricades contain them.,101667
20333,4570069538.jpg,A huge crowd has gathered in front of McDonald.,101668
20333,4570069538.jpg,A large crowd gathered in front of McDonald's.,101669
19313,4454997580.jpg,A woman wearing a silver jacket and blue jeans is holding hands with a young child wearing a red ski cap while walking through a carnival.,96565
19313,4454997580.jpg,"A boy in a blue jacket points something out to his mother, also wearing a jacket, as they walk through a colorful carnival scene.",96566
19313,4454997580.jpg,A child is gesturing towards a game while walking with his mother.,96567
19313,4454997580.jpg,A young boy with his mum going home after playing toy games.,96568
19313,4454997580.jpg,A woman and a boy walk around a fair.,96569
27002,5843047066.jpg,A group of people are exercising with their arms spread out.,135010
27002,5843047066.jpg,A group of people practice aerobics in a grassy field.,135011
27002,5843047066.jpg,Outdoor group exercise for people getting healthy.,135012
27002,5843047066.jpg,A group of people exercising on a green field.,135013
27002,5843047066.jpg,A group of people doing exercise in the park,135014
3669,2157003092.jpg,A black dog with tan markings stands in deep snow; there is an evergreen to the right.,18345
3669,2157003092.jpg,A black dog is trying to run with its legs buried in the snow.,18346
3669,2157003092.jpg,The dog is trying to outrun the deep snow.,18347
3669,2157003092.jpg,A dog plays in the snow.,18348
3669,2157003092.jpg,Dog lies in snow.,18349
11222,3148571800.jpg,A man holds a stick while a stream of fire erupts from the end of it.,56110
11222,3148571800.jpg,A man with a firecracker with a crowd of people behind him watching.,56111
11222,3148571800.jpg,"Fireworks light up a nighttime street, while the crowd stands back",56112
11222,3148571800.jpg,A man sets off a large sparkler while the crown watches on.,56113
11222,3148571800.jpg,A man is playing with fire in front of a group of people.,56114
1399,1414779054.jpg,A boy plays with outstretched arms on the sidewalk next to a cobblestone street.,6995
1399,1414779054.jpg,A boy wearing a blue t-shirt is jumping up in the air on a city street.,6996
1399,1414779054.jpg,A young boy wearing blue jumps off of a cement sidewalk.,6997
1399,1414779054.jpg,A boy with his arms stretched out to his left.,6998
1399,1414779054.jpg,A boy jumping off of a cement block.,6999
14229,3500829879.jpg,A loan motorcyclist riding a red motorcycle on a racetrack,71145
14229,3500829879.jpg,Number 75 motorcycle racer rides his red and black bike.,71146
14229,3500829879.jpg,A person in protective gear riding a matching motorbike.,71147
14229,3500829879.jpg,A man is leaning on a racing motorcycle.,71148
14229,3500829879.jpg,An overhead view of a racing motorcycle.,71149
2591,187245342.jpg,A man in a purple shirt is riding a red bicycle.,12955
2591,187245342.jpg,A man wearing white shoes riding a red bicycle.,12956
2591,187245342.jpg,A man without a helmet is riding a red bike.,12957
2591,187245342.jpg,A man in a purple shirt riding a red bike.,12958
2591,187245342.jpg,A man riding a red bicycle down a road.,12959
13303,3391924827.jpg,A biker holds onto their bike while in the air with a mountin in the background.,66515
13303,3391924827.jpg,A person jumps high in the air holding onto their bicycle.,66516
13303,3391924827.jpg,A biker flies through the air near sand dunes.,66517
13303,3391924827.jpg,A person in the air holding on to a bicycle.,66518
13303,3391924827.jpg,A cyclist jumping into the air,66519
30362,8111420340.jpg,Two wrestlers competing on a mat in front of a crowd of onlookers.,151810
30362,8111420340.jpg,"Two young boys are in a wrestling match, on a mat.",151811
30362,8111420340.jpg,Two wrestlers competing for the win.,151812
30362,8111420340.jpg,Two wrestlers competing in a match.,151813
30362,8111420340.jpg,Wrestlers grapple on the floor.,151814
27622,6218174603.jpg,Three skateboarders wearing helmets are coming down a hill in a right hand turn racing as people on the side of the road look on.,138110
27622,6218174603.jpg,"Three persons are riding skateboards on a curvy road, wearing helmets and protective gears.",138111
27622,6218174603.jpg,Three people are skating around a curved street while onlookers watch them perform.,138112
27622,6218174603.jpg,Three people are riding longboards down a hill in full leather suits and helmets.,138113
27622,6218174603.jpg,Three skateboarders in helmets round a bend in the road wearing bodysuits.,138114
5158,236680927.jpg,"A man in a green shirt strums a guitar indoors for a small child, standing in a doorway, in overalls.",25790
5158,236680927.jpg,"A man in a green shirt, shorts and sandals plays an electric guitar for a curious toddler.",25791
5158,236680927.jpg,A young child is watching a man play an electric guitar.,25792
5158,236680927.jpg,A black man plays the electric bass while a child watches,25793
5158,236680927.jpg,A small boy is watching a musician play guitar.,25794
29045,70995350.jpg,A kite surfer is doing a flip over the waves.,145225
29045,70995350.jpg,A man jumps over a wave on his surfboard.,145226
29045,70995350.jpg,A person on a parasail jumps off a wave.,145227
29045,70995350.jpg,A windsurfer angles over a wave.,145228
29045,70995350.jpg,A silver craft rides the waves.,145229
4387,226653504.jpg,A woman dressed in black and holding flowers holds hands with a blond woman dressed in white.,21935
4387,226653504.jpg,A woman with a yellow wrist corsage speaks to the blond bride.,21936
4387,226653504.jpg,"A bride in a wedding dress, greeting her guests.",21937
4387,226653504.jpg,3 women talking and a map is pinned on the wall.,21938
4387,226653504.jpg,Two blond women are holding hands.,21939
11919,322563288.jpg,"A young blond-haired girl is playing on the limbs of a tree, close to a leaf covered ground.",59595
11919,322563288.jpg,A young blond girl is playing among tree branches.,59596
11919,322563288.jpg,A little blond girl is playing in the woods.,59597
11919,322563288.jpg,A young girl is playing on a forest log.,59598
11919,322563288.jpg,A young girl exploring the woods.,59599
4036,2216695423.jpg,A group of large white and orange dogs are in the grass.,20180
4036,2216695423.jpg,Four dogs play with each other and with sticks.,20181
4036,2216695423.jpg,Four dogs play together outside with sticks.,20182
4036,2216695423.jpg,The dogs are playing with a stick outside.,20183
4036,2216695423.jpg,Dogs play with stick,20184
21561,4690243307.jpg,Man in a black shirt leaning against a pole while pedestrians walk about.,107805
21561,4690243307.jpg,A few people are standing outside of shops in an Asian city.,107806
21561,4690243307.jpg,People in a shopping center in an Asian city.,107807
21561,4690243307.jpg,A man leans against a pole in a busy area.,107808
21561,4690243307.jpg,People walking the streets in China.,107809
20593,4604977910.jpg,"A woman in a dark shirt stands facing, but looking away from the large aquarium window she is leaning against, while a seal swims on the other side of the glass.",102965
20593,4604977910.jpg,A woman standing in front of a large tank at an aquarium turns around to look at the photographer.,102966
20593,4604977910.jpg,A young lady is looking away from the tank while a shark is in front of her.,102967
20593,4604977910.jpg,A woman in a black shirt is watching a seal swimming in an aquarium.,102968
20593,4604977910.jpg,A woman is at the zoo watching a seal.,102969
27407,611349356.jpg,"A player in an orange shirt and shorts waves to the crowd from an athletic field, while cameramen follow a man in a suit across the field.",137035
27407,611349356.jpg,A man wearing an orange outfit and a moose hat is walking off of a green field with officials and a cameraman behind him.,137036
27407,611349356.jpg,A photo taken from the stands at a sporting event of a man waving and a man with a moose hat.,137037
27407,611349356.jpg,An important man with his crew walking on the field at a sporting event.,137038
27407,611349356.jpg,"Five people walk across a sport field, one man is wearing a moose hat.",137039
13225,3379896474.jpg,"A person with long, blond-hair wearing a bandanna drinks from a beer bottle while standing in front of window blinds.",66125
13225,3379896474.jpg,A white male with blond-hair is drinking beer.,66126
13225,3379896474.jpg,A man with long hair is drinking a beer.,66127
13225,3379896474.jpg,A man drinking out of a glass bottle.,66128
13225,3379896474.jpg,A man is drinking a beer.,66129
2710,1928789813.jpg,"An intimate setting with low lighting, draped doors and tables with small groups of men and women smiling and drinking.",13550
2710,1928789813.jpg,A group of people having conversations at a restaurant.,13551
2710,1928789813.jpg,A group of people having a drink and conversation.,13552
2710,1928789813.jpg,People are gathered around tables in a restaurant.,13553
2710,1928789813.jpg,A small group has gathered for dinner at a cafe.,13554
20010,4540719607.jpg,A man in a blue shirt is looking to the left while many people are in the background.,100050
20010,4540719607.jpg,A Woman and a man are having a conversation in the doorway.,100051
20010,4540719607.jpg,A man in a large crowd converses with his friends.,100052
20010,4540719607.jpg,A fair of some type with mostly guys in the photo.,100053
20010,4540719607.jpg,Many people attending a seminar.,100054
19284,4451503026.jpg,Two very young children stand on the opposite side of the fence from a black and white goat.,96420
19284,4451503026.jpg,"The brothers, one 2 and one 10, love the petting zoo, especially the Billy-Goat.",96421
19284,4451503026.jpg,A man and a young boy are outside of a goat's pin.,96422
19284,4451503026.jpg,A goat is looking at two boys just outside its pen.,96423
19284,4451503026.jpg,Two boys near a goat in a petting zoo.,96424
7816,2705103785.jpg,A man wearing a dark shirt and a girl wearing a dark tank top are standing next to an elderly lady seated in a wheelchair.,39080
7816,2705103785.jpg,"2 people stand up wearing black at an old persons home, while some onlookers sit in wheelchairs nearby.",39081
7816,2705103785.jpg,A young man and woman interact with an elderly woman in a wheelchair.,39082
7816,2705103785.jpg,Two teenagers interacting with the elder population.,39083
7816,2705103785.jpg,A group of young people working with the elderly.,39084
19837,4517707781.jpg,"A man in a leather jacket, a blue shirt, khaki pants and sunglasses listens to headphones outside a Bed Bath &amp; Beyond.",99185
19837,4517707781.jpg,A man walks past a bed bath and beyond listening to his iPod or iPhone wearing a leather jacket and blue sunglasses.,99186
19837,4517707781.jpg,A man with sunglasses and earphones is on a city street holding an mp3 player in his hand.,99187
19837,4517707781.jpg,A blond man in a brown leather jacket is listening to music.,99188
19837,4517707781.jpg,A man with a leather jacket listening to music.,99189
2883,200771289.jpg,Two men in black bulletproof vests watch something taking place to the right of the picture.,14415
2883,200771289.jpg,Two men in bullet proof vests watch over a crowd by some white tents.,14416
2883,200771289.jpg,Men wearing sunglasses with their backs turned to the camera.,14417
2883,200771289.jpg,The backs of two men wearing backpacks near some tents.,14418
2883,200771289.jpg,Two men in black outfits have backpacks.,14419
9322,2900213085.jpg,A crowd of people casually dressed are watching a band with two members.,46610
9322,2900213085.jpg,A lot of people are listening to a man with a microphone.,46611
9322,2900213085.jpg,A group of people are at a rock concert.,46612
9322,2900213085.jpg,People dancing to music at a concert.,46613
9322,2900213085.jpg,People are dancing at a party.,46614
12762,333031366.jpg,A dog is walking through the water carrying a large stick in its mouth.,63810
12762,333031366.jpg,"Black and white dog outdoors in muddy water, with stick in mouth.",63811
12762,333031366.jpg,A dog is in some water with a tree branch in its mouth.,63812
12762,333031366.jpg,A dog is plling a very large branch out of the water.,63813
12762,333031366.jpg,A black and white dog with a stick is in muddy water.,63814
10337,3033210806.jpg,An older lady dressed in winter clothes looks out over a white balcony.,51685
10337,3033210806.jpg,Closeup of a lady in a coat and a purple scarf sitting on a blue chair,51686
10337,3033210806.jpg,The elderly person enjoys sitting on the deck on cold but sunny day.,51687
10337,3033210806.jpg,A woman in a maroon scarf sits and looks out over a white rail.,51688
10337,3033210806.jpg,A woman in a coat and scarf behind a white railing.,51689
19783,4511584046.jpg,An older woman in a brown sweater removes her glasses while three other people in front of a red wall converse.,98915
19783,4511584046.jpg,Family gathered together in a house enjoying each other company.,98916
19783,4511584046.jpg,Three women and a man around a table as if having a meeting.,98917
19783,4511584046.jpg,A woman in a brown sweater adjusts her glasses.,98918
19783,4511584046.jpg,Woman adjusting her eyeglasses.,98919
18719,43499667.jpg,A shirtless man is holding a welding mask and standing next to a large green metal box.,93595
18719,43499667.jpg,A man with black hair and gray pants is standing holding a helmet and looks very dirty.,93596
18719,43499667.jpg,A man with no shirt is wearing gloves and holding a mask.,93597
18719,43499667.jpg,The shirtless wielder putting on his mask.,93598
18719,43499667.jpg,A shirtless man is holding a face mask.,93599
4021,2215331791.jpg,A woman bends over to hug a young child in a pink coat wearing a hat.,20105
4021,2215331791.jpg,A woman in a black coat hugs a small child on the sidewalk.,20106
4021,2215331791.jpg,A mother is reaching down for her child on a sidewalk.,20107
4021,2215331791.jpg,Woman in black jacket hugs her baby on the street.,20108
4021,2215331791.jpg,A woman kissing a child in the middle of the street,20109
16030,3718892835.jpg,A boy wearing a helmet flips up his scooter as he skates between orange cones.,80150
16030,3718892835.jpg,A person wearing a helmet begins to fall from a silver scooter.,80151
16030,3718892835.jpg,A boy falls off of his scooter during an obstacle course.,80152
16030,3718892835.jpg,"This person is falling off a scooter, in a parking lot.",80153
16030,3718892835.jpg,A woman is about to fall off a scooter.,80154
9684,2944619397.jpg,A man in boots holding a hard hat is running on a street.,48420
9684,2944619397.jpg,A man carrying a hard hat is running down the street.,48421
9684,2944619397.jpg,A man holding a white helmet is running on a street.,48422
9684,2944619397.jpg,A man holding a hard hat runs across a street.,48423
9684,2944619397.jpg,A man holding a white hard hat running.,48424
3790,2183123018.jpg,Three men are wearing safety yellow jackets and hard hats on the sight of a construction project; one is in a hole and the other two are looking at the man standing in the hole.,18950
3790,2183123018.jpg,"Three men wearing yellow are standing among roadside construction, one of the men is in a hole.",18951
3790,2183123018.jpg,Three men are working on a road wearing hard hats and bright yellow construction gear.,18952
3790,2183123018.jpg,Three men wearing green uniforms are working on a road canal.,18953
3790,2183123018.jpg,Three construction workers working behind an orange fence.,18954
27585,6204719881.jpg,"In the foreground, a soccer player wearing orange and black moves to intercept two players wearing white uniforms as they run towards the camera in pursuit of the soccer ball while in the background a man in a blue soccer uniform looks on.",137925
27585,6204719881.jpg,"Four men are playing soccer, two in white jerseys, one in a red jersey and a goalie in the background.",137926
27585,6204719881.jpg,"Three people, two in white, one in red and black, are playing soccer.",137927
27585,6204719881.jpg,Three men competing in a soccer game on a soccer field.,137928
27585,6204719881.jpg,A group of men playing soccer.,137929
1629,1466307485.jpg,A man in an orange vest trying to pull a vehicle which is attached to another vehicle out of a rocky area.,8145
1629,1466307485.jpg,A man in an orange vest leans over a pickup truck.,8146
1629,1466307485.jpg,A group of people pull a jeep stuck on a rock.,8147
1629,1466307485.jpg,The white truck is stuck on the large rocks.,8148
1629,1466307485.jpg,A person in a safety vest pushing a truck.,8149
29020,7078369637.jpg,"Two asian band members, a female vocalist with reddish hair and a black leather vest, and a male guitarist with a old west-style black, red, and white shirt and a red scarf perform.",145100
29020,7078369637.jpg,"A young asian man and woman stand open-mouthed in front of microphones, they are dressed in rockabilly style and the man has a blue guitar",145101
29020,7078369637.jpg,A man in black holding a guitar and a woman in a black vest are singing into microphones.,145102
29020,7078369637.jpg,A lady speaking into a microphone with a man holding a guitar next to her.,145103
29020,7078369637.jpg,A woman is singing into an old style microphone accompanied by a man.,145104
10343,3033724533.jpg,A small black and white dog and a larger tan one are checking each other out at the waters edge.,51715
10343,3033724533.jpg,A small black and white dog is looking at another brown dog.,51716
10343,3033724533.jpg,A woman walking her dog at the lake.,51717
10343,3033724533.jpg,Two dogs are looking at each other.,51718
10343,3033724533.jpg,Two dogs meeting on the beach.,51719
449,114722877.jpg,"A man wearing a blue shirt, standing on the railroad is taking picture of the bridge.",2245
449,114722877.jpg,A man standing on a railroad track taking a picture of the water between two bridges.,2246
449,114722877.jpg,A man standing on a railroad track looking through his binoculars at a river.,2247
449,114722877.jpg,A woman is taking a photo of a bridge while standing on the train tracks.,2248
449,114722877.jpg,A person standing on railroad tracks in front of two bridges.,2249
21506,4688039001.jpg,A white man with short brown hair and wearing a baggy white shirt and baggy old jeans is playing a saxophone.,107530
21506,4688039001.jpg,A man in a white shirt is playing a saxophone on a stage.,107531
21506,4688039001.jpg,A man with his baggage playing saxophone on the street.,107532
21506,4688039001.jpg,A musician is playing a saxophone on a sidewalk.,107533
21506,4688039001.jpg,A man standing and playing the saxophone.,107534
23507,4846136279.jpg,"A group of people standing on the embankment of a rocky dirt road, waving the flag of Israel.",117535
23507,4846136279.jpg,A group of Jewish people waving flags in order to celebrate their religion.,117536
23507,4846136279.jpg,Several people are waving Israeli flags in a desolate environment.,117537
23507,4846136279.jpg,People are standing outside holding two large Israeli flags.,117538
23507,4846136279.jpg,Seven Israeli males wave flags along a roadside.,117539
526,117430422.jpg,A group of people walk on the sidewalk outside of an AMC movie theater.,2630
526,117430422.jpg,A group of people walking on a street in front of an AMC building.,2631
526,117430422.jpg,A man in a white shirt and another man in a green pant walking.,2632
526,117430422.jpg,There are people walking on the sidewalk on a beautiful day.,2633
526,117430422.jpg,Men and women walking down the sidewalk.,2634
3233,2087332880.jpg,"People on each side of the street are waiting for the streetlight to change, so they can cross.",16165
3233,2087332880.jpg,Woman and a man standing across street from each other at a crosswalk.,16166
3233,2087332880.jpg,Men at opposite ends of the street waiting to cross.,16167
3233,2087332880.jpg,2 man standing next to a crossing site,16168
3233,2087332880.jpg,Two people about to cross a street.,16169
14472,3529333786.jpg,Male wearing brown shorts and black t-shirt in his bedroom with his feet on the desk talking on the phone.,72360
14472,3529333786.jpg,A man lounges in a chair while viewing a lava lamp and computer screen.,72361
14472,3529333786.jpg,The man in the black shirt is relaxing at a desk.,72362
14472,3529333786.jpg,A man sitting at his desk with empty soda cans.,72363
14472,3529333786.jpg,A young man relaxes at his computer desk.,72364
4050,2219301968.jpg,A small child playing with a toy oven in a mock kitchen at home.,20250
4050,2219301968.jpg,A toddler is opening the oven door of a pink play kitchen set.,20251
4050,2219301968.jpg,A child plays with a pink kitchen set that is child-sized.,20252
4050,2219301968.jpg,A young girl plays in her pink toy kitchen.,20253
4050,2219301968.jpg,A little girl playing with kitchen toys.,20254
28961,7036326155.jpg,Four motocross racers fly over the off-road dirt ramp during a competition.,144805
28961,7036326155.jpg,Four motorcycle riders are jumping over a dirt hill in a meadow.,144806
28961,7036326155.jpg,Four dirt bike racers racing in sandy dunes going fast.,144807
28961,7036326155.jpg,Four people on dirt bikes are driving over a dirt hill.,144808
28961,7036326155.jpg,Motocross Riders racing to the finish line.,144809
27686,62525206.jpg,Two men are sitting on a white couch in a white room using separate laptops.,138430
27686,62525206.jpg,Two men in black shirts are sitting on a white sofa and working on laptops.,138431
27686,62525206.jpg,Two men on a couch are using laptop computers in a white room.,138432
27686,62525206.jpg,Two men on their laptops not talking to each other.,138433
27686,62525206.jpg,Two men working on two laptops.,138434
1430,1420461308.jpg,A group of five young people are sitting and relaxing on some stairs.,7150
1430,1420461308.jpg,Teenagers wearing jeans and sweatshirts are sitting on steps.,7151
1430,1420461308.jpg,Five teenagers sitting on concrete steps.,7152
1430,1420461308.jpg,People are sitting and lying on steps.,7153
1430,1420461308.jpg,A group of youths sit on a staircase.,7154
6588,254119388.jpg,A young man wearing a striped shirt and blue jeans is laying down on a basketball court.,32940
6588,254119388.jpg,Three young males sitting on a basketball court at night,32941
6588,254119388.jpg,Three boys lounge on an outdoor basketball court.,32942
6588,254119388.jpg,Three boys sit on a wet basketball court.,32943
6588,254119388.jpg,Three guys relaxing on basketball court.,32944
8380,2774430374.jpg,"A little boy holds a bat waiting for the pitch on a tiled outdoor area wearing a red shirt, white shorts, and blue flip-flops that are too big for him.",41900
8380,2774430374.jpg,A little boy playing baseball outside wearing flip-flops.,41901
8380,2774430374.jpg,A small boy wearing a red shirt swinging a baseball bat,41902
8380,2774430374.jpg,A young boy gets ready to swing his baseball bat.,41903
8380,2774430374.jpg,A little boy preparing to hit a baseball,41904
27530,618292739.jpg,A woman in tight jeans and a long-sleeved top in front of a line of yellow flowers and a slightly cloudy skyline.,137650
27530,618292739.jpg,Woman with long hair walking in a field of grass and goldenrod.,137651
27530,618292739.jpg,A girl is running towards a field of tall flowers.,137652
27530,618292739.jpg,A woman with long hair walking through a meadow,137653
27530,618292739.jpg,Girl walking in field with yellow flowers,137654
20572,460350019.jpg,A woman plays tug-of-war with her black dog in a brown landscape surrounded by trees.,102860
20572,460350019.jpg,A dog is pulling on one end of a rope and a girl is pulling on the other.,102861
20572,460350019.jpg,A black dog and a woman in a red shirt playing tug-of-war.,102862
20572,460350019.jpg,A woman plays with her rottweiler dog outside.,102863
20572,460350019.jpg,A woman and a dog playing outside,102864
14730,3559374748.jpg,The blue and gray vehicle is racing through the gravel.,73650
14730,3559374748.jpg,A person is in a race car on a track with a lot debri.,73651
14730,3559374748.jpg,A race car driver is driving his car through the mud.,73652
14730,3559374748.jpg,A blue and gray race car driving on a dirt track.,73653
14730,3559374748.jpg,A person driving a drag racer on dirt.,73654
5673,2429466917.jpg,"A man, dressed in black, sits while a female dances at his side.",28365
5673,2429466917.jpg,Older man and woman are in costume on stage during a performance.,28366
5673,2429466917.jpg,A woman giving a man in a chair a belly dance or a lap dance.,28367
5673,2429466917.jpg,A scantily clad woman dances around a seated man.,28368
5673,2429466917.jpg,Nightclub dancer showing her moves.,28369
4067,2222559267.jpg,A man in a black jacket is holding a little girl's hand while walking down the city street,20335
4067,2222559267.jpg,The man in the black jacket is holding the little girl's hand as they pass a yellow sign.,20336
4067,2222559267.jpg,A man and little girl walk next to a sign about crime.,20337
4067,2222559267.jpg,A man and girl hold hands walking down the street.,20338
4067,2222559267.jpg,A man and a little girl walking down the street.,20339
15786,3690107455.jpg,A woman is climbing a rocky hill overshadowed by a partly cloudy sky.,78930
15786,3690107455.jpg,Woman in black sports bra and shorts standing on an rocky elevation.,78931
15786,3690107455.jpg,A woman walks across a large rock.,78932
15786,3690107455.jpg,A woman nears a cliff's edge.,78933
15786,3690107455.jpg,Woman walking on the rocks.,78934
5861,2450299735.jpg,A little girl in a white shirt sliding down a green slide splashing into a blue baby pool.,29305
5861,2450299735.jpg,A child slides down a slide and into the water.,29306
5861,2450299735.jpg,A little girl splashes in a pool of water.,29307
5861,2450299735.jpg,Little girl slides down in the pool.,29308
5861,2450299735.jpg,A girl sliding into a pool,29309
23871,4871515558.jpg,A young woman about to take a drink from her beverage while sitting in front of flowers.,119355
23871,4871515558.jpg,A young lady sits in front of Begonias and Dusty Miller twisting open a bottled drink.,119356
23871,4871515558.jpg,A young girl in a pink tank top is holding her drink and staring at the camera.,119357
23871,4871515558.jpg,A young lady is sitting in a floral setting with a sports drink in hand.,119358
23871,4871515558.jpg,Girl in pink shirt posing in the garden.,119359
8441,2782247529.jpg,A girl in a striped black and white sweater holds on to her friend who is bent over wearing a hooded black sweater and torn blue jeans.,42205
8441,2782247529.jpg,Three people are getting their picture taking as one is bent over.,42206
8441,2782247529.jpg,3 girls imitating a sexual position at a party,42207
8441,2782247529.jpg,People are at a party and holding drinks.,42208
8441,2782247529.jpg,A few girls dancing and having fun.,42209
5566,2419569803.jpg,A blond woman wearing a pink tank top is singing into a microphone with musicians in the background at a venue with a brick wall.,27830
5566,2419569803.jpg,A woman with blond-hair and wearing a pink top is singing in a club.,27831
5566,2419569803.jpg,A blond lady in a pink shirt is singing in front of a brick wall.,27832
5566,2419569803.jpg,A woman in a pink shirt sings at Paul Colby's The Bitter End.,27833
5566,2419569803.jpg,Women holding microphone singing in bar.,27834
26083,5364849864.jpg,"Players from two hockey teams, one in black jerseys and one in white, fight over a puck on an ice rink as a referee and audience look on.",130415
26083,5364849864.jpg,A hockey player in a black jersey is going after the puck while being surrounded by hockey players in white jerseys.,130416
26083,5364849864.jpg,A hockey played wearing a black jersey is surrounded by hockey players with white jerseys.,130417
26083,5364849864.jpg,A Hockey game features the white team against the black team.,130418
26083,5364849864.jpg,Boston Bruins and Pittsburgh Penguins playing ice hockey.,130419
29628,7558565322.jpg,"A band made up of a guitarist, bass guitarist, drummer, and female vocalist performs at a well lit venue.",148140
29628,7558565322.jpg,A woman is singing in a band with two men playing guitars and a man playing drums.,148141
29628,7558565322.jpg,"A four person band, one female and three males are performing on a stage.",148142
29628,7558565322.jpg,A band consisting of one female and three males plays during the day.,148143
29628,7558565322.jpg,The band performs on a naturally lit stage.,148144
3620,2147866213.jpg,A man wearing glasses and with a beer in his left hand and his dog in his right hand being seated in a love seat.,18100
3620,2147866213.jpg,A man wearing glasses is seated holding a small dog on a leash and a long neck bottle,18101
3620,2147866213.jpg,A man holds a dog and a beer while sitting in a floral armchair.,18102
3620,2147866213.jpg,A man is sitting in a chair with his dog and a beer in hand.,18103
3620,2147866213.jpg,A man is sitting with his brown and white dog.,18104
15233,3620715620.jpg,"A man sitting on a curb wearing a blue vest and red hat, facing away from the camera.",76165
15233,3620715620.jpg,A man in a red hat and blue shirt sits on the curb next to a tree.,76166
15233,3620715620.jpg,"A man is sitting on a curb by a tree, just outside of a building.",76167
15233,3620715620.jpg,A tree limb has fallen across the sidewalk near the pavilion.,76168
15233,3620715620.jpg,A man is outside sitting next to a tree and bushes.,76169
13233,3380643902.jpg,A skateboarding boy touches his hands to the ground with a long hill in the background.,66165
13233,3380643902.jpg,"Boy skateboarding on residential street, falling farward with hands on the ground.",66166
13233,3380643902.jpg,A man wearing a blue and black striped shirt skateboarding down a steap street,66167
13233,3380643902.jpg,The skateboarder is turning around while holding onto the ground.,66168
13233,3380643902.jpg,A longboarder catches himself before hitting the ground.,66169
28281,6739641349.jpg,A woman in a blue hat and gray sweatshirt sits with a dark-haired female doctor while she has an IV in her hand.,141405
28281,6739641349.jpg,A woman wearing a sweatshirt and cap chats with a healthcare provider while receiving intravenous medicine.,141406
28281,6739641349.jpg,The doctor is talking to the patient who is hooked up and receiving medication.,141407
28281,6739641349.jpg,A female doctor is talking to an elderly patient having tests run.,141408
28281,6739641349.jpg,A doctor is talking with a patient.,141409
19023,4427058951.jpg,A man who is riding a wild horse in the rodeo is very near to falling off.,95115
19023,4427058951.jpg,A cowboy on a bucking bronco in the process of being thrown off the back.,95116
19023,4427058951.jpg,A man is about to fall off his horse in a rodeo contest.,95117
19023,4427058951.jpg,A bucking bronco causes a rodeo rider to lose his grip.,95118
19023,4427058951.jpg,A man doing rodeo riding.,95119
28690,6926577156.jpg,"Intense basketball game while Los Angeles player dressed in red reaches for the hoop while the other team, wearing a white uniform, and fans look intently on.",143450
28690,6926577156.jpg,"A basketball game is occurring, and three men in white jerseys are watching a man in a red, Los Angeles jersey dunk the basketball.",143451
28690,6926577156.jpg,Basketball player attempts to dunk the basketball while being surrounded by three members of the opposing team.,143452
28690,6926577156.jpg,"Blake Griffin, of the Los Angles Clippers dunking over a Minnesota Grizzles player.",143453
28690,6926577156.jpg,A basketball player is making a jamming the ball in the basket,143454
10283,3027581993.jpg,"A person who is standing next to a motorcycle and waving in front of a small building, is dressed in pants, a jacket and a red scarf covering most of the face.",51415
10283,3027581993.jpg,"A person trying to disguise his face with a red scarf, standing next to a motorcycle holding his hand up, outside of a small grocer.",51416
10283,3027581993.jpg,A person wearing a red scarf and a black jacket is standing in front of a small roadside shop next to a motorcycle and waving.,51417
10283,3027581993.jpg,A young man standing next to his motorcycle in a poor side of town waving to camera.,51418
10283,3027581993.jpg,The man on the side of the road in his black jacket waves as we pass.,51419
19282,4451427540.jpg,A girl is drying herself with a red-blue towel on a deck after swimming.,96410
19282,4451427540.jpg,A woman who just got out of a pool and has a red and blue towel on.,96411
19282,4451427540.jpg,Young woman wrapped in blue and red towel after swimming.,96412
19282,4451427540.jpg,Girl who was swimming dries off in a red and blue towel,96413
19282,4451427540.jpg,A girl is toweling herself on a deck at the beach.,96414
8853,2842439618.jpg,A surfer in a black wetsuit catching a wave while another one tries to catch up with him.,44265
8853,2842439618.jpg,One surfer rides a wave while another surfer paddles at the base of the wave.,44266
8853,2842439618.jpg,A person is surfing on a wave while another person heads towards it.,44267
8853,2842439618.jpg,Someone is surfing along a wave with someone else swimming nearby.,44268
8853,2842439618.jpg,A person is standing on a surfboard and riding down a large wave.,44269
24946,4963233252.jpg,A man standing next to lots of vegetables with a woman in the background.,124730
24946,4963233252.jpg,An Asian man prepares his produce at his stand for the daily market.,124731
24946,4963233252.jpg,A man picking exotic fruits from an open-air market.,124732
24946,4963233252.jpg,An elderly man examines a display of fruit.,124733
24946,4963233252.jpg,A man and a woman at a marketplace.,124734
16708,3847186406.jpg,"There is one man in the foreground with a hammer, another is in the background, possibly doing the same work as the man in the foreground.",83540
16708,3847186406.jpg,Old man in third world country squats while working with a large hammer.,83541
16708,3847186406.jpg,A man kneels down to hammer rock outside in the sun.,83542
16708,3847186406.jpg,Two people are working outside in the sun.,83543
16708,3847186406.jpg,Elderly man bends down to hammer.,83544
11003,3118273741.jpg,A dirty dog is lying on the pavement in a building with a green wall.,55015
11003,3118273741.jpg,A dog takes a nap in the middle of a busy alley.,55016
11003,3118273741.jpg,A sheep on the floor of an industrial building.,55017
11003,3118273741.jpg,There is a sheep lying on the ground.,55018
11003,3118273741.jpg,A dog sleeping in an alley.,55019
3528,2128343049.jpg,A man with a ponytail sitting before an important man with a crown,17640
3528,2128343049.jpg,A man in a yellow outfit is addressing a room of people.,17641
3528,2128343049.jpg,A monk shows visitors one of his possessions.,17642
3528,2128343049.jpg,An older man in yellow holds a figurine.,17643
3528,2128343049.jpg,An old monk inspects a golden relic.,17644
7259,2630507245.jpg,A greyhound dog is running through a turn on a muddy track.,36295
7259,2630507245.jpg,The racing greyhound is running on the racetrack.,36296
7259,2630507245.jpg,The dog with the racing number is in mid-jump,36297
7259,2630507245.jpg,A fast running Greyhound during a race.,36298
7259,2630507245.jpg,Racing Greyhound dog wearing number 8.,36299
22861,479807833.jpg,A man wearing a helmet and safety suit goes uphill over rocks on a dirt bike.,114305
22861,479807833.jpg,A man wearing protective gear riding a dirt bike up a rocky hill.,114306
22861,479807833.jpg,A dirt biker rides up a rocky hill on a motorized dirt bike.,114307
22861,479807833.jpg,A person on a motorcycle going uphill on rocky terrain,114308
22861,479807833.jpg,An off road motorbike climbs a rocky hill.,114309
1416,1417637704.jpg,Two small children pop their heads out of the trunk of a car in cold weather.,7080
1416,1417637704.jpg,Two children with brown hair in a trunk of a car.,7081
1416,1417637704.jpg,Two small children sitting in the trunk of a car.,7082
1416,1417637704.jpg,Two young children sitting in the trunk of a car,7083
1416,1417637704.jpg,Two children peek out.,7084
970,131254736.jpg,Two men near railroad tracks with a caboose coming by.,4850
970,131254736.jpg,Two men are standing beside the train tracks.,4851
970,131254736.jpg,A railroad worker is checking the tracks.,4852
970,131254736.jpg,Two men in orange work on train tracks.,4853
970,131254736.jpg,Two men are working on train tracks.,4854
381,112604461.jpg,Two men work together to attach pieces of wood in a room set up for carpentry.,1905
381,112604461.jpg,Two men are working on a wooden structure in their warehouse.,1906
381,112604461.jpg,Two men are working on a carpentry project with hand tools.,1907
381,112604461.jpg,Two men are working on putting together a wooden frame.,1908
381,112604461.jpg,Two men are building something out of wood.,1909
27580,6201295346.jpg,"Two professional soccer players, one dressed in red top and black shorts, the other in blue top and white shorts, compete for control of ball.",137900
27580,6201295346.jpg,A white man in a blue uniform is pushing away a black man in a red uniform while the two play soccer on a green field.,137901
27580,6201295346.jpg,"Two soccer players, one wearing red and one wearing blue, playing soccer against each other.",137902
27580,6201295346.jpg,The red and blue soccer players are trying to get to the ball first to score a goal.,137903
27580,6201295346.jpg,Two soccer players are competing for the ball during a game.,137904
25464,5090324042.jpg,"This man holds a teddy bear by the nostrils with one hand, and a microphone in the other.",127320
25464,5090324042.jpg,A man speaking into a microphone with his fingers in a teddy bears nose.,127321
25464,5090324042.jpg,A musician is singing on stage in front of a crowd with a stuffed bear.,127322
25464,5090324042.jpg,A rock singer belts out a tune while holding a menacing stuffed bear.,127323
25464,5090324042.jpg,A man is singing on stage with his fingers in a stuffed bear's nose.,127324
20910,4636445159.jpg,A woman looks at her phone while carrying a flowered bag.,104550
20910,4636445159.jpg,A knitted-beret wearing woman on her cellular device.,104551
20910,4636445159.jpg,A woman in an orange scarf holds a white cellphone.,104552
20910,4636445159.jpg,Woman wearing an orange scarf holding a cellphone.,104553
20910,4636445159.jpg,A woman with a large purse checks her phone.,104554
11202,3146533782.jpg,A man and woman dancer are on stage in the middle of a move that involves the woman leaning backward and the man leaning forwards and over her while holding her up.,56010
11202,3146533782.jpg,A man with an open blue shirt is performing a dance move with a woman in purple that entails the woman bending backwards while the man holds her.,56011
11202,3146533782.jpg,"A young man and woman demonstrating a difficult, and compromising dance pose.",56012
11202,3146533782.jpg,A male and a female dancing on a stage.,56013
11202,3146533782.jpg,A couple dancing during a competition.,56014
15749,3684680947.jpg,A girl holding a bag walks down the street in front of the chief justice's office.,78745
15749,3684680947.jpg,A child carrying something in their shirt walks in the rain on the street.,78746
15749,3684680947.jpg,A boy in a red shirt walks down the street through heavy rain.,78747
15749,3684680947.jpg,A boy walks in the rain with tennis balls in his shirt.,78748
15749,3684680947.jpg,A boy in yellow walks down the street.,78749
13691,3437781040.jpg,An ice hockey player in red is challenging the player in white for the puck.,68455
13691,3437781040.jpg,Two hockey players try to get control of the puck as the referee looks on.,68456
13691,3437781040.jpg,The goalie has come out of the goal to steal the puck from the other team.,68457
13691,3437781040.jpg,Two hockey players trying to get the puck.,68458
13691,3437781040.jpg,Two athletes playing in a hockey game.,68459
10962,3111502208.jpg,"A blue uniformed rollerskater is struggling for the lead against a long-haired, tattooed and red uniformed rollerskater.",54810
10962,3111502208.jpg,Two girls are battling it out in a roller derby race with other competitors and the referee behind them.,54811
10962,3111502208.jpg,Two women pushing each other during a rollerskating competition.,54812
10962,3111502208.jpg,Two women in a roller derby bash into each other.,54813
10962,3111502208.jpg,Two women on rollerskates are grappling.,54814
13944,3470711198.jpg,A man with a white shirt holds a water bottle as he looks over a bridge at the water.,69720
13944,3470711198.jpg,A man drinking bottled water stands looking off of a bridge.,69721
13944,3470711198.jpg,A group of people stop on a bridge overlooking a river.,69722
13944,3470711198.jpg,People stop to take in the scenery of the bridge.,69723
13944,3470711198.jpg,Men standing on a bridge over water.,69724
2233,170719224.jpg,A woman in a peach colored shirt walks past a train.,11165
2233,170719224.jpg,People walking on a sidewalk past a parked train.,11166
2233,170719224.jpg,A lot of people are walking near a train.,11167
2233,170719224.jpg,A crowd of people walk next to a train.,11168
2233,170719224.jpg,"People walking at train dock, dock 5.",11169
2277,17314123.jpg,A young boy of Latin American origins wearing shorts and seated on a matte on the ground seems to be unpacking a container of tropical fruits.,11385
2277,17314123.jpg,A child looks up at the photographer as he's cutting lemons and limes.,11386
2277,17314123.jpg,"A cut little boy, looks like he is bagging up veg and fruit.",11387
2277,17314123.jpg,Young man peeling lemon with a knife into a red basket.,11388
2277,17314123.jpg,A young boy going through a vegetable bin.,11389
11102,3131386286.jpg,An elderly woman walks down a path holding two white bags.,55510
11102,3131386286.jpg,A woman carrying plastic bags walks down a scenic path.,55511
11102,3131386286.jpg,There is a lady walking with bag possibly groceries,55512
11102,3131386286.jpg,Someone walking down a path in the woods.,55513
11102,3131386286.jpg,A woman walking home with her groceries.,55514
21076,465129973.jpg,A young boy wearing rubber boots dark shorts and a checkered shirt is lying down sleeping on stacks of yellow metal guard rails.,105380
21076,465129973.jpg,"A young black boy with a striped shirt, black shorts and black rain boots laying on a row of yellow street barriers.",105381
21076,465129973.jpg,A boy lies across gates stacked against each other in a park.,105382
21076,465129973.jpg,This young boy is resting on top of the stacked barricades.,105383
21076,465129973.jpg,A man sleeps on a stack of folding carts in a park.,105384
15958,3711253664.jpg,Man with a baby strapped to his chest looking off into the distance.,79790
15958,3711253664.jpg,The man in dark clothes and glasses sat on the rock with the baby.,79791
15958,3711253664.jpg,A baby stands on a rock while being supported in a carrier.,79792
15958,3711253664.jpg,A father watching over his baby while sitting on a rock.,79793
15958,3711253664.jpg,A man holding a baby is sitting on a rock outside.,79794
3914,2200901777.jpg,"A young woman with light brown hair wearing a red beaded neclace, a Gonzaga sweatshirt and earrings stands smiling.",19570
3914,2200901777.jpg,A teenager is wearing a gray hooded top and some red beads around her neck.,19571
3914,2200901777.jpg,"Young blond woman with red beads, gray sweatshirt marked GONTAGA.",19572
3914,2200901777.jpg,A girl with a Gonzaga sweatshirt and red beads smiles.,19573
3914,2200901777.jpg,A closeup of a teenage girl wearing red beads.,19574
8738,2830559877.jpg,"An elderly woman is watching a lady in a green shirt and her son, in a red shirt, play on the floor.",43690
8738,2830559877.jpg,A grandmother is watching her daughter and grandson play with trains in a living room.,43691
8738,2830559877.jpg,"Grand mother, mother and children are enjoying their evening time.",43692
8738,2830559877.jpg,An older woman watches a younger woman play with a child.,43693
8738,2830559877.jpg,Mother and Grandmother playing with children.,43694
7520,266316342.jpg,"A woman in a purple sweater stands with her arms folded beside several pieces of luggage while two other women stand beside her, looking in her direction.",37600
7520,266316342.jpg,"Some girls are outside an airport with their bags waiting, while a woman on the right side is smoking.",37601
7520,266316342.jpg,A group of ladies stands outside a station with their luggage.,37602
7520,266316342.jpg,Women with their luggage waiting outside an airport terminal.,37603
7520,266316342.jpg,Three women waiting at the airport with their luggage.,37604
27517,6178836593.jpg,The cyclist makes another push to try and keep his position after slowly down to round a corner.,137585
27517,6178836593.jpg,Bicycle race in which a man with a red and white CCC uniform is leading,137586
27517,6178836593.jpg,Olympic bicyclists round a corner during competition.,137587
27517,6178836593.jpg,A man riding his bike looking ahead at finish line.,137588
27517,6178836593.jpg,Fast bicycle race in a foreign country.,137589
21656,4697178028.jpg,A woman dressed as a police officer stands in the middle of three women who appear to be dancing.,108280
21656,4697178028.jpg,Three women in matching black and yellow dresses and a woman with orange hair.,108281
21656,4697178028.jpg,Women dress up and rehearse for a performance.,108282
21656,4697178028.jpg,A group of girls at talent show.,108283
21656,4697178028.jpg,All these women are dancing.,108284
27266,6012139090.jpg,"One male wearing a blue jacket is singing, while another male wearing a white shirt is playing a tambourine and singing, and a third male also wearing a white shirt is playing a keyboard.",136330
27266,6012139090.jpg,"Three musicians standing on a stage, one is playing an instrument with a keyboard and the other two are singing into microphones.",136331
27266,6012139090.jpg,"Three men playing music on a stage, one is on the piano, one is singing, while the other is playing a drum with his hands.",136332
27266,6012139090.jpg,Two musicians and a singer are on a stage performing a song.,136333
27266,6012139090.jpg,A three-man band performs.,136334
30412,8155663151.jpg,A man in a green hat and white graphic tee stands near a woman in a black shirt with a scarf and watches a woman in a gray shirt dance.,152060
30412,8155663151.jpg,Youths dance together in a dark room with a British flag prominently displayed on the wall.,152061
30412,8155663151.jpg,A dozen people at a house party in a living room decorated with a British flag.,152062
30412,8155663151.jpg,People dancing in a room with a British flag hanging on the wall.,152063
30412,8155663151.jpg,Several people are dancing and partying together.,152064
24126,4895096008.jpg,Young toddler raking leaves in the outdoors.,120630
24126,4895096008.jpg,A little boy raking the leaves with a rake.,120631
24126,4895096008.jpg,A young boy in a red t-shirt rakes leaves.,120632
24126,4895096008.jpg,A little boy is raking leaves.,120633
24126,4895096008.jpg,A young boy raking leaves.,120634
16422,3790755587.jpg,A young girl bends down to her green pail which she is using to mop the tile floor.,82110
16422,3790755587.jpg,A small girl in a purple jacket is holding a mop and peering into a bucket.,82111
16422,3790755587.jpg,"A young girl, wearing a purple jacket, is holding a bucket and a mop.",82112
16422,3790755587.jpg,A young girl is using a mop and bucket on the floors.,82113
16422,3790755587.jpg,A kid trying to mop the floor,82114
23211,4821904419.jpg,A lady in a black shirt is standing in a crowd with a rolled up piece of paper in her hands.,116055
23211,4821904419.jpg,A woman in a black shirt stands amidst a gathering of people.,116056
23211,4821904419.jpg,A woman at an outdoor event holds a brochure in her hand.,116057
23211,4821904419.jpg,A woman in black looks concerned about something.,116058
23211,4821904419.jpg,A woman looks off to her right in a crowd.,116059
12443,3288274849.jpg,A snowboarder is going down a snowy hill next to a staircase behind a building.,62215
12443,3288274849.jpg,Person snowboarding on hill near snow covered stairs with buildings nearby.,62216
12443,3288274849.jpg,A person jumping down a hill on his snowboard in the winter,62217
12443,3288274849.jpg,A snowboarder goes down a short hill next to stairs.,62218
12443,3288274849.jpg,A snowboarder glides down a stair rail.,62219
9051,2868652721.jpg,A woman in a red shirt and glasses leans out an order window next to a tall chef statue and a famous sign.,45255
9051,2868652721.jpg,A senior is waiting at the window of a restaurant that serves sandwiches.,45256
9051,2868652721.jpg,An elderly woman is working at a concession stand.,45257
9051,2868652721.jpg,A Food Service Worker sitting on the Counter.,45258
9051,2868652721.jpg,A counter person looks on at a food court.,45259
6423,2526752524.jpg,A boy in a white shirt and black shorts is throwing a green Frisbee.,32115
6423,2526752524.jpg,A man wearing a white shirt tosses a frisbee in the park.,32116
6423,2526752524.jpg,A man in a white shirt is playing with a Frisbee.,32117
6423,2526752524.jpg,A man throws a green Frisbee under a tree.,32118
6423,2526752524.jpg,A man throws a green frisbee in a park.,32119
18975,441176884.jpg,A man has his eyes closed while checking for something in the wheel of a car on a repo truck.,94875
18975,441176884.jpg,A man in a brown jacket has his hand in the wheel-well of a white car in tow.,94876
18975,441176884.jpg,A man preparing a white volkswagen to be towed by a AAA certified tow-truck.,94877
18975,441176884.jpg,A man towing a car reaches around a tire to make sure that it is secure.,94878
18975,441176884.jpg,A man appears to be loading a car towing mechanism.,94879
7267,2631392326.jpg,"With white headphones, a bearded young man in a yellow and black outfit rides a bike for SelektMail",36335
7267,2631392326.jpg,A man in a yellow jacket rides a yellow bike laden with several packages on the street.,36336
7267,2631392326.jpg,A man in a yellow and black jacket is sitting on a yellow bicycle.,36337
7267,2631392326.jpg,A man in a yellow jacket and black hat siting on a yellow bike.,36338
7267,2631392326.jpg,"In this photo, a man is delivering something on his bike.",36339
10754,3088922727.jpg,A man in a suit and top hat and a woman in a blue Victorian dress sitting outside at a table.,53770
10754,3088922727.jpg,A man and woman dressed in old fashion clothing sit outside at a table.,53771
10754,3088922727.jpg,A man and a woman sit by a small table in colonial clothing.,53772
10754,3088922727.jpg,A couple in old fashioned clothes sitting at a table outside,53773
10754,3088922727.jpg,A couple in old clothing at an outdoor table.,53774
6972,2591573567.jpg,A young swimmer with a yellow hairnet touching the wall.,34860
6972,2591573567.jpg,Two children in swim caps have a race in a pool.,34861
6972,2591573567.jpg,A girl in a yellow hat is swimming with a boy.,34862
6972,2591573567.jpg,Two young children in a swimming pool.,34863
6972,2591573567.jpg,A boy and girl play in a pool.,34864
8613,2809338182.jpg,"From the inside of a car, a verdant neighborhood and a man on a tractor pulling a fallen tree are visible.",43065
8613,2809338182.jpg,A man is pulling a tree with his tractor through town.,43066
8613,2809338182.jpg,A man on a riding lawn mower is pulling a tree.,43067
8613,2809338182.jpg,A man is riding a lawn mower on the street.,43068
8613,2809338182.jpg,A man on a lawn mower drives past a car.,43069
12609,3313188616.jpg,2 tourists are being photographed in front of a tourist attraction.,63045
12609,3313188616.jpg,Tourists taking a picture in front of a building.,63046
12609,3313188616.jpg,A man taking a picture of a woman and young boy.,63047
12609,3313188616.jpg,"Tourists visiting a landmark, taking pictures.",63048
12609,3313188616.jpg,Tourists at an islamic temple on a sunny day.,63049
2871,200269546.jpg,"Two boys, one with blue swim trunks and one with red swim trunks are standing on the beach.",14355
2871,200269546.jpg,Two children standing in swimwear standing together in the sand.,14356
2871,200269546.jpg,Two boys are standing on sand next to an overturned chair.,14357
2871,200269546.jpg,Two little boys are hanging out on a beach.,14358
2871,200269546.jpg,They are on the beach in swimming suits.,14359
28746,6948564341.jpg,A hockey player in white tries to make a goal while two players in blue defend their net.,143730
28746,6948564341.jpg,Hockey players playing hocking during a game.,143731
28746,6948564341.jpg,Several men are playing a game of hockey.,143732
28746,6948564341.jpg,Three males are playing hockey.,143733
28746,6948564341.jpg,Hockey player takes the puck.,143734
9812,2965734920.jpg,"A little girl in blue jeans and a multicolored apron is inside, looking at a flower.",49060
9812,2965734920.jpg,A little girl in a striped smock and blue jeans playing with a flower.,49061
9812,2965734920.jpg,Small girl in a colorful shirt looking at a flower in a living room.,49062
9812,2965734920.jpg,A little girl in a colorful shirt holding a flower.,49063
9812,2965734920.jpg,A little girl in a colorful shirt is standing.,49064
3152,2075321027.jpg,A man wearing a beret rides his bicycle on a recreation trail.,15760
3152,2075321027.jpg,Closeup of a man cycling down a road lined with boulders.,15761
3152,2075321027.jpg,A man in a beret rides a bicycle down the street.,15762
3152,2075321027.jpg,"An old man, with a gray beard, riding his bike",15763
3152,2075321027.jpg,Man wearing a beret riding a bicycle,15764
26408,5506385451.jpg,A young preteen girl of Asian heritage is floating inside a large bowl in a body of water using an oar.,132040
26408,5506385451.jpg,A young girl in a green hat holds a paddle while she sits in a container surrounded by water.,132041
26408,5506385451.jpg,A young girl floats in water in bowl-like vessel and propels herself with a paddle.,132042
26408,5506385451.jpg,A little girl in a white tub holds a wooden object into the water.,132043
26408,5506385451.jpg,A young girl floating in a basin in a body of water.,132044
15680,3675742996.jpg,"The blond little girl picks flowers in a field, wearing a white dress with flowers on it.",78400
15680,3675742996.jpg,A little blond girl in a flowery dress among white flowers.,78401
15680,3675742996.jpg,A child in a flower print dress is in a field of flowers.,78402
15680,3675742996.jpg,"A young, blond girl picking flowers in a grassy field.",78403
15680,3675742996.jpg,A young girl in a field of white flowers.,78404
3191,208053776.jpg,These people are sitting down in chairs watching a game.,15955
3191,208053776.jpg,Spectators at a baseball game shading their eyes.,15956
3191,208053776.jpg,A group of people sit behind a chain-link fence.,15957
3191,208053776.jpg,Four people looking through a fence at something.,15958
3191,208053776.jpg,3 males and 1 woman enjoying a sporting event,15959
22858,4797991515.jpg,An old man in a pink polo looks through a telescope with a small child standing next to him while others stand with their telescopes in the background.,114290
22858,4797991515.jpg,"People have gathered together on a lawn to view something with telescopes, possiblly for scientific purposes.",114291
22858,4797991515.jpg,A woman looks through a telescope near a monument as a child looks toward the camera.,114292
22858,4797991515.jpg,"Man tests telescope while little boy looks on, as they stand in a memorial park.",114293
22858,4797991515.jpg,A man looking through a telescope as a child watches.,114294
20135,4552850835.jpg,"A person dressed in black, standing in the doorway of a big cement building.",100675
20135,4552850835.jpg,A person in a white hat stands in the doorway of a white concrete building.,100676
20135,4552850835.jpg,There is a man standing in the doorway and in front of a tree.,100677
20135,4552850835.jpg,It is hard to see this person standing under a tall tree.,100678
20135,4552850835.jpg,The person is standing in the doorway beneath the tree.,100679
22555,476772350.jpg,Man in suede jacket plays the electric guitar.,112775
22555,476772350.jpg,A man in a brown leather jacket plays guitar.,112776
22555,476772350.jpg,An average looking man is playing the guitar.,112777
22555,476772350.jpg,A man in a brown jacket playing a guitar.,112778
22555,476772350.jpg,A man playing a guitar at a live event.,112779
11848,3217291172.jpg,Two men are standing together in front of a white brick building.,59240
11848,3217291172.jpg,Two black males are posing for a picture with winter clothes on.,59241
11848,3217291172.jpg,Two men with glasses stand outside a stone building in the cold.,59242
11848,3217291172.jpg,Two african-Americans stand in front of the building.,59243
11848,3217291172.jpg,Two men are posing for a picture.,59244
7945,271809294.jpg,A man wearing a red life jacket is holding onto a rope coming down off a ship.,39725
7945,271809294.jpg,Worker dragging a rope attached to what seems to be a boat.,39726
7945,271809294.jpg,A maritime worker carries a rope from a large ship.,39727
7945,271809294.jpg,A man pulling a boat rope along the dock.,39728
7945,271809294.jpg,A worker carries a cable.,39729
13661,3433944385.jpg,Several people standing and sitting in a classroom or meeting room.,68305
13661,3433944385.jpg,Several people listening to a woman in a office or classroom,68306
13661,3433944385.jpg,A man is speaking to a group of people in a classroom.,68307
13661,3433944385.jpg,Several young men having a discussion around a table.,68308
13661,3433944385.jpg,A man is standing and discussing with his colleagues,68309
10733,3086676257.jpg,A woman with glasses and short blond-hair is holding a newborn baby in a hospital room.,53665
10733,3086676257.jpg,A woman in a hospital bed hugging a newborn baby.,53666
10733,3086676257.jpg,A woman in a hospital bed holds her newborn baby.,53667
10733,3086676257.jpg,A woman is holding her baby in a hospital room.,53668
10733,3086676257.jpg,A lady holds a baby in a hospital room.,53669
1464,1428925375.jpg,"Person standing atop of a plateau, sun setting along the puffy white clouds over the horizon, above the blue ocean.",7320
1464,1428925375.jpg,A person stands outside near the water underneath a sky of setting sun and clouds.,7321
1464,1428925375.jpg,A person standing on some rocks near a large body of water.,7322
1464,1428925375.jpg,A person standing on land overlooking water.,7323
1464,1428925375.jpg,A man fishing off a pier at sunset.,7324
11449,3176277818.jpg,Many people in warm clothing crowd around carnival games indoors.,57245
11449,3176277818.jpg,Many people playing colorful carnival games.,57246
11449,3176277818.jpg,This marketplace is very busy.,57247
11449,3176277818.jpg,A man walks through an arcade.,57248
11449,3176277818.jpg,Young people in a busy arcade,57249
6547,2537702182.jpg,A group of construction workers wearing orange vests are working along side of a train.,32735
6547,2537702182.jpg,Several construction workers in orange vests and white hard hats work near a train.,32736
6547,2537702182.jpg,"Construction workers, wearing orange vests, working on a project next to a train.",32737
6547,2537702182.jpg,Several construction workers atop a structure.,32738
6547,2537702182.jpg,Construction workers toil on in a trench.,32739
11081,3127793607.jpg,A young child in baggy blue pants is running away from the fire in the background.,55405
11081,3127793607.jpg,A boy standing next to a small field fire and a boy running away from it.,55406
11081,3127793607.jpg,A young boy walking away from a fire pit holding his blue jeans up.,55407
11081,3127793607.jpg,Two young boys in pants and a shirt walk along a dirt road.,55408
11081,3127793607.jpg,A small boy runs past a fire in a field.,55409
27788,630476551.jpg,A young child is splashed by the ocean's waves while she plays on the beach.,138940
27788,630476551.jpg,A child is playing on the beach splashing water everywhere.,138941
27788,630476551.jpg,A girl splashing in a wave at the beach.,138942
27788,630476551.jpg,A girl plays on the shore at the beach.,138943
27788,630476551.jpg,A child is splashing in the surf.,138944
29702,760702109.jpg,"A bald man with a tremendous gray beard sits behind a white van, before a building that says ""Peter Stevens MotorCycles : Service Department"".",148510
29702,760702109.jpg,An older man with a long gray beard sits on a flatbed.,148511
29702,760702109.jpg,Man with a gray beard sitting behind his car.,148512
29702,760702109.jpg,A man with a beard sitting near a garage.,148513
29702,760702109.jpg,A bearded man sits near a white van.,148514
20300,4567351655.jpg,"People are waiting for something in the rain, holding umbrellas.",101500
20300,4567351655.jpg,A lady dressed in black has a purple umbrella in her right hand.,101501
20300,4567351655.jpg,A woman with a purple umbrella is staring in the distance.,101502
20300,4567351655.jpg,A woman holds a purple umbrella in the rain.,101503
20300,4567351655.jpg,A woman by a fountain enjoying the sites.,101504
10594,3068680698.jpg,"Black children are playing a game, perhaps meant to scare someone - one with orange hands and seeing to be coming to get you as others smile in the background.",52970
10594,3068680698.jpg,An African boy in traditional clothing accompanied by two other boys and a woman,52971
10594,3068680698.jpg,"Group of children, three boys, one girl making faces toward camera.",52972
10594,3068680698.jpg,Several African American children posing for the camera.,52973
10594,3068680698.jpg,African children make funny faces at the camera.,52974
8593,2807209904.jpg,A group of police officers patroling the streets with a building in the background,42965
8593,2807209904.jpg,A group of policemen are standing outside of a building.,42966
8593,2807209904.jpg,A group of police officers outside a city building.,42967
8593,2807209904.jpg,A group of policeman in front of a glass building,42968
8593,2807209904.jpg,Policemen are gathered around a glass building.,42969
11694,3201943535.jpg,A man with a hat on and sleeves rolled up is working on the back tire of his bike.,58470
11694,3201943535.jpg,A biker is attempting to fix his bike in a mountainous area.,58471
11694,3201943535.jpg,A man in a blue hat is fixing the gears on his bike,58472
11694,3201943535.jpg,A man in a green shirt is fixing a bicycle chain,58473
11694,3201943535.jpg,A man in the hot desert fixes his bike.,58474
3557,213435930.jpg,"Two men, one in a dark blue shirt and one in a light-colored shirt, are working on a bicycle.",17785
3557,213435930.jpg,"Two men are working on a bike, one is in a blue shirt, the other in a white shirt.",17786
3557,213435930.jpg,Two men are working on gray bike that is up on some type of hoist.,17787
3557,213435930.jpg,Two men work on a bicycle in a garage.,17788
3557,213435930.jpg,Two boys are fixing this bicycle.,17789
19069,44341044.jpg,This man in 2 gray shirts holding a red cup is sitting on the sofa and watching the other people move about the room.,95345
19069,44341044.jpg,"Bunch of guys have a great party time, some are busy in chatting with their buddies.",95346
19069,44341044.jpg,The man is sitting on a couch drinking from a red cup.,95347
19069,44341044.jpg,A man reflects during a moment at a social gathering.,95348
19069,44341044.jpg,A group of people are in a room together.,95349
21427,4683961369.jpg,A man wearing blue jeans and sneakers walks under a green awning that extends from a store.,107135
21427,4683961369.jpg,A man in a khaki jacket and ball cap walks down the street.,107136
21427,4683961369.jpg,A man walking down the sidewalk under a green awning.,107137
21427,4683961369.jpg,A man in a blue cap walking down a sidewalk.,107138
21427,4683961369.jpg,A man wearing jeans walking down a sidewalk.,107139
28319,6773823152.jpg,"These two roller derby teams are competing for the most points, the blue team is in the lead currently.",141595
28319,6773823152.jpg,Six people in tank tops and helmets are rollerskating while two referees look on in the background.,141596
28319,6773823152.jpg,"There is a competitive game on rollerskates, the teams seem to be chasing another player.",141597
28319,6773823152.jpg,"A group of people are rollerskating in blue, white, and black colored clothing.",141598
28319,6773823152.jpg,Group of people playing family rollerskate tag.,141599
20888,463475838.jpg,A crowd of Asian people standing in line to buy tickets at the window.,104440
20888,463475838.jpg,Many people waiting in long lines to get buy tickets.,104441
20888,463475838.jpg,People standing in line in a crowded place.,104442
20888,463475838.jpg,Group of people in a queue.,104443
20888,463475838.jpg,Large crowd in a terminal.,104444
3246,2088748696.jpg,Two shirtless Asian males playing table tennis outdoors in front of a building with barred windows on a brick platform and one parked bicycle nearby with shirts over the handlebar.,16230
3246,2088748696.jpg,"Two men, without any shirts on, are playing table tennis",16231
3246,2088748696.jpg,Two shirtless Asian men playing table tennis.,16232
3246,2088748696.jpg,Two shirtless men playing ping-pong.,16233
3246,2088748696.jpg,Two men play a game of ping-pong.,16234
8569,2803058589.jpg,A boy wearing red swim trunks is playing in the water at the beach.,42845
8569,2803058589.jpg,Young child is splashing and playing at the beach.,42846
8569,2803058589.jpg,A small boy playing in the Ocean next to a pier.,42847
8569,2803058589.jpg,Boy with red shorts getting soaked with water.,42848
8569,2803058589.jpg,Boy in red shorts playing in waves at beach.,42849
7695,2687977103.jpg,A man in a white t-shirt is talking with another man in an orange shirt near a stone building with another man talking to someone in the car.,38475
7695,2687977103.jpg,A man in a white t-shirt leans on a car while gesticulating to a confused man in an orange t-shirt.,38476
7695,2687977103.jpg,A guy in a blue shirt next to a man in a white shirt who is looking at a guy in an orange shirt.,38477
7695,2687977103.jpg,Three men wearing different color shirts are talking in front of a multi-arched brick building.,38478
7695,2687977103.jpg,Gay tourist giving directions to fellow gay men.,38479
730,124881487.jpg,Blurry picture of mountain biker descending rocky trail.,3650
730,124881487.jpg,The mountain biker in blue rides down a rocky path.,3651
730,124881487.jpg,A man rides his dirt bike down a rocky trail.,3652
730,124881487.jpg,A man on bicycle riding down a rocky hill.,3653
730,124881487.jpg,A person rides a bike down a rocky hill.,3654
28343,6784757122.jpg,A jockey rides her pale and mottled horse through some jumps; one of the obstacles takes the shape of a pair of old-fashioned Coke bottles.,141715
28343,6784757122.jpg,A long-haired lady performs in an equestrian event by the sea side.,141716
28343,6784757122.jpg,A young woman jumping her horse in competition near the ocean.,141717
28343,6784757122.jpg,A woman riding a horse with the ocean in the background.,141718
28343,6784757122.jpg,A woman is riding a horse along the shore.,141719
8521,2796095711.jpg,Woman in gypsy outfit plays the saw as a musical instrument.,42605
8521,2796095711.jpg,A lady in a fancy old time dress is playing music on a saw.,42606
8521,2796095711.jpg,A woman in an ethnic dress is playing an instrument.,42607
8521,2796095711.jpg,A costumed woman plays an instrument on a bench.,42608
8521,2796095711.jpg,A woman in a costume plays a saw.,42609
14060,3481884992.jpg,Man catching a large wave on a surfboard.,70300
14060,3481884992.jpg,A man in a black wetsuit on a surfboard.,70301
14060,3481884992.jpg,A surfer catches a good sized wave.,70302
14060,3481884992.jpg,A man in black surfs on a wave.,70303
14060,3481884992.jpg,A surfer is on a wave.,70304
2562,185960419.jpg,Street performers entertaining a captive audience with musical instruments.,12810
2562,185960419.jpg,Two kids and a man are playing drums in front of a street audience.,12811
2562,185960419.jpg,A man and two young children play music for a group of onlookers.,12812
2562,185960419.jpg,A crowd watching a street performer and two small children.,12813
2562,185960419.jpg,A boy playing a small drum with a crowd around him.,12814
9369,2907088408.jpg,A man and a woman in a furniture store stop to talk to a woman in a white shirt that has a small bird on her left shoulder.,46845
9369,2907088408.jpg,"A woman in a white shirt, standing by another man and a woman, has a green bird on her shoulder inside a large store.",46846
9369,2907088408.jpg,There are three people standing in a store looking at a bird on the shoulder of the lady with a white shirt.,46847
9369,2907088408.jpg,A woman is a little scared because a bird landed on her shoulder while she was in the warehouse.,46848
9369,2907088408.jpg,Three women in a store looking at a bird that one of the women has.,46849
19314,4455065396.jpg,A small child lays on a glossy hardwood floor.,96570
19314,4455065396.jpg,A little boy in blue lays on an empty floor.,96571
19314,4455065396.jpg,Small child laying on a hardwood floor.,96572
19314,4455065396.jpg,The child lays on the hardwood floor.,96573
19314,4455065396.jpg,Small boy laying on wooden floor.,96574
30411,8155650726.jpg,"A man pulls two pumpkin pies from a stove in a clean, modern kitchen.",152055
30411,8155650726.jpg,Man in green shirt pulling two pumpkin pies from the oven.,152056
30411,8155650726.jpg,A man in a gray shirt takes two pies out of the oven.,152057
30411,8155650726.jpg,A woman is taking two pies out of the oven.,152058
30411,8155650726.jpg,A man is cooking pies in the oven.,152059
2511,1829597760.jpg,"Two white men dressed in white and black Tae Kwon Do uniforms, competing with each other on a green and red matt while a team of onlookers watch.",12555
2511,1829597760.jpg,Martial arts students sit on the floor or stand in the background while watching a matchup between two people.,12556
2511,1829597760.jpg,A martial arts student attempts to deliver a kick to his sparring partner as fellow students look on.,12557
2511,1829597760.jpg,Two men in white uniforms with black belts are competing in a martial arts tournament.,12558
2511,1829597760.jpg,"A martial arts class, most of the class members are watching two spar.",12559
25561,513269597.jpg,A furry dog is walking by green trees while carrying something in its mouth.,127805
25561,513269597.jpg,A furry black dog in a backyard carrying a basket in its mouth.,127806
25561,513269597.jpg,A black dog carries a bucket in its mouth.,127807
25561,513269597.jpg,A black dog carrying a hanging flower pot.,127808
25561,513269597.jpg,A dog next to pine tree biting on a bucket,127809
2657,19023618.jpg,A man in a light green shirt is riding in a light green street cleaning type vehicle.,13285
2657,19023618.jpg,A worker is driving a piece of green colored machinery on a city sidewalk.,13286
2657,19023618.jpg,A man in a green machine is cleaning a pump in front of the Drake hotel.,13287
2657,19023618.jpg,Man in green jacket driving a green street cleaning machine.,13288
2657,19023618.jpg,A city street is being cleaned by a man in a green vehicle.,13289
22270,4747522055.jpg,Two girls are playing tug-of-war and losing as the girl in front is drug into a muddy puddle of water.,111350
22270,4747522055.jpg,"A young girl in blue shirt and denim shorts, pulling on a rope, standing in a pit of mud.",111351
22270,4747522055.jpg,"Two girls play tug-of-war in a muddy pit, while another girl looks on.",111352
22270,4747522055.jpg,Children getting pulled into water pit while playing tug-of-war.,111353
22270,4747522055.jpg,Girls playing tug-of-war in mud and water.,111354
359,11205420.jpg,A man dressed in white walks a yellow rope on the ground that is attached to the handlebars of a bicycle.,1795
359,11205420.jpg,A man wearing all white is walking on a rope attached to a bike while surrounded by people.,1796
359,11205420.jpg,A bike sitting in a street with a rope tied to it and a guy walking on the rope.,1797
359,11205420.jpg,A street performer is performing with a bike in the foreground.,1798
359,11205420.jpg,A man is doing a trick with a bike.,1799
10169,3016178284.jpg,A boy wearing full riding gear is riding his bike down a paved road.,50845
10169,3016178284.jpg,A child wearing a bicycle helmet and uniform is riding a bike,50846
10169,3016178284.jpg,A young man in a bicycle helmet rides on a street.,50847
10169,3016178284.jpg,Boy in a helmet riding his bike in a marathon.,50848
10169,3016178284.jpg,A cyclist riding a bicycle on a road.,50849
26315,5455437647.jpg,"Three children, between the ages of 6 and 9, are on a ledge holding plants over the edge on a sunny day.",131575
26315,5455437647.jpg,Three children positioned on a natural rock formation hang long plant stems down into water.,131576
26315,5455437647.jpg,Three little Asian children holding green vines off a rock cliff.,131577
26315,5455437647.jpg,Three children hang pieces of long grass into the pond.,131578
26315,5455437647.jpg,"Three little kids on a rock, looking at the water.",131579
27770,6296741028.jpg,"A man wearing dark sunglasses is jumping his bike over a road, in a forest.",138850
27770,6296741028.jpg,A man in orange and white rides his mountain bike through a forest.,138851
27770,6296741028.jpg,A professional bicycle rider jumps over a fence onto a dirt path.,138852
27770,6296741028.jpg,A man wearing a helmet bicycling in the woods.,138853
27770,6296741028.jpg,A man catches some air with his mountain bike.,138854
12566,3307667255.jpg,There are a lot of people in front of a tan building with colorful squares hanging from the top.,62830
12566,3307667255.jpg,A lot of people are gathered around a mosque-like building.,62831
12566,3307667255.jpg,Busy marketplace in an Arabian country.,62832
12566,3307667255.jpg,A large group is shown in the street.,62833
12566,3307667255.jpg,A crowd scene in front of mosque.,62834
17286,398241464.jpg,A person in an apron and hat is holding an large stick over a stove.,86430
17286,398241464.jpg,An Asian man is roasting a small pig on a hand turned spit.,86431
17286,398241464.jpg,A man in a green apron roasts a pig over coals .`,86432
17286,398241464.jpg,An Asian man cooking meat over an open grill.,86433
17286,398241464.jpg,A man dressed in white cooking an animal.,86434
16418,378998340.jpg,"Trumpet player with eyes closed, playing in the band dressed in a red uniform with black cuffs and white braid trim.",82090
16418,378998340.jpg,"A young man dressed in a red, black, and gold marching band uniform concentrates on playing his trumpet.",82091
16418,378998340.jpg,"A young, redheaded boy is dressed in a band uniform playing his instrument in front of the band.",82092
16418,378998340.jpg,A boy plays his trumpet during a performance with his band.,82093
16418,378998340.jpg,A young boy is playing the trumpet at a concert.,82094
30242,8018915471.jpg,Three individuals are riding bikes down a steep slope in what seems to be a race.,151210
30242,8018915471.jpg,"Three people on bikes are coming over a ridge, while a man in orange watches.",151211
30242,8018915471.jpg,Three BMX riders crossing a power ramp #2 in front with onlooker.,151212
30242,8018915471.jpg,BMX racers riding down a steep hill on a race course.,151213
30242,8018915471.jpg,BMX bike racers head downhill over a jump.,151214
30120,7914696584.jpg,"Three boys with old tires, two are pushing them in front of them and one is carrying his are coming towards an older man with a red hat.",150600
30120,7914696584.jpg,There are three children carrying tires with one adult standing still and another adult walking away.,150601
30120,7914696584.jpg,Three children bring tires up a dirt road toward a man wearing a red turban.,150602
30120,7914696584.jpg,"Three young boys playing with tires, with adult close by.",150603
30120,7914696584.jpg,There are 3 children with tires in a village.,150604
5400,2400700373.jpg,A cowboy tries to hold on with all his might as the horse shakes and trembles to rid of his rider.,27000
5400,2400700373.jpg,A cowboy hanging on for dear life while the horse below him simply tries to buck him off.,27001
5400,2400700373.jpg,A man in a white cowboy hat riding a bucking brown horse at a rodeo.,27002
5400,2400700373.jpg,A bucking horse is throwing a cowboy off its back at a rodeo.,27003
5400,2400700373.jpg,A man riding a horse in a rodeo show.,27004
17568,4054989083.jpg,"A person is driving across a dry terrain on an All Terrain Vehicle, wearing mostly green gear.",87840
17568,4054989083.jpg,A person dressed in a green protective suit is riding an all terrain vehicle across a desert.,87841
17568,4054989083.jpg,An individual is riding a green dirt bike in a matching uniform.,87842
17568,4054989083.jpg,Man in a green jacket riding a green ATV in the desert.,87843
17568,4054989083.jpg,A man rides a 4 wheeler in the desert.,87844
27261,6006578474.jpg,A woman in traditional dress and hat is sitting sideways on a horse.,136305
27261,6006578474.jpg,This woman is horseback riding on a sunny afternoon.,136306
27261,6006578474.jpg,A person in a blue outfit is riding a gray horse.,136307
27261,6006578474.jpg,A man sits upon a gray horse with a sombrero on.,136308
27261,6006578474.jpg,A lady is riding a white horse.,136309
27867,6337759785.jpg,"Three men playing football where one guy wearing a red uniform is holding the football, the second guy wearing a red uniform and the third guy wearing a white uniform.",139335
27867,6337759785.jpg,"Iowa Stat quarterback, number 16 with his arm pulled back to throw the football stands behind Iowa State defender number 71 Bykuwski in a game against Texas A &amp; M.",139336
27867,6337759785.jpg,"Three football players, #16 is throwing the football, #71 is blocking the other opponent.",139337
27867,6337759785.jpg,A football player is about to pass the ball while his teammate blocks an opponent.,139338
27867,6337759785.jpg,A football player trying to rush the opponents quarterback.,139339
11477,3178460509.jpg,A gray-haired woman in a blue dress coat with snowflakes on it balances something on her head.,57385
11477,3178460509.jpg,An older lady is sitting next to a bookshelf while trying to entertain a young child.,57386
11477,3178460509.jpg,An old woman entertains a small child by placing things on her head.,57387
11477,3178460509.jpg,The child is watching the elderly women put something on her head.,57388
11477,3178460509.jpg,A lady with gray hair is entertaining a child.,57389
2725,193657666.jpg,A street blocked off and guarded with one man in a striped shirt standing in the cleared road.,13625
2725,193657666.jpg,A road is blocked and police are lined up around it.,13626
2725,193657666.jpg,A street is barricaded by several police.,13627
2725,193657666.jpg,A city block is sealed off by the police.,13628
2725,193657666.jpg,Security lining a street.,13629
17851,4119940755.jpg,"A thin man with messy, orange hair moves his hands over a flying saucer shaped metal object.",89255
17851,4119940755.jpg,A man in a blue striped jacket and jeans is playing a drum while sitting outside.,89256
17851,4119940755.jpg,A man in a black pinstripe jacket is playing a metal instrument on a sidewalk.,89257
17851,4119940755.jpg,Man in a pinstriped jacket is working with an object.,89258
17851,4119940755.jpg,A man with dreadlocks and a pin stripe suit,89259
23330,4829882264.jpg,One person is standing beside a tree with the sun shining through the leaves.,116650
23330,4829882264.jpg,A man is looking in a row of windows outside by a trash dumpster.,116651
23330,4829882264.jpg,A guy standing looking into the windows of a nearby building.,116652
23330,4829882264.jpg,A man enjoys a cold beer and a cigarette in an empty lot.,116653
23330,4829882264.jpg,A man stares at the sky as he smokes.,116654
6070,247637795.jpg,A woman and a man is standing beside water in front of buildings.,30350
6070,247637795.jpg,A woman wearing a scarf stands near the water and looks down.,30351
6070,247637795.jpg,A woman holding a black leash and a man looking down.,30352
6070,247637795.jpg,A man and a woman at the waterfront.,30353
6070,247637795.jpg,A woman wearing a scarf looks down.,30354
6297,2511565376.jpg,"People are eating and drinking beer in an outdoor dining area, one man holding a green menu is laughing.",31485
6297,2511565376.jpg,"People eating outside of a restaurant, enjoying themselves and drinking beer and other drinks.",31486
6297,2511565376.jpg,A group of friends are laughing as they drink beer.,31487
6297,2511565376.jpg,A lot of people eating in a common area.,31488
6297,2511565376.jpg,People eating and drinking outdoors.,31489
27205,5960638447.jpg,Two people engage in a martial arts fight on a red and blue mat.,136025
27205,5960638447.jpg,Two people are fighting in full protective gear and helmets.,136026
27205,5960638447.jpg,Two men are fighting each other in a martial arts match.,136027
27205,5960638447.jpg,Two martial art students spar in a tournament.,136028
27205,5960638447.jpg,Two men in martial arts uniforms sparring.,136029
5237,2378196105.jpg,An athlete tests his skills and stamina by jumping onto boxes out near the track field.,26185
5237,2378196105.jpg,A man jumping over boxes for exercise in the middle of a high school track.,26186
5237,2378196105.jpg,A man with a blue outfit jumping over evenly planted boxes.,26187
5237,2378196105.jpg,An African American boy jumps over boxes at a track.,26188
5237,2378196105.jpg,The man is jumping over blocks on a track.,26189
4961,2340467281.jpg,A woman in a white dress is standing in front of a parade of uniformed men marching down the street.,24805
4961,2340467281.jpg,A drum majorette dressed in a white band uniform is standing in the street.,24806
4961,2340467281.jpg,A group of Asians are marching down a street while others look on.,24807
4961,2340467281.jpg,An Asian band in a parade with a female band majorette.,24808
4961,2340467281.jpg,A parade going down the street.,24809
28801,6969258781.jpg,A view of a hockey rink with the goaltender and goal in the foreground.,144005
28801,6969258781.jpg,Men are playing a game of hockey in a hockey arena.,144006
28801,6969258781.jpg,Several men are playing ice hockey in an arena.,144007
28801,6969258781.jpg,A hockey game is going on in a large ice rink.,144008
28801,6969258781.jpg,A hockey team prepares for a game in an arena.,144009
30342,8091409663.jpg,"A skier, flying through the air, grabs the bottom of his right ski as he looks onward to his landing.",151710
30342,8091409663.jpg,A man on skis is performing a stunt at an event with many people in the background.,151711
30342,8091409663.jpg,One male skier doing a jump in a city with many bystanders.,151712
30342,8091409663.jpg,A man in black on skis performs tricks in front of a crowd.,151713
30342,8091409663.jpg,A man in skis is suspended in air.,151714
11186,3143978284.jpg,"Two older women with a baby that has a pacifier in its mouth, the baby wears an orange and brown dress.",55930
11186,3143978284.jpg,Two women sitting next to each other one is holding a baby and the other is showing her bracelet.,55931
11186,3143978284.jpg,Two elderly women with small child sucking pacifier,55932
11186,3143978284.jpg,Two women are holding a young child.,55933
11186,3143978284.jpg,Two woman with a baby,55934
10690,3083457930.jpg,A woman with blond-hair and a white shirt and white apron is cooking.,53450
10690,3083457930.jpg,A blond woman wearing an apron is putting ingredients into a bowl.,53451
10690,3083457930.jpg,A young chef is adding ingredients to a stew.,53452
10690,3083457930.jpg,Woman in white cooking up some food.,53453
10690,3083457930.jpg,A woman wearing an apron is cooking.,53454
3760,2176364472.jpg,"The large, dark colored dog is doing a climbing stunt outdoors, while a man watches.",18800
3760,2176364472.jpg,A brown dog is running down a slope while a man follows beside him.,18801
3760,2176364472.jpg,A brown lab dog runs over an obstacle on a course.,18802
3760,2176364472.jpg,A brown dog is on top of a triangular structure.,18803
3760,2176364472.jpg,Brown dog runs down ramp.,18804
24867,4955299042.jpg,"A short-haired middle-aged woman is walking on a city sidewalk, passing a building with mirrored windows.",124335
24867,4955299042.jpg,A woman in a blue jean skirt walking down the street near her reflection in a building.,124336
24867,4955299042.jpg,A woman wearing a striped shirt and blue skirt walking in front of a mirror window,124337
24867,4955299042.jpg,A woman walks along the sidewalk in front of a mirror,124338
24867,4955299042.jpg,Reflection of an elderly woman in a street.,124339
18035,4171253174.jpg,A woman in a red bubble jacket and black and white striped pants sitting on a bar next to a man who is smoking as people pass them by.,90175
18035,4171253174.jpg,A woman wearing a red coat and striped pants is leaning towards a man wearing a black hat and smoking a cigarette.,90176
18035,4171253174.jpg,"A woman in a red jacket sitting on a stool facing a man, with her head on his shoulder.",90177
18035,4171253174.jpg,A blond woman in a red jacket wearing black and white striped pants.,90178
18035,4171253174.jpg,A girl and boy sit on a fence.,90179
29261,7261544530.jpg,A man in a military uniform is sitting at a desk speaking into a walkie-talkie.,146305
29261,7261544530.jpg,"In an office, a man in a military uniform talks into a walkie-talkie.",146306
29261,7261544530.jpg,A uniformed officer speaks into a communications device while sitting.,146307
29261,7261544530.jpg,A man in camouflage is making a announcement on a radio,146308
29261,7261544530.jpg,A army guy is talking on his walkie-talkie.,146309
21090,4652450030.jpg,A blue Harley motorcycle is one of a group of motorcycles owned by motorcyclists.,105450
21090,4652450030.jpg,A lady with brown hair is talking to a man in front of a motorcycle.,105451
21090,4652450030.jpg,A parked motorcycle sits among other parked motorcycles.,105452
21090,4652450030.jpg,Two people are standing near their motorcycles.,105453
21090,4652450030.jpg,A man stands next to motorcycles,105454
10265,3026374370.jpg,People sitting on the roof observing something in the distance.,51325
10265,3026374370.jpg,"A crowd gather together, all looking in the same direction.",51326
10265,3026374370.jpg,Several people are sitting on the back of a truck outside.,51327
10265,3026374370.jpg,A group of women sit on the back of a flatbed truck.,51328
10265,3026374370.jpg,Eight people sit on railroad tracks.,51329
4430,2272290126.jpg,A photographer takes pictures of a family that includes four children and two parents,22150
4430,2272290126.jpg,"Children, shown in an aerial view, are playing in a typical family room.",22151
4430,2272290126.jpg,A man is photographing children playing with various toys.,22152
4430,2272290126.jpg,A living room with children a grandpa and a photographer.,22153
4430,2272290126.jpg,The view of a family's living room from above.,22154
7230,262446581.jpg,A man wearing a large backpack is sitting in the grass near a lake.,36150
7230,262446581.jpg,Man kneeling while petting large bird in front of river.,36151
7230,262446581.jpg,A man with a backpack sits on a fallen log by the river.,36152
7230,262446581.jpg,A man sitting on an old piece of wood outside.,36153
7230,262446581.jpg,A guy on a log.,36154
4966,2340774655.jpg,"A group of people, including 2 girls in baseball caps, are standing in a crowd with several people pointing in different directions.",24830
4966,2340774655.jpg,"A man, who is wearing a black cap and a mostly gray hoodie, seems to be at a party.",24831
4966,2340774655.jpg,A group of people are standing together making faces and hand gestures.,24832
4966,2340774655.jpg,A gathering of about 13 people in a small room are dancing.,24833
4966,2340774655.jpg,What a bad call at the sports bar by the baseball umpire.,24834
19113,4439029503.jpg,An elderly woman struggles to push her small shopping cart through the piles of snow in the city.,95565
19113,4439029503.jpg,A woman in a blue winter jacket is pushing a shopping cart through snow.,95566
19113,4439029503.jpg,Lady outside crossing the road and wearing a coat during winter.,95567
19113,4439029503.jpg,A woman is walking in winter with a cart of groceries.,95568
19113,4439029503.jpg,Lady in parka walking in the snow with push cart.,95569
25332,503794526.jpg,A boy in a white t-shirt is playing on a swing that is attached to a tree.,126660
25332,503794526.jpg,A toddler at the high point of a swing in a tree.,126661
25332,503794526.jpg,A child swings high with trees in the background.,126662
25332,503794526.jpg,A child smiles on a tree swing.,126663
25332,503794526.jpg,A young boy riding in a swing.,126664
1131,1354131040.jpg,A middle-aged gentleman is sitting in a small booth with a table full of different types and sizes of fish.,5655
1131,1354131040.jpg,A gut wearing a plaid shirt with a mustache selling fish at a market.,5656
1131,1354131040.jpg,"Fisherman with his daily catch on display, his product is fresh.",5657
1131,1354131040.jpg,A man displaying different varieties of fish in an older building,5658
1131,1354131040.jpg,A man with a mustache sells various types of whole fish.,5659
27330,6065883340.jpg,A young child riding a bicycle across a suspension bridge with trees in the background.,136650
27330,6065883340.jpg,A small child is cycling away from a large bridge on a cloudy day.,136651
27330,6065883340.jpg,A young child rides a bike with a basket across an old bridge.,136652
27330,6065883340.jpg,A child who has just crossed a bridge with his bike.,136653
27330,6065883340.jpg,A child is riding his bike on a large bridge.,136654
11058,3125518138.jpg,"A woman has just taken a stroke on the putting green at a golf course, and the ball is on its way to the hole.",55290
11058,3125518138.jpg,A woman in a green shirt and khaki pants is attempting to hit the golf ball into the hole.,55291
11058,3125518138.jpg,A female golfer is trying to get the ball into the hole; she is very close.,55292
11058,3125518138.jpg,A woman in a green shirt and white pants golfs on the green.,55293
11058,3125518138.jpg,A woman spending the day playing golf.,55294
28781,6960441048.jpg,"A young person wearing a helmet is riding a BMX bike with the numbers 060 through the mud, and there is a Dobos Sport logo banner in the background.",143905
28781,6960441048.jpg,A mountain biker riding his bike down a muddy path with mud splashing into the air and the biker is covered in mud.,143906
28781,6960441048.jpg,A mountain biker with number 060 on the bike covered in mud from riding downhill on a muddy track.,143907
28781,6960441048.jpg,A man dirt biking through some mud in full costume.,143908
28781,6960441048.jpg,A young boy competing in a bike race.,143909
21853,4715586059.jpg,A blond woman dressed in black is singing into a microphone.,109265
21853,4715586059.jpg,Woman wearing sunglasses wearing a black outfit singing.,109266
21853,4715586059.jpg,A blond women is singing in front of a band.,109267
21853,4715586059.jpg,A blond singer in front of a kaleidoscope.,109268
21853,4715586059.jpg,Blond woman singing in front of a band.,109269
28188,6638041153.jpg,"Two teams of women, one in blue and white and one in green and white, are playing volleyball.",140940
28188,6638041153.jpg,Competing girls volleyball players attempt to control the ball in midair.,140941
28188,6638041153.jpg,Two women try to block a spike while playing volleyball.,140942
28188,6638041153.jpg,There are two teams competing in a women's volleyball game.,140943
28188,6638041153.jpg,A game on women volleyball in a gymnasium.,140944
23568,4851094567.jpg,A woman wearing a dark shirt and dark pants with a brown purse on her left are passing a woman in a patchwork shirt and creme skirt passing through a breezeway.,117840
23568,4851094567.jpg,"Two women stand by a large series of signs which say ""Le Cafe Marley"" in a hallway with a very high and ornate ceiling.",117841
23568,4851094567.jpg,A woman wearing a white skirt is standing outside the entrance of a cafe.,117842
23568,4851094567.jpg,"I think this might be a museum, with Art, very Pretty.",117843
23568,4851094567.jpg,People walking in a long hallway.,117844
19376,4463772983.jpg,"An old woman sits on a red seat, crafting small wrapped items from fabrics in a blue tray.",96880
19376,4463772983.jpg,An old foreign woman laying on a red blanket while cutting a colorful decoration.,96881
19376,4463772983.jpg,"An elderly woman is working with felt, while sitting on a bright red blanket.",96882
19376,4463772983.jpg,Old woman in white cutting colorful craft like sheets.,96883
19376,4463772983.jpg,A woman cutting fabric flowers in a market.,96884
29474,7433123648.jpg,"Two people dressed in their bicycle attire racing against each other or in a marathon race, racing on pavement.",147370
29474,7433123648.jpg,Two people are riding bicycles next to each other on ground with grass in the background.,147371
29474,7433123648.jpg,Two cyclists in blue uniforms compete against each other down the bicycle course.,147372
29474,7433123648.jpg,Two men racing down a street in a bicycle race.,147373
29474,7433123648.jpg,Two men ride there bike during the race.,147374
26159,539667015.jpg,A girl is doing the splits in the air in front of some trees.,130795
26159,539667015.jpg,A woman grabbing her feet while jumping in front of trees.,130796
26159,539667015.jpg,A young girl doing a trick in midair in front of a tree.,130797
26159,539667015.jpg,"Jumping girl grabs her feet, plants in background.",130798
26159,539667015.jpg,A girl doing the splits in midair.,130799
24176,4898817738.jpg,A young man wearing jeans and a black shirt break-dances for young spectators.,120880
24176,4898817738.jpg,A man is breakdancing on a large mat while some people watch.,120881
24176,4898817738.jpg,A man is break-dancing for an audience on the street.,120882
24176,4898817738.jpg,A male is breakdancing in front of an audience.,120883
24176,4898817738.jpg,This man is demonstrating unique dancing.,120884
7185,2617275504.jpg,A small girl is taking a picture with a man wearing a white shirt and tan shorts.,35925
7185,2617275504.jpg,A little girl wearing a white and red outfit is taking a picture of an adult.,35926
7185,2617275504.jpg,A little girl takes a picture of her father in Asia.,35927
7185,2617275504.jpg,A little girl is taking a picture outside.,35928
7185,2617275504.jpg,A child is taking someone's picture.,35929
6243,2504010674.jpg,A man in a suit with gold buttons and a name tag gestures with his hands as he speaks to another man in a dress shirt who is holding a beverage in a glass.,31215
6243,2504010674.jpg,The chairman and his executive having sharing ideas of the company during break time at the company headquarters.,31216
6243,2504010674.jpg,A man holding a glass of water converses with a man in a suit.,31217
6243,2504010674.jpg,Two men talking to each other.,31218
6243,2504010674.jpg,Two well dressed men talking.,31219
10457,3048821353.jpg,One man is helping another man with red shorts do a back flip in the yard.,52285
10457,3048821353.jpg,A man in a green shirt begins to jump over backwards as another helps him.,52286
10457,3048821353.jpg,A man in a green shirt attempts a back flip with the help of his friend.,52287
10457,3048821353.jpg,A man helps another man do a back flip in a yard.,52288
10457,3048821353.jpg,One man helps another man start a back flip,52289
15146,3609233201.jpg,"A young blond boy with sneakers, athletic shorts, and a white T-shirt is throwing a basketball towards the basket.",75730
15146,3609233201.jpg,"A child, aged under 10 years old is midair during a basketball shot.",75731
15146,3609233201.jpg,A boy in mid jump after releasing the basketball towards the hoop.,75732
15146,3609233201.jpg,A little boy shooting a basketball on a basketball court.,75733
15146,3609233201.jpg,A young boy throws a basketball on a basketball court.,75734
18831,4376216802.jpg,There is a woman with a purple wrap on who is making quits the old fashion way with a loom.,94155
18831,4376216802.jpg,A woman from India origin standing while making yarn.,94156
18831,4376216802.jpg,"A woman stands in a room, holding twine.",94157
18831,4376216802.jpg,An Indian woman stringing a loom of yarn.,94158
18831,4376216802.jpg,Barefooted woman is spinning yarn.,94159
5528,2414035800.jpg,A woman in a gray sweatshirt is sitting on the floor with her small dog that is wrapped in a blanket.,27640
5528,2414035800.jpg,A newly bathed dog is wrapped in a blanket by a caring woman.,27641
5528,2414035800.jpg,A woman is using a white towel to dry her dog in a bathroom.,27642
5528,2414035800.jpg,The lady pat her dog to dry after giving it a warm bath.,27643
5528,2414035800.jpg,Woman dries off her small dog in a bathroom.,27644
1725,1489529980.jpg,A woman wearing a dark blue scarf is in the process of preparing homemade sushi.,8625
1725,1489529980.jpg,Lady in a kitchen wearing a black scarf and making sushi by hand.,8626
1725,1489529980.jpg,A lady in a scarf placing rice down to roll sushi.,8627
1725,1489529980.jpg,Woman making sushi on a kitchen counter.,8628
1725,1489529980.jpg,Woman making sushi from home.,8629
25059,4971580944.jpg,"Phone to her ear, a woman bends forward at the side of a busy street.",125295
25059,4971580944.jpg,A woman is on the phone looking for something in her bag.,125296
25059,4971580944.jpg,A woman is leaning down while talking to her phone.,125297
25059,4971580944.jpg,A woman bending over to look in her bag.,125298
25059,4971580944.jpg,Woman bent over talking on phone.,125299
30223,8004084961.jpg,A bicycle racer has an energized look on his face while being closely escorted by another vehicle.,151115
30223,8004084961.jpg,A bicyclist is riding down the street with a black car following close behind.,151116
30223,8004084961.jpg,Cyclist competing in a bike race followed by safety officer.,151117
30223,8004084961.jpg,A cyclist rides down the road closely followed by a car.,151118
30223,8004084961.jpg,A bike racer in red speeds ahead of a black car.,151119
23417,4835689161.jpg,A police officer with a red helmet on a motorcycle going down the street.,117085
23417,4835689161.jpg,"A motorcycle cop is driving around, the bike says polbru under police.",117086
23417,4835689161.jpg,A police officer with blue outfit and red helmet rides through town.,117087
23417,4835689161.jpg,A policeman is riding his motorcycle down the street.,117088
23417,4835689161.jpg,Policemen ride motorcycles through a crowd.,117089
8644,2814321280.jpg,A woman in a white shirt is wearing blue goggles while speaking to someone with her hands.,43220
8644,2814321280.jpg,A brunette woman in a white suit with blue and orange goggles making hand gestures.,43221
8644,2814321280.jpg,A woman in a white shirt and blue goggles is watching her hands.,43222
8644,2814321280.jpg,A woman in a white shirt is wearing goggles.,43223
8644,2814321280.jpg,Woman in a white shirt and blue goggles.,43224
8825,2838452780.jpg,"A man in a striped shirt and jeans, and a woman in a white top dancing with each other.",44125
8825,2838452780.jpg,A man and a woman dancing in front of paintings hanging on a wall.,44126
8825,2838452780.jpg,A man and a woman dance in front of black and white artwork.,44127
8825,2838452780.jpg,Guy in blue shirt dances with girl in white shirt.,44128
8825,2838452780.jpg,A man and woman dance together.,44129
27262,6009022127.jpg,A person wearing a white helmet rides a mountain bike on a narrow path along a ledge with forest in the background.,136310
27262,6009022127.jpg,A person riding a dirt bike dangerously close to a cliff in a forest.,136311
27262,6009022127.jpg,Bicyclist rides on dirt path overlooking a stand of trees.,136312
27262,6009022127.jpg,A mountain biker rounding a corner on a narrow trail.,136313
27262,6009022127.jpg,A person is biking in nature during the day.,136314
2285,1733595275.jpg,"A police officer wearing dark pants, a long-sleeved blue shirt, white gloves, a white hat, and an orange ""TRAFFIC"" vest is standing in the street directing vehicles.",11425
2285,1733595275.jpg,Traffic cop directing traffic in front of a car with ohio plates on it.,11426
2285,1733595275.jpg,Traffic officer telling car where to turn.,11427
2285,1733595275.jpg,A female officer directing traffic.,11428
2285,1733595275.jpg,A woman directing traffic.,11429
23912,4875758180.jpg,A crowd of people are walking and waving rainbow colored flags along a road decorated with many colored balloons.,119560
23912,4875758180.jpg,Group of people having a great fun on the streets of their city with balloons and flags.,119561
23912,4875758180.jpg,A group of people walking celebrating the gay parade.,119562
23912,4875758180.jpg,A crowd of people walking in a parade.,119563
23912,4875758180.jpg,A crowd observes a celebration.,119564
15639,3670492902.jpg,People make their way onto an orange bus from doors at both the front and back.,78195
15639,3670492902.jpg,"Various people are trying to board a crowded, orange bus at night.",78196
15639,3670492902.jpg,People are boarding an almost-full public bus in Brazil.,78197
15639,3670492902.jpg,People boarding an orange bus that says Primor.,78198
15639,3670492902.jpg,People getting on and off and orange bus.,78199
28342,6782818493.jpg,"Two hockey players on opposing teams, one in a red and white jersey and one in a blue and black jersey, are standing on the rink.",141710
28342,6782818493.jpg,Two male hockey players from opposite teams are posed on the ice rink with their hockey sticks ready.,141711
28342,6782818493.jpg,Two hockey players of opposing teams stand ready on the ice.,141712
28342,6782818493.jpg,Two hockey players line up for a face-off during a game.,141713
28342,6782818493.jpg,Two hockey players roughly play hockey on the ice.,141714
15059,3598447133.jpg,Two Asian women are holding a YMCA sign and posing for the picture.,75295
15059,3598447133.jpg,Two woman wearing a jacket and jean poses holding an art together.,75296
15059,3598447133.jpg,Two women pose for a photograph with a sign.,75297
15059,3598447133.jpg,Two Asian women hold a vibrant YMCA poster.,75298
15059,3598447133.jpg,Two women holding a picture.,75299
19246,444881000.jpg,A group of young people walking with two talking on cellphones.,96230
19246,444881000.jpg,"A group of people walk in the park, while some talk on phones.",96231
19246,444881000.jpg,A group of students are walking through the campus.,96232
19246,444881000.jpg,A group of college students walk in nice weather.,96233
19246,444881000.jpg,Several young people walking casually around,96234
8744,2830880811.jpg,The tan and white dog is running outside with a tennis ball in its mouth.,43720
8744,2830880811.jpg,A small dog with a tennis ball in its mouth playing in a driveway.,43721
8744,2830880811.jpg,A dog is running while catching a tennis ball in its mouth.,43722
8744,2830880811.jpg,A small dog catches a tennis ball in its mouth.,43723
8744,2830880811.jpg,A dog catches a tennis ball.,43724
18966,4410366569.jpg,"A man standing in a white shirt with a large computer screen behind him, is showing a girl something on a computer.",94830
18966,4410366569.jpg,A man is showing a woman something while she sits in front of a laptop.,94831
18966,4410366569.jpg,A teacher assists a student in a computer lab.,94832
18966,4410366569.jpg,Man helping women with laptop in classroom.,94833
18966,4410366569.jpg,Two people looking at a computer.,94834
15381,3639547922.jpg,A little girl in a red shirt going down a purple slide.,76905
15381,3639547922.jpg,A smiling girl slides down a purple slide feet first.,76906
15381,3639547922.jpg,A little girl is sliding down a purple slide.,76907
15381,3639547922.jpg,A small child slides down a purple slide.,76908
15381,3639547922.jpg,A girl slides down a purple slide.,76909
29849,7703165508.jpg,"A group of bicyclists are riding down the street, while an audience looks on.",149245
29849,7703165508.jpg,Several men wearing different colors are having a bike rally.,149246
29849,7703165508.jpg,Many marathon bicyclers riding in a group down a paved road.,149247
29849,7703165508.jpg,A group of people riding a bicycle down a street.,149248
29849,7703165508.jpg,A bunch of bicycle riders getting ready to race.,149249
18851,4379576356.jpg,"A tall, heavyset female with long black hair and wearing a gray blouse, holding a bag of potato chips, leaning against a white wall where four paintings are hung.",94255
18851,4379576356.jpg,A group of people listening to a speech or presentation near the front of the room.,94256
18851,4379576356.jpg,A group of christian women stand in an art gallery on Ash Wednesday.,94257
18851,4379576356.jpg,A group of women stand all looking toward the same direction.,94258
18851,4379576356.jpg,A group of woman waiting to enter a convention.,94259
15872,3700374214.jpg,Two Asian women working on a hand embroidered tapestry on a frame.,79360
15872,3700374214.jpg,Two females are sitting working on an artistic rug.,79361
15872,3700374214.jpg,Two dark-haired women work on a tapestry.,79362
15872,3700374214.jpg,Two girls are doing an artwork.,79363
15872,3700374214.jpg,Two women work on a tapestry.,79364
397,1131155939.jpg,"A black lav runs into the water on the beach, with swimmers in the distance and sea kelp in the foreground.",1985
397,1131155939.jpg,"A pile of seaweed sits on the sand, behind it a big black dog is running in the water.",1986
397,1131155939.jpg,"A dog at the shore of an ocean, with seaweed in foreground.",1987
397,1131155939.jpg,A black dog runs into the ocean next to a pile of seaweed.,1988
397,1131155939.jpg,A dog is running in the waves at the beach.,1989
13845,3457460673.jpg,"The young girl is swinging on a swing, and her hair is flying out behind her.",69225
13845,3457460673.jpg,A young girl wearing a blue sweatshirt smiles as her hair is up in the air.,69226
13845,3457460673.jpg,A little girl with red-hair and a teal tracksuit on a swing.,69227
13845,3457460673.jpg,A little girl swings while her hair flies in the wind.,69228
13845,3457460673.jpg,A redheaded girl with a turquoise jacket is swinging.,69229
29318,7302659678.jpg,A man with glasses holding an infant dressed in a white jumper.,146590
29318,7302659678.jpg,A man with a gray shirt holds a young infant in his hands.,146591
29318,7302659678.jpg,A smiling man in glasses is holding a very young baby.,146592
29318,7302659678.jpg,A man with glasses is holding a very young infant.,146593
29318,7302659678.jpg,Man gently holding newborn baby.,146594
11841,3216829599.jpg,A person crouched in the middle of a large wave in the ocean.,59205
11841,3216829599.jpg,A person surfs on a wave as water towers above him.,59206
11841,3216829599.jpg,A huge wave crashes over a man on a surfboard.,59207
11841,3216829599.jpg,Surfer is in the middle of a huge wave.,59208
11841,3216829599.jpg,A surfer catching a wave.,59209
9010,2863458991.jpg,A woman has a orange cap on and a orange jacket over her shoulder.,45050
9010,2863458991.jpg,A woman is covering her mouth with an orange sweatshirt.,45051
9010,2863458991.jpg,A lady covering her face with an orange sweater.,45052
9010,2863458991.jpg,A woman wearing a bright orange headdress.,45053
9010,2863458991.jpg,A girl in black dress and orange jacket.,45054
17019,3922949967.jpg,A party-goer in a white shirt closing his eyes and flailing his arms.,85095
17019,3922949967.jpg,A young man in a white shirt holds both his hands above his head.,85096
17019,3922949967.jpg,A man gets excited in a nightclub and throws his arms in the air.,85097
17019,3922949967.jpg,A man wearing a white shirt has both his arms in the air,85098
17019,3922949967.jpg,A man with white shirt hanging.,85099
871,12904242.jpg,A female swimmer in a black bathing suit about to jump off the racing platform into a pool.,4355
871,12904242.jpg,There are three swimmers from the same team getting ready to compete.,4356
871,12904242.jpg,A young female swimmer is getting ready to jump off the block.,4357
871,12904242.jpg,A woman in a black bathing suit crouches on a diving board.,4358
871,12904242.jpg,A girl is getting ready to dive into a pool.,4359
27799,6310122280.jpg,A baseball player in blue and gray stands on the pitchers mound and winds up for the pitch.,138995
27799,6310122280.jpg,"A baseball pitcher in a blue, white and gray uniform mid-pitch.",138996
27799,6310122280.jpg,A baseball pitcher leans back in preparation for a pitch.,138997
27799,6310122280.jpg,A baseball player is throwing a pitch from the mound.,138998
27799,6310122280.jpg,A guy who is pitching a baseball with a blue hat.,138999
22658,477768471.jpg,A dog playing with a golf ball in front of a small wooden fence on the beach.,113290
22658,477768471.jpg,A white dog with black spots looks at a golf ball in the sand.,113291
22658,477768471.jpg,A black and white dog is playing with a golf ball in the sand.,113292
22658,477768471.jpg,The dog eyes the ball before retrieving it.,113293
22658,477768471.jpg,A dog plays in the sand with a ball.,113294
14580,3541162969.jpg,A girl has just jumped into the water as evident by the air bubbles around her.,72900
14580,3541162969.jpg,A person has just dove into a body of water and bubbles are going up.,72901
14580,3541162969.jpg,A lady in a blue swimsuit is swimming underwater.,72902
14580,3541162969.jpg,A woman diving in a blue swimsuit.,72903
14580,3541162969.jpg,A woman dives into the water.,72904
20003,4539324862.jpg,A young woman wearing red sneakers and carrying multiple bags stops on a sidewalk to look at photos of dresses.,100015
20003,4539324862.jpg,A woman is stopped on the sidewalk looking at a sign on a building wall.,100016
20003,4539324862.jpg,A woman stares with empathy while looking at a bride is dress.,100017
20003,4539324862.jpg,A woman in a cream jacket gazes at photographs.,100018
20003,4539324862.jpg,A woman stops to look at some wedding gowns.,100019
680,123501647.jpg,There are items hanging up in the background and then there are picnic tables made of wood and two big grills where people are cooking and a man watching.,3400
680,123501647.jpg,"Several individuals, some possibly of Hispanic descent at a street market, grilling meat.",3401
680,123501647.jpg,Three people stand outside around two grills where meat is being cooked.,3402
680,123501647.jpg,Three people stand in front of chicken that is roasting on a two grills.,3403
680,123501647.jpg,Some people are grilling chicken outdoors.,3404
2212,169959689.jpg,"In the desert on a cloudy day, a long camel caravan makes several curves away from the camera, the last camel passing a sign along side the trail.",11060
2212,169959689.jpg,"A line of people going through an arid region past a sign, the people are either walking or riding animals.",11061
2212,169959689.jpg,"A long line of camels, each carrying people pass a sign in a desert area.",11062
2212,169959689.jpg,A line of people riding camels in the mountainous desert,11063
2212,169959689.jpg,A whole lot of people are on camels.,11064
24249,4907785038.jpg,A young girl wearing a dress is running in a field.,121245
24249,4907785038.jpg,A little girl runs across a green grassy field.,121246
24249,4907785038.jpg,A small child running on a grassy open field.,121247
24249,4907785038.jpg,A small girl running in a field.,121248
24249,4907785038.jpg,A girl is running on the grass.,121249
12411,3284887033.jpg,A sandy brown dog is playing with a soccer ball outside.,62055
12411,3284887033.jpg,A tan dog chases a black and white soccer ball.,62056
12411,3284887033.jpg,The yellow dog is playing with a soccer ball.,62057
12411,3284887033.jpg,A tan dog is playing with a soccer ball.,62058
12411,3284887033.jpg,A yellow dog plays with a soccer ball.,62059
20336,4570394015.jpg,A young girl walking towards the ocean shores to board a ship to his hometown after school.,101680
20336,4570394015.jpg,A young woman is shocked and excited by what she sees during her day at the beach.,101681
20336,4570394015.jpg,Several young women wearing tye-dye shirts walk down a street.,101682
20336,4570394015.jpg,A group of young girls walking down a street.,101683
20336,4570394015.jpg,Group of girls walking through a festival.,101684
4846,2325025735.jpg,A young child climbing a boulder in which a balancing rock sits upon.,24230
4846,2325025735.jpg,Small child with long hair climbing up a rock towards large boulder.,24231
4846,2325025735.jpg,A little girl is climbing up some very tall rocks.,24232
4846,2325025735.jpg,A little girl looking at a large boulder,24233
4846,2325025735.jpg,A child climbing a rock.,24234
20803,4625651551.jpg,Two girls wearing sunglasses at a park with a man swimming in the pond in the background.,104015
20803,4625651551.jpg,One woman has her arms folded across her chest while another woman stands next to her.,104016
20803,4625651551.jpg,Two brunette females wearing sunglasses in the outdoors.,104017
20803,4625651551.jpg,Two Asian sisters in sunglasses take a walk.,104018
20803,4625651551.jpg,Two girls in a park wearing sunglasses.,104019
4391,226680398.jpg,A man in an tuxedo and a woman in a wedding dress standing by each other holding hands with a windmill in the background.,21955
4391,226680398.jpg,A bride and groom are holding hands at a wedding ceremony.,21956
4391,226680398.jpg,A man and woman getting married outside on a sunny day.,21957
4391,226680398.jpg,The couple are exchanging wedding vows.,21958
4391,226680398.jpg,Two people getting married outside.,21959
4853,2326177720.jpg,"A bride is being helped into her white wedding dress by one of her bridesmaids, who is wearing a red dress.",24265
4853,2326177720.jpg,A white female in a red dress assisting a black female bride into her white wedding dress.,24266
4853,2326177720.jpg,"Two women getting ready for some sort of celebration, maybe a wedding.",24267
4853,2326177720.jpg,A bride puts on her wedding gown with the help of a bridesmaid.,24268
4853,2326177720.jpg,Woman helps bride into dress.,24269
9052,2868668723.jpg,"A young boy wearing a gray sweater, blue jeans and boots hangs upside down in a tire swing.",45260
9052,2868668723.jpg,A young boy is hanging head down in a tire swing with gravel beneath it.,45261
9052,2868668723.jpg,A boy is swinging upside-down with his head sticking through a tire.,45262
9052,2868668723.jpg,A child upside down in a horizontal tire swing.,45263
9052,2868668723.jpg,A boy is hanging upside down from a tire swing.,45264
29059,7111002063.jpg,Two Army soldiers are training a dog to attack by having one soldier wear a protective arm piece and the other soldier hold the dog's leash.,145295
29059,7111002063.jpg,Two soldiers train a police dog as it menacingly grabs hold of one of the soldier's training tools with its mouth.,145296
29059,7111002063.jpg,Knife training can be just as intense as the police academy.,145297
29059,7111002063.jpg,Camouflaged men training a police dog to properly bite.,145298
29059,7111002063.jpg,Two men in camouflage gear training a police dog.,145299
9675,2943772984.jpg,"A man is standing on the sidewalk under a blue and yellow umbrella, while a person in a yellow shirt is walking while talking on her cellphone.",48375
9675,2943772984.jpg,"A man with a camouflage jacket stands next to a hotdog cart, while a woman with a yellow top walks by.",48376
9675,2943772984.jpg,Two people on cellphones walk down the sidewalk while a vendor stands there and a man is eating.,48377
9675,2943772984.jpg,A city street is shown with pedestrians and a man standing beside a food cart.,48378
9675,2943772984.jpg,A blond lady in a yellow shirt is walking toward the camera.,48379
13919,3467282545.jpg,"Three men, one dressed as an Islamic holy man, sit in a room with green walls doing paperwork,.",69595
13919,3467282545.jpg,Three middle eastern men are sitting on the floor by a green wall looking at some paperwork.,69596
13919,3467282545.jpg,Three men sit together while one looks at a book.,69597
13919,3467282545.jpg,Three men sit on floor in green room.,69598
13919,3467282545.jpg,Three men sit on the carpet.,69599
19770,4510764354.jpg,A young man in a blue shirt reads off of a stand in a highly ornate church.,98850
19770,4510764354.jpg,A man in a blue shirt reading the Holy Bible in a Catholic church.,98851
19770,4510764354.jpg,A young man in a blue shirt standing at a podium.,98852
19770,4510764354.jpg,Catholic boy standing at a podium.,98853
19770,4510764354.jpg,A man is singing in church.,98854
14034,3477715432.jpg,One girl wearing pajamas stands near to a girl who is holding a flyer.,70170
14034,3477715432.jpg,"Two teenage girls dance in pajama bottoms, one holding a paper.",70171
14034,3477715432.jpg,Two girls are in pajama pants and appear to be dancing.,70172
14034,3477715432.jpg,Two girls are dancing and one has paper in her hand.,70173
14034,3477715432.jpg,Two girls in pajamas indoors.,70174
6028,2472678549.jpg,A boy in the bathroom wearing a Spiderman t-shirt holding a ball and a toothbrush.,30140
6028,2472678549.jpg,A Kid in a spiderman outfit holds toothbrush and ball in the bathroom,30141
6028,2472678549.jpg,A boy is in the bathroom holding a green ball and a toothbrush.,30142
6028,2472678549.jpg,A boy wearing Spiderman clothes standing in a bathroom.,30143
6028,2472678549.jpg,A little boy is in a bathroom holding a green ball.,30144
3147,2074686457.jpg,Man in blue robes stands between a cloud of brown smoke and a crowd taking photos.,15735
3147,2074686457.jpg,"A man wearing a gown walking up to a canvas, spectators watching",15736
3147,2074686457.jpg,A man wearing a dark blue robe performing a ritual.,15737
3147,2074686457.jpg,This man is doing some kind of ritual.,15738
3147,2074686457.jpg,AA man performs a ceremony.,15739
8162,2749124340.jpg,A man in jeans is sleeping with a red mask covering his eyes.,40810
8162,2749124340.jpg,A man in blue jeans and a blue shirt sits in a blue seat.,40811
8162,2749124340.jpg,A woman wearing a denim jacket naps on a bench.,40812
8162,2749124340.jpg,A man in a red sleep mask sleeps on a train.,40813
8162,2749124340.jpg,A sleeping man relaxing after hard work.,40814
17026,3925292151.jpg,"Four people wearing hats are sitting on a bench eating, while a fifth in red faces away.",85130
17026,3925292151.jpg,Several older individuals eat outside on a bench with flowers behind them.,85131
17026,3925292151.jpg,Four people with hats sitting and eating on a bench.,85132
17026,3925292151.jpg,There are Asian people on a bench enjoying a snack.,85133
17026,3925292151.jpg,"Four women wearing hats, eating on a bench.",85134
271,1095580424.jpg,The dog is running out of the tunnel on a dog obedience course.,1355
271,1095580424.jpg,The small brown and white dog is running out of a small tunnel.,1356
271,1095580424.jpg,Dog running out of tunnel on obstacle course,1357
271,1095580424.jpg,A dog runs out of a tunnel on a course.,1358
271,1095580424.jpg,A Corgi runs out of a tunnel.,1359
6222,2502354602.jpg,A man in a black suit knocks his head with his fist as he puts his arm around a woman in a white strapless dress.,31110
6222,2502354602.jpg,"A formally dressed couple, she with her mouth open, stand next to each other.",31111
6222,2502354602.jpg,A bridge is talking to the groom and he scratches his head.,31112
6222,2502354602.jpg,A bride and groom look at each other in a goofy picture.,31113
6222,2502354602.jpg,A groom and a bride with a strapless dress.,31114
18526,4305905601.jpg,An older woman in a scarf and fur-lined coat sits down across from a younger woman who is standing.,92630
18526,4305905601.jpg,"Two women, one older and one younger, appear to be on board public transportation.",92631
18526,4305905601.jpg,"A woman standing in the doorway of a bus, holding a bottle.",92632
18526,4305905601.jpg,A woman in a coat and hat gets on a bus.,92633
18526,4305905601.jpg,A passenger is walking into a bus.,92634
11099,3131220160.jpg,A group of people in an urban setting are all looking in the same direction.,55495
11099,3131220160.jpg,Smiling African-American man near a jewelry stall.,55496
11099,3131220160.jpg,Street vendors selling there wares on a sidewalk.,55497
11099,3131220160.jpg,A woman wearing a black shirt is laughing.,55498
11099,3131220160.jpg,A black man with black hair laughing.,55499
17550,4050265867.jpg,"A baby, wearing a yellow outfit, is yawning with their mouth wide open.",87750
17550,4050265867.jpg,Close face shot of a baby with closed eyes and open mouth yawning.,87751
17550,4050265867.jpg,A baby with its eyes closed and its mouth wide open.,87752
17550,4050265867.jpg,A baby showing it is very tired and sleepy.,87753
17550,4050265867.jpg,A newborn baby yawning in his sleep.,87754
22741,4785852807.jpg,A woman in a white shirt and sunglasses sits outside in a chair with a baby on her lap.,113705
22741,4785852807.jpg,The woman in a white dress sitting in chair is holding a baby.,113706
22741,4785852807.jpg,A woman in white and a baby girl are sitting in a lawn chair.,113707
22741,4785852807.jpg,Woman wearing white with a baby in her lap.,113708
22741,4785852807.jpg,Mom is holding her baby in the park.,113709
15343,3636193038.jpg,Four men are looking at a motor on the back of a wooden boat.,76715
15343,3636193038.jpg,Four men are looking at the motor of their boat in the river.,76716
15343,3636193038.jpg,Four men standing in shallow water working on a small boat.,76717
15343,3636193038.jpg,A group of men peer at a boat's motor.,76718
15343,3636193038.jpg,Four men exam a motor boat engine.,76719
24068,4890594204.jpg,A man with a bandanna plays some homemade instruments in a crowded city.,120340
24068,4890594204.jpg,A man in a cap covered with bright buttons bangs pot lids together.,120341
24068,4890594204.jpg,A man with a blue hat and a blue shirt is holding pot lids.,120342
24068,4890594204.jpg,A man appears to be playing some sort of instrument.,120343
24068,4890594204.jpg,A man carrying items in a city.,120344
22403,4757246740.jpg,2 rows of woman walking towards each other on the sidewalk outside of a store with a boy 50 % sign on the golden framed windows.,112015
22403,4757246740.jpg,"Two groups of women walking toward each other, 5 on the left and 4 on the right, in front of a storefront that says ""50 %"".",112016
22403,4757246740.jpg,Women walking down sidewalk and have been shopping.,112017
22403,4757246740.jpg,Many women shoppers walking on suburban street.,112018
22403,4757246740.jpg,Women walking towards each other holding bags,112019
25640,517054016.jpg,"A young woman, with frosted brown hair, is putting on lipstick, while listening to someone on her cellphone.",128200
25640,517054016.jpg,A girl is looking at the mirror while she puts on makeup while talking on the phone.,128201
25640,517054016.jpg,Woman putting on makeup while multitasking and talking on the phone.,128202
25640,517054016.jpg,A young woman on the phone is applying makeup in the mirror.,128203
25640,517054016.jpg,A woman checking her makeup in the mirror.,128204
7885,2710563762.jpg,A girl basketball player wearing blue is blocking another girl player wearing yellow.,39425
7885,2710563762.jpg,A group of people gather on a basketball court as one person jumps for the ball.,39426
7885,2710563762.jpg,Two teams of players playing basketball on a court outside.,39427
7885,2710563762.jpg,Basketball players jumping up for the ball during a game.,39428
7885,2710563762.jpg,Girls are playing basketball.,39429
8333,2770795174.jpg,Five Asians have gathered for dinner at a table near a fire pit.,41665
8333,2770795174.jpg,A group of Asian people are eating at a table next to a grill.,41666
8333,2770795174.jpg,Asian people sitting at a table outside with a grill.,41667
8333,2770795174.jpg,People having fun at a barbecue party.,41668
8333,2770795174.jpg,A group of people enjoy food.,41669
10952,3110631369.jpg,A girl in a pink jacket looking intently at something that a girl in black is doing.,54760
10952,3110631369.jpg,A woman holds a pen and looks down while five people look on.,54761
10952,3110631369.jpg,Several people are gathered around a table in a warehouse.,54762
10952,3110631369.jpg,A group of people is standing in a stock room.,54763
10952,3110631369.jpg,Kids are looking at something on a table.,54764
17351,4000148666.jpg,Young boys in green and blue jerseys kick around a soccer ball while other soccer games take place in the background.,86755
17351,4000148666.jpg,A group of three boys are playing soccer while an adult man looks on.,86756
17351,4000148666.jpg,Parents in lawn chairs watching their kids at soccer practice.,86757
17351,4000148666.jpg,A man is watching over a few boys playing soccer.,86758
17351,4000148666.jpg,A group of young boys playing soccer.,86759
24083,4891364108.jpg,Three people walking front of large glass building with motorcycles and bikes out front.,120415
24083,4891364108.jpg,People walking in front of a big glass building with a blue bike parked outside.,120416
24083,4891364108.jpg,People walking into a building and a few people walking out of a building.,120417
24083,4891364108.jpg,Three people walk in front of a very reflective building.,120418
24083,4891364108.jpg,Woman about to enter shopping center.,120419
16772,3858745961.jpg,Six people sit around a large rectangular table watching a gentleman write on the whiteboard up front.,83860
16772,3858745961.jpg,A classroom includes students who observe their professor lecture on the marker board.,83861
16772,3858745961.jpg,A man in a white shirt uses a blackboard as others sit at a table watching.,83862
16772,3858745961.jpg,"Six people siting around a table, with one man writing on the felt board.",83863
16772,3858745961.jpg,The professor is teaching to their students.,83864
7861,270809922.jpg,A person walking up a snow covered mountain on a bright day.,39305
7861,270809922.jpg,A lone man climbing high on a snowy mountain.,39306
7861,270809922.jpg,A man standing on a mountainside in snow.,39307
7861,270809922.jpg,A man is standing on top of a glacier.,39308
7861,270809922.jpg,A mountain climber posing in the snow.,39309
24989,4966860594.jpg,Two firemen in gear standing in front of a firetruck with red light.,124945
24989,4966860594.jpg,Two firefighters are standing next to a firetruck.,124946
24989,4966860594.jpg,Two firemen getting ready to get onto a firetruck.,124947
24989,4966860594.jpg,Two firemen are standing next to their firetruck.,124948
24989,4966860594.jpg,Two firemen are standing by a firetruck.,124949
14427,3524817073.jpg,A man is standing beside two other men while reading a piece of paper.,72135
14427,3524817073.jpg,"People are sitting, standing, and reading newspapers in an alleyway.",72136
14427,3524817073.jpg,People in a shopping center in Asia.,72137
14427,3524817073.jpg,People busy in a narrow passageway.,72138
14427,3524817073.jpg,Men of asian descent in an alleyway.,72139
11783,3210457502.jpg,"White, long-necked bird with yellow legs flies over water.",58915
11783,3210457502.jpg,A long necked white bird is floating above the water.,58916
11783,3210457502.jpg,A white bird is flying over the surface of the water.,58917
11783,3210457502.jpg,A crane lifts into the air above the water.,58918
11783,3210457502.jpg,A white crane landing in the water.,58919
19641,449451920.jpg,Young Asian woman takes nap in a workshop at a messy desk.,98205
19641,449451920.jpg,Girl asleep on a desk in a room filled with lots of junk.,98206
19641,449451920.jpg,A woman sleeps behind the counter of a shop.,98207
19641,449451920.jpg,A lady who has fallen asleep hard at work.,98208
19641,449451920.jpg,Two men going fishing for dinner.,98209
21422,4683340079.jpg,A man in a dark red tunic walks by a couple in black t-shirts while holding a wooden spear.,107110
21422,4683340079.jpg,A man in a reddish rust colored coat carrying a large wooden stake.,107111
21422,4683340079.jpg,A man wearing a dark red robe carrying a wooden stick.,107112
21422,4683340079.jpg,A man stands on a sandy ground holding a spear.,107113
21422,4683340079.jpg,A man in a dark red robe carrying a stake.,107114
25526,5117317939.jpg,"A group of people standing around at a meeting or fair, with various flags from different countries are posted and people sitting near them.",127630
25526,5117317939.jpg,Many tables displaying different national flags are assembled in a conference hall with people mingling or sitting.,127631
25526,5117317939.jpg,A bunch of people are mingling in a fair where there booths with the flags of countries draped over the walls.,127632
25526,5117317939.jpg,A large group of people are gathered at a meeting discussing things.,127633
25526,5117317939.jpg,"A group of people are gathered in an office, talking.",127634
22912,4801849846.jpg,A man in a pink shirt walks in front of a blue storefront next to a lime green storm front.,114560
22912,4801849846.jpg,A man in slacks walks on a sidewalk in front of brightly-painted buildings.,114561
22912,4801849846.jpg,A man is walking down the sidewalk in front of the colorful building.,114562
22912,4801849846.jpg,Man in pink shirt and tan pants talking a walk.,114563
22912,4801849846.jpg,Man in a pink shirt walking down a street.,114564
9619,2938120171.jpg,Two blond dogs are standing together on a patio.,48095
9619,2938120171.jpg,Two golden dogs are standing on a wooden patio.,48096
9619,2938120171.jpg,A large dog sniffing a smaller dog outside.,48097
9619,2938120171.jpg,Two dogs are standing together on a patio.,48098
9619,2938120171.jpg,Two golden dogs on a wood deck.,48099
22657,4777223820.jpg,"The man with the light green shirt, orange backpack and white baseball cap looks down from the mountain into the lake.",113285
22657,4777223820.jpg,A man with an orange backpack is standing on a rock and looking into the valley below.,113286
22657,4777223820.jpg,A man in a pale green shirt and matching hands stands at the edge of a cliff.,113287
22657,4777223820.jpg,A hiker in a green shirt is looking in to a valley from a steep cliff.,113288
22657,4777223820.jpg,A hiker with a backpack looks down from a precipice.,113289
7671,2685580727.jpg,"A smiling young girl with blond-hair, blue eyes, and a pink shirt, is holding a yellow flower towards the viewer outside.",38355
7671,2685580727.jpg,"A girl with light brown hair, in a bobbed haircut is smiling while holding a yellow flower with a brown center.",38356
7671,2685580727.jpg,A small girl with short blond-hair smiles as she hold a yellow flower.,38357
7671,2685580727.jpg,Girl outside holding a pink flower that matches her top and smiling.,38358
7671,2685580727.jpg,A young girl playing with a daisy.,38359
1711,1484711469.jpg,A large work site with yellow railings and girders surrounds a worker in a blue shirt standing in the middle near a large pile of soil.,8555
1711,1484711469.jpg,Construction workers are working on a construction project.,8556
1711,1484711469.jpg,A large excavation is taking place in a city.,8557
1711,1484711469.jpg,Men work in a construction site.,8558
1711,1484711469.jpg,Workers at a construction site.,8559
2535,184457569.jpg,Tattooed man in a sleeveless shirt stands in the doorway of a pawn shop with a mop.,12675
2535,184457569.jpg,Male with a tattoo mopping up the floor at the video store.,12676
2535,184457569.jpg,A man with a tattoo holding a mop near a video game store.,12677
2535,184457569.jpg,A man with a tattoo on his arm holding a mop.,12678
2535,184457569.jpg,Shop keeper cleaning the floors.,12679
26753,5708913719.jpg,A young man wearing a hat and black t-shirt roller-blades down a rail in a park as other young men look on.,133765
26753,5708913719.jpg,"Before onlookers in a park, a man in a black shirt and rollerblades slides backward down a railing.",133766
26753,5708913719.jpg,A young man sliding down a banister on rollerblades while people behind him watch him in the park.,133767
26753,5708913719.jpg,Several teenagers rollerblading at the park.,133768
26753,5708913719.jpg,A boy in a park is skating on a rod.,133769
17938,4148126293.jpg,An accordion player accompanies a man and woman who are dancing a tango on a city street as several passersby watch.,89690
17938,4148126293.jpg,A woman wearing a red shirt and a man wearing a black shirt are dancing in the street.,89691
17938,4148126293.jpg,Well-dressed man and woman dance to accordion music in a city as people look on.,89692
17938,4148126293.jpg,Two street who are dancing to accordion music.,89693
17938,4148126293.jpg,A girl in red and a man in black dancing,89694
22616,4774376310.jpg,A woman stares at something lighted that three people are holding in front of her.,113080
22616,4774376310.jpg,A woman is having her cigarette lit by a man out of the frame.,113081
22616,4774376310.jpg,Three men lighting a woman in a green shirt's cigarette.,113082
22616,4774376310.jpg,A woman using someone's lighter to light her cigarette.,113083
22616,4774376310.jpg,Three people assist in lighting a woman's cigarette.,113084
30758,89202781.jpg,A lady with blue jeans and a brown shirt is speaking on her cellphone on the second floor of the mall.,153790
30758,89202781.jpg,A woman in blue jeans and a tan jacket talks on a cellphone on the upper floor of a metro station.,153791
30758,89202781.jpg,A woman is speaking on her phone at a busy transportation station.,153792
30758,89202781.jpg,A woman talking on a cellphone inside a large building complex.,153793
30758,89202781.jpg,A smiling woman talks on a cellphone.,153794
12899,3344287935.jpg,"A number of people wait at a bus stop looking towards the sun, low in the sky.",64495
12899,3344287935.jpg,A man is sitting on a bench and smoking in front of other people.,64496
12899,3344287935.jpg,A man on a bench smoking and waiting for the bus to come.,64497
12899,3344287935.jpg,Group of men and women waiting for a bus.,64498
12899,3344287935.jpg,Old man smoking cigarette on bench.,64499
5586,2421823977.jpg,Four men are standing in front of a wall that is full of graffiti as another man is poised above looking down on them.,27930
5586,2421823977.jpg,A young man is on top of an industrial structure where his friends are looking at him.,27931
5586,2421823977.jpg,Four men looking up at another man getting ready to do something.,27932
5586,2421823977.jpg,A man kneels on top of a platform as four men look up at him.,27933
5586,2421823977.jpg,Men working on a photo shoot.,27934
17936,4147974557.jpg,An older male is taking a nap with his head resting on some form of old rock wall,89680
17936,4147974557.jpg,An elderly man is taking a nap and resting his head on a stone.,89681
17936,4147974557.jpg,An old man in a red jacket is sleeping outside.,89682
17936,4147974557.jpg,A man is sleeping outside on hard stone.,89683
17936,4147974557.jpg,An older man is sleeping.,89684
26855,5753085652.jpg,A boy in a striped shirt with his arm stretched out is outside with a soccer ball.,134275
26855,5753085652.jpg,A young boy smiles while playing with a soccer ball.,134276
26855,5753085652.jpg,A little boy is playing and there is a soccer ball.,134277
26855,5753085652.jpg,A little boy with a soccer ball flying.,134278
26855,5753085652.jpg,Young boy throws a white soccer ball.,134279
27779,6302275137.jpg,"Two individuals wearing sparring gear, fence at a match while a Northwestern Wildcats banner hangs behind them.",138895
27779,6302275137.jpg,"The competitor lunges forward seeking the point, while the defender easily steps aside",138896
27779,6302275137.jpg,Two people are playing against each other in a game of fencing.,138897
27779,6302275137.jpg,Two athletes are fencing at a fencing competition.,138898
27779,6302275137.jpg,Two fencers joust with one another.,138899
30947,973827791.jpg,A child slides into a wading pool full of water while an adult tosses a bucket of water on them.,154735
30947,973827791.jpg,A woman is throwing water on a child in a plastic swimming pool in a rural area.,154736
30947,973827791.jpg,A woman is throwing a bucket of water over a baby in the paddling pool.,154737
30947,973827791.jpg,A little kid splashes around in the kiddie pool while a lady watches.,154738
30947,973827791.jpg,A woman dumping water on a small child who is in a pool,154739
7129,2610183206.jpg,A bride standing in the middle of four men in tuxedos and three girls in teal dresses standing in front of the ocean.,35645
7129,2610183206.jpg,Bridesmaids and bride grooms are posing for a photo with the couple getting married.,35646
7129,2610183206.jpg,The bridal party is posing for a picture with the lake in the background.,35647
7129,2610183206.jpg,A bride and her wedding party stand in front of a lighthouse and water.,35648
7129,2610183206.jpg,A small wedding picture near a river.,35649
10909,3105929913.jpg,Religious people wearing white with bald heads hold their hands in a praying position.,54545
10909,3105929913.jpg,Two bald men and two bald women dressed in all white standing in a prayer pose.,54546
10909,3105929913.jpg,Four people with shaved heads and white robes pose their hands in prayer.,54547
10909,3105929913.jpg,Four people with shaved heads and white robes praying.,54548
10909,3105929913.jpg,Four bald people are praying or meditating.,54549
10450,304786850.jpg,A mother is smiling as her son and her are about to eat a meal together at the dinner table.,52250
10450,304786850.jpg,"A woman with pink bangs and a child are sitting at a table, about to eat a meal.",52251
10450,304786850.jpg,A mother with pink streaks in her hair sets down for dinner with her son.,52252
10450,304786850.jpg,"A woman and child, smiling, as they have just sat down for a meal.",52253
10450,304786850.jpg,A smiling woman and a child sitting down and having dinner.,52254
24280,4911982235.jpg,A man in a plaid shirt is walking on a street where there are advertisements in Chinese.,121400
24280,4911982235.jpg,A man in a flannel shirt and a baseball cap is walking on the street.,121401
24280,4911982235.jpg,A man in a green hat and striped shirt walking.,121402
24280,4911982235.jpg,A man in a cap is walking and carrying items.,121403
24280,4911982235.jpg,The man is on his way home.,121404
10481,3051125715.jpg,Birds are fleeing a rock that has recently been splashed by heavy waves.,52405
10481,3051125715.jpg,Seagulls abandon their rock as a wave crashes against it.,52406
10481,3051125715.jpg,Waves crashing against rocks with seagulls flying over.,52407
10481,3051125715.jpg,Seagulls are flying above the crashing waves.,52408
10481,3051125715.jpg,A wave splashes the rocks as seagulls fly by.,52409
29766,7654787166.jpg,A whole bunch of men in different colored uniforms in a bicycle race with people on the side line cheering for them.,148830
29766,7654787166.jpg,People riding in a Cyclothon in biking suits and professional helmets.,148831
29766,7654787166.jpg,A large group of close together cyclists in the middle of a road race.,148832
29766,7654787166.jpg,Many bikers are riding through the road during a cloudy day.,148833
29766,7654787166.jpg,Hundreds of bike riders race to the finish line.,148834
19352,4460706852.jpg,The woman is wearing sunglasses in the middle of a street and is standing next to a RoadWork Ahead sign.,96760
19352,4460706852.jpg,"A woman wearing sunglasses stands along side an orange sign which reads : ""ROADWORK AHEAD.""",96761
19352,4460706852.jpg,A woman in sunglasses is standing next to an orange sign that reads RoadWork Ahead.,96762
19352,4460706852.jpg,"The woman stands in front of the ""RoadWork Ahead"" sign on the city street.",96763
19352,4460706852.jpg,A woman in sunglasses stands in front of an orange roadwork sign.,96764
13007,3356272983.jpg,"A girl with long blond-hair wearing sunglasses, a jacket and gloves walks along side a street on a brick path.",65035
13007,3356272983.jpg,"A young lady walking down the street wearing a black jacket, sunglasses, sneakers, jeans, &amp; gloves.",65036
13007,3356272983.jpg,"A blond girl wearing a black jacket, black gloves, and jeans is walking down the sidewalk.",65037
13007,3356272983.jpg,A woman in black converse walks down the sidewalk on a cold day.,65038
13007,3356272983.jpg,A young blond girl walking down the street.,65039
5785,244344740.jpg,A young woman is at her desk working on what appears to be a drawing assignment.,28925
5785,244344740.jpg,A young woman is plotting on a drafting table while talking on the phone.,28926
5785,244344740.jpg,A woman talking on the phone while drawing on a drafting table,28927
5785,244344740.jpg,A woman is using a ruler at a desk to mark a sheet of paper.,28928
5785,244344740.jpg,A woman in a gray shirt working on papers at her desk.,28929
24588,4935054795.jpg,People are walking and biking on a huge walkway covered by steel girding.,122940
24588,4935054795.jpg,People walking on a bridge that has a small roof over it.,122941
24588,4935054795.jpg,A group of Chinese tourists viewing scenery off a bridge.,122942
24588,4935054795.jpg,People walking though an architectural design.,122943
24588,4935054795.jpg,A child in a green shirt rides a bicycle.,122944
25815,5243694558.jpg,An older woman with a little girl toddler looking at a white and red dollhouse and playing with it.,129075
25815,5243694558.jpg,A toddler girl in pink pajamas playing with a toy house as her grandmother watches over her.,129076
25815,5243694558.jpg,An elder woman is watching a small child wearing a pink onesie play in a dollhouse.,129077
25815,5243694558.jpg,An older woman watches a young child play with her toy house.,129078
25815,5243694558.jpg,A woman and a child playing with a dollhouse.,129079
16274,3754588617.jpg,"Two young girls are playing on swings, and one is holding the other girls swing ""still.""",81370
16274,3754588617.jpg,Two teenage girls take turns helping each other on the swings in the park.,81371
16274,3754588617.jpg,Two girls enjoy themselves on a swing ride.,81372
16274,3754588617.jpg,Two girls are swinging in harnessed rides.,81373
16274,3754588617.jpg,Two women are swinging on a ride.,81374
20840,4631205536.jpg,A man in a t-shirt and shorts is sitting on the ground holding a cup while a bottle of water lays beside him.,104200
20840,4631205536.jpg,The man in the gray shirt is staring at a man and a woman that are walking away from him.,104201
20840,4631205536.jpg,A homeless middle-aged man holding a soda cup looks at two people who have walked past.,104202
20840,4631205536.jpg,A man in a gray shirt and shorts sits in a walkway as two individuals pass him by.,104203
20840,4631205536.jpg,A man takes a break after having a meal at McDonald's.,104204
2994,2048850427.jpg,"A bride and someone from her wedding party, wearing a darker dress, are walking on the beach.",14970
2994,2048850427.jpg,A bride and a bridesmaid are standing on a beach holding a flower bouquet.,14971
2994,2048850427.jpg,A woman in a brown dress and a woman in a white dress walk on the beach.,14972
2994,2048850427.jpg,Two women in bridal dresses standing on a beach.,14973
2994,2048850427.jpg,A bride and a bridesmaid are on a beach.,14974
30022,7806900624.jpg,A guy in a red shirt is on his head with his feet in the air while a guy in a gray shirt and black hat looks at him.,150110
30022,7806900624.jpg,Two young men are performing a modern dance routine.,150111
30022,7806900624.jpg,Two guys performing an energetic dance on stage,150112
30022,7806900624.jpg,Two guys breakdance on stage.,150113
30022,7806900624.jpg,Two men dance on a stage.,150114
4326,2256320794.jpg,"A dog that looks like Lassie, making a funny face.",21630
4326,2256320794.jpg,The collie is standing outdoors on a sandy area.,21631
4326,2256320794.jpg,Dog has mouth open in field.,21632
4326,2256320794.jpg,A puppy runs in the sand.,21633
4326,2256320794.jpg,A dog is waling on sand.,21634
21241,4668251659.jpg,Cityscape with four men on bikes serving as the focal point of picture.,106205
21241,4668251659.jpg,The man in the blue hat riding the bike is in the lead.,106206
21241,4668251659.jpg,A group of four men on bikes ride down a street.,106207
21241,4668251659.jpg,A group of four men are bicycling down a street.,106208
21241,4668251659.jpg,People are riding their bikes in the street.,106209
18019,4168953376.jpg,"Customers and the vendor at a street food truck are looking into a barn, where many people are seated at picnic tables.",90095
18019,4168953376.jpg,People standing in front of a meal truck waiting for their orders,90096
18019,4168953376.jpg,Lots of people at a place buying stuff from a food car.,90097
18019,4168953376.jpg,A group of people are in front of a food truck.,90098
18019,4168953376.jpg,Some people are eating at tables at an event.,90099
20026,4542690151.jpg,"A woman dressed in a white shirt, short shorts, and a fedora, walks away from the camera.",100130
20026,4542690151.jpg,A brunette woman in a hat and a white shirt walking along a brick street on a sunny day.,100131
20026,4542690151.jpg,A woman is walking down a path carrying a wallet and bag.,100132
20026,4542690151.jpg,A woman in a white shirt walks along a stone street.,100133
20026,4542690151.jpg,Woman walking in summer attire.,100134
13198,3376435746.jpg,A person in a yellow slicker is driving a motorboat next to the beach.,65990
13198,3376435746.jpg,A person in a raincoat stands in a boat going across the water.,65991
13198,3376435746.jpg,This person is driving a boat on a secluded beach.,65992
13198,3376435746.jpg,"Fisherman motors ahead in his boat, facing the sun",65993
13198,3376435746.jpg,A person on a boat by the shore.,65994
6178,2494562446.jpg,Two people on a gray and teal barge are looking down at the water.,30890
6178,2494562446.jpg,Two men stand on a pier next to a teal colored watercraft.,30891
6178,2494562446.jpg,There is a person on this floating device in the water.,30892
6178,2494562446.jpg,Two men look at pile of scrap on the waterfront.,30893
6178,2494562446.jpg,Two men are working on a small barge along a canal.,30894
5454,2410320522.jpg,Two smaller dogs and one larger dog with a puffy white tail are playing in a field.,27270
5454,2410320522.jpg,The brown and white great Dane plays with two yellow dogs in the grass.,27271
5454,2410320522.jpg,A big dog holds its paw out to keep another dog at bay.,27272
5454,2410320522.jpg,Large dog plays with two smaller dogs on grass.,27273
5454,2410320522.jpg,A large dog wards off a smaller dog.,27274
8756,283178378.jpg,A man driving a small golf cart down a street with a crowd watching him on either side of the street.,43780
8756,283178378.jpg,"A crowd gathered on either side of a soap box derby, with a single soap box car on the road track.",43781
8756,283178378.jpg,A white cart doing a wheeling down a race course.,43782
8756,283178378.jpg,An event or race with a crowd on the side lines.,43783
8756,283178378.jpg,A small children's car is going down a hill.,43784
14939,3583065748.jpg,A black and white dog chases a bigger dog across the grass.,74695
14939,3583065748.jpg,Two brindle dogs running in the grass.,74696
14939,3583065748.jpg,One dog chases another in the grass.,74697
14939,3583065748.jpg,A black and a black dog are running.,74698
14939,3583065748.jpg,Two dogs run through the grass.,74699
19966,4533759725.jpg,"A woman sitting on the train, doing a crossword puzzle, as the train whizzes by a train platform.",99830
19966,4533759725.jpg,A woman wearing black is doing a crossword puzzle on a train.,99831
19966,4533759725.jpg,A woman in sunglasses works a crossword puzzle on the train.,99832
19966,4533759725.jpg,A woman wearing a black garment is holding a pen.,99833
19966,4533759725.jpg,A woman wearing a black dress doing a puzzle.,99834
25228,4988865098.jpg,A woman with her black hair in a chignon is wearing a black dress and dancing with a man in a charcoal gray suit.,126140
25228,4988865098.jpg,"Elegantly dressed in black, a man and woman embrace in dance.",126141
25228,4988865098.jpg,A man in a tuxedo and a woman in a black dress are dancing.,126142
25228,4988865098.jpg,"A man and woman, both wearing black, dancing together",126143
25228,4988865098.jpg,A man and woman wearing black dancing.,126144
26564,559852881.jpg,"A little boy smiles at the camera as he stands next to two other people in a crowded, Indian market.",132820
26564,559852881.jpg,A young Pakistani boy with a green shirt smiled big for the camera while visiting the marketplace.,132821
26564,559852881.jpg,A boy smiles surrounded by several other people smiles at the camera.,132822
26564,559852881.jpg,A young boy in a green shirt smiles and is standing by three men.,132823
26564,559852881.jpg,Boys in a marketplace in india.,132824
27419,6126520718.jpg,There are some kids sitting on the beach with one holding a soccer ball with several people standing in the background.,137095
27419,6126520718.jpg,There is a group of black adolescent boys in a large sand area and one of them is holding a silver soccer ball.,137096
27419,6126520718.jpg,Very poor people in a foreign country playing a game to entertain themselves with what they have.,137097
27419,6126520718.jpg,Several African people sit on a beach with a volleyball in front of a row of beach houses.,137098
27419,6126520718.jpg,"Several children are seated in the sand, one of whom is looking at a soccer ball.",137099
1850,153374075.jpg,A construction worker working on a building.,9250
1850,153374075.jpg,A worker standing on a high scaffold.,9251
1850,153374075.jpg,Construction workers are painting.,9252
1850,153374075.jpg,A man in red is fixing a bridge.,9253
1850,153374075.jpg,Two men are working so hard.,9254
17350,4000008650.jpg,A lady playing a cello wearing a gold skirt with a green tuba player in front of her.,86750
17350,4000008650.jpg,A woman in a green dress holding a tuba in front of another woman holding a cello.,86751
17350,4000008650.jpg,A woman plays the tuba and another plays the cello on the street.,86752
17350,4000008650.jpg,Two women walk through the streets playing a tuba and a cello.,86753
17350,4000008650.jpg,An Irish Band plays down a road somewhere.,86754
23897,4873542302.jpg,A person wearing a green and white shirt with a white hood is sitting outside on the steps of a large building while another person is lying down a few steps higher.,119485
23897,4873542302.jpg,"Two men in hoodies loiter on the steps of an imposing looking public building next to a statue of a man and a lion,.",119486
23897,4873542302.jpg,Guy in a green shirt sitting on stairs in front of a statue of a lion and a man.,119487
23897,4873542302.jpg,A boy sits alone at the bottom of a stone stairway.,119488
23897,4873542302.jpg,A couple of people are sitting on a big staircase.,119489
25138,4979573550.jpg,"A woman in a black stocking hat and black leather jacket, talking to a man with a beard in a black fleece jacket.",125690
25138,4979573550.jpg,A girl in a black sock hat is talking to a man wearing a blue shirt.,125691
25138,4979573550.jpg,A woman and man talking to each other in front of a scenic lake.,125692
25138,4979573550.jpg,People talking to one another outside near a fountain.,125693
25138,4979573550.jpg,A woman in a black beanie looks up at a bearded man.,125694
22325,4751891140.jpg,Two women walking down the street while one is chatting on the phone.,111625
22325,4751891140.jpg,Two women in stylish clothes walking down the street.,111626
22325,4751891140.jpg,Two young fashionable women walking down a sidewalk.,111627
22325,4751891140.jpg,Two women out for a day of shopping.,111628
22325,4751891140.jpg,Two hispanic women walking.,111629
12167,3255482333.jpg,A skier wearing white sunglasses is skiing down a snowy mountain very fast.,60835
12167,3255482333.jpg,A person dressed in red and gray is skiing down a snowy slope.,60836
12167,3255482333.jpg,A skier is throwing up snow as he skis off piste.,60837
12167,3255482333.jpg,A skier skiing downhill in a cloud of snow.,60838
12167,3255482333.jpg,A man is skiing down a mountain.,60839
13435,3408274796.jpg,A white dog running down a path with a long stick in his mouth,67175
13435,3408274796.jpg,A dog runs down a trail with a stick in his mouth.,67176
13435,3408274796.jpg,A dog with a stick in his mouth runs in a forest.,67177
13435,3408274796.jpg,A dog runs with a large stick in its mouth.,67178
13435,3408274796.jpg,A dog jumps forward carrying a large stick.,67179
18059,417966898.jpg,Two little girls are hanging upside-down on a climbing frame.,90295
18059,417966898.jpg,Two young girls playing outside on the playground.,90296
18059,417966898.jpg,Two girls hanging upside down on a park structure.,90297
18059,417966898.jpg,Two girls hang upside down at a park,90298
18059,417966898.jpg,Two girls play on a jungle gym.,90299
29648,757372682.jpg,"A family is enjoying a sunny day, while laying on the green grass.",148240
29648,757372682.jpg,Three teenagers laying in a field and socializing with each other.,148241
29648,757372682.jpg,A man woman and little boy sitting in a meadow.,148242
29648,757372682.jpg,A family of three bask in the sun in a park.,148243
29648,757372682.jpg,A family doing a picnic in the park.,148244
5773,2442581927.jpg,A cyclist is biking down the street with a helmet and some glasses on.,28865
5773,2442581927.jpg,"A man in glasses and a helmet ""extreme bicycling"" for exercise.",28866
5773,2442581927.jpg,A man in a red jacket is bicycling down the road.,28867
5773,2442581927.jpg,A white man in a red shirt riding a bike.,28868
5773,2442581927.jpg,A man in red biking in a neighborhood.,28869
25588,5144307872.jpg,A dark-haired woman wearing a black dress sings into a microphone at a dark venue.,127940
25588,5144307872.jpg,A woman in a black dress speaking or singing into a microphone surrounded by fog.,127941
25588,5144307872.jpg,Mature women performing a song in mist of stage smoke.,127942
25588,5144307872.jpg,A female singer singing in a smoky bar.,127943
25588,5144307872.jpg,A woman sings in a smokey room.,127944
1452,1425529973.jpg,A man with a white shirt and rubber boots is climbing on tanks in order to retrieve items from a specific tank.,7260
1452,1425529973.jpg,A worker wearing work boots stands on some aquariums as he puts fish on a weighing scale.,7261
1452,1425529973.jpg,A man perched on a row of aquariums is using a net to scoop a fish from another aquarium.,7262
1452,1425529973.jpg,A man in a white shirt balances on water-filled tanks containing crabs and fish.,7263
1452,1425529973.jpg,A man trying to catch the fish with a little net.,7264
18368,4269809096.jpg,People dressed in red are walking into an ivory colored building that looks like a castle.,91840
18368,4269809096.jpg,People gathering at the front of the temple before they go to meditate.,91841
18368,4269809096.jpg,Monks in orange robes face a building with intricate architecture.,91842
18368,4269809096.jpg,A beautiful cream colored building.,91843
18368,4269809096.jpg,Priests in red entering a church.,91844
3188,20803565.jpg,"A person with long blond-hair, white shirt, and black pants holds a plate with a colorful burger on it.",15940
3188,20803565.jpg,A man with shoulder length blond-hair and glasses about to eat steak and vegetables,15941
3188,20803565.jpg,A man with glasses just sat down and is ready to eat his burger.,15942
3188,20803565.jpg,Man with long blond-hair and a plate of food in his hands.,15943
3188,20803565.jpg,A person is sitting next to a tv holding a plate of food.,15944
28332,6776208229.jpg,A man wearing flowered swim trunks climbs out of a pool cut into ice.,141660
28332,6776208229.jpg,A man in a bathing suit climbs out of a large hole in an ice field.,141661
28332,6776208229.jpg,A man in blue swim trunks decided to go swimming in ice cold water.,141662
28332,6776208229.jpg,A man in shorts climbing the ladder of a pool in an ice field.,141663
28332,6776208229.jpg,A man climes out of a hole in the ice up a wooden ladder.,141664
8915,2849292029.jpg,"Two men, both wearing collared shirts, hats, and jeans, are riding horses and trying to catch a bull.",44575
8915,2849292029.jpg,"Two men on horseback, each swinging lassos, are chasing a calf inside a rodeo ring.",44576
8915,2849292029.jpg,Two cowboys attempt to lasso a calf while riding full speed on horses.,44577
8915,2849292029.jpg,Two cowboys attempting to lasso a cow in a rodeo.,44578
8915,2849292029.jpg,Two men on horses chasing an animal at a rodeo.,44579
22020,4725724882.jpg,A man in cap sitting in a chair with a red bag lying next to him.,110100
22020,4725724882.jpg,A man grasping a white sheet of paper sits next to the harbor.,110101
22020,4725724882.jpg,A man with a backpack is sitting in a folding chair on a pier.,110102
22020,4725724882.jpg,A man with a suitcase holds paper as he sits by a marina.,110103
22020,4725724882.jpg,A man is sitting in a chair outside.,110104
3561,2135360514.jpg,A baby wearing a Santa hat and a red outfit playing with a Santa Claus figure.,17805
3561,2135360514.jpg,A baby in a Santa hat holds a Santa figure while laying on a brown sofa.,17806
3561,2135360514.jpg,Baby in Santa outfit holding a baby Santa.,17807
3561,2135360514.jpg,The baby is holding a Santa figurine.,17808
3561,2135360514.jpg,A baby wears a Santa hat.,17809
9351,2904714989.jpg,"A group of people holds tennis rackets, and pose together near a tennis net.",46755
9351,2904714989.jpg,A group of young tennis players is posing on the court with their coach.,46756
9351,2904714989.jpg,A tennis team holding rackets and posing for the picture.,46757
9351,2904714989.jpg,Several men on a tennis court posing for camera.,46758
9351,2904714989.jpg,Tennis players all standing around a court.,46759
25833,5249558588.jpg,"A person with hat, long shirt, and jeans is standing in a stand of trees with no underbrush, bent over and examining the base of a tree, while a footpath crosses the bottom of the image.",129165
25833,5249558588.jpg,"A man bent over in a forest wearing a red shirt and blue jeans, tapping the trees for maple syrup.",129166
25833,5249558588.jpg,A man standing in the forrest marking trees to be ready to be cut down.,129167
25833,5249558588.jpg,A man is sorting and identifying trees in a wood.,129168
25833,5249558588.jpg,Man in the woods inspecting trees.,129169
2950,2040056561.jpg,A young white female in a black beanie and maroon snowsuit laying on the snowy ground making a snow angel.,14750
2950,2040056561.jpg,"A little girl wearing a pink jacket and snow pants, makes a snow angel on the cement.",14751
2950,2040056561.jpg,Young girl in purple and pink snowsuit makes a snow angel in the snow.,14752
2950,2040056561.jpg,A girl in a jumpsuit makes a snow angel.,14753
2950,2040056561.jpg,A smiling child makes a snow angel.,14754
4874,2329631855.jpg,Four guy friends working on a racer car checking to see if everything it working correctly.,24370
4874,2329631855.jpg,A group of guys working on a small blue open-topped racing vehicle.,24371
4874,2329631855.jpg,Young men trying to do maintenance on a vehicle.,24372
4874,2329631855.jpg,Four men huddle around a blue race car.,24373
4874,2329631855.jpg,Four men are working on a race car.,24374
27190,5947742521.jpg,A girl in ripped jeans and a white t-shirt leads others in a synchronized dance.,135950
27190,5947742521.jpg,A woman wearing ripped jeans and a t-shirt is dancing on stage with other girls.,135951
27190,5947742521.jpg,Two girls in white T-shirts and torn jeans are exercising.,135952
27190,5947742521.jpg,Dancing crew called the Beat Sisters performing on stage.,135953
27190,5947742521.jpg,Girls wearing ripped blue jeans while dancing.,135954
21622,4695672886.jpg,Two girls admiring jewelry worn by someone on their hands,108110
21622,4695672886.jpg,The women are looking at the beautiful jewelry.,108111
21622,4695672886.jpg,Two women admiring a third woman's bracelets.,108112
21622,4695672886.jpg,Two women ogle another woman's jewelry.,108113
21622,4695672886.jpg,Two women are looking at bracelets.,108114
29520,7473971602.jpg,"A woman in a short, sleeveless bright orange dress and black leggings sits on a cement bench looking down, with numerous bicycles parked behind her.",147600
29520,7473971602.jpg,"A pretty young adult woman, wearing gray leggings and a bright orange tank top, is sitting on a cement bench with bicycles in the background.",147601
29520,7473971602.jpg,A woman is sitting on a concrete bench in front of a loaded bicycle rack.,147602
29520,7473971602.jpg,A woman sitting on a stone bench next to many bikes.,147603
29520,7473971602.jpg,A woman sitting near a bike rack,147604
23137,4816940001.jpg,A girl in a yellow shirt and a girl in a blue shirt walking up a city sidewalk.,115685
23137,4816940001.jpg,Two girls walking and one is looking to her left.,115686
23137,4816940001.jpg,Two girls holding bags walking down the sidewalk.,115687
23137,4816940001.jpg,Two women are walking down a sidewalk.,115688
23137,4816940001.jpg,Two women walking down the sidewalk.,115689
24073,48908641.jpg,"A band performs beneath colorful stage lights, the bass player singing into the microphone while the guitarist and drummer play in the background.",120365
24073,48908641.jpg,"A man playing a bass guitar, a man playing an electric guitar, and a man playing drums are on a stage.",120366
24073,48908641.jpg,Two men playing guitars are in a building with a stage and lights.,120367
24073,48908641.jpg,Two men with electric guitars perform on stage.,120368
24073,48908641.jpg,A band plays a gig to a crowd.,120369
24557,4932959759.jpg,A woman with long hair and a white top stands on a city street while two people stand beside her.,122785
24557,4932959759.jpg,Three people including a long-haired girl with her arm outstretched and her hand palm up.,122786
24557,4932959759.jpg,A young redheaded female walks on the street with her friend at her side.,122787
24557,4932959759.jpg,A girl in a white blouse showing someone around.,122788
24557,4932959759.jpg,A Girl with long brown hair standing outside.,122789
2892,2011797111.jpg,Two oriental men are talking in front of a refrigerator in a store.,14460
2892,2011797111.jpg,Two asian men in black jackets are smiling and exchanging papers.,14461
2892,2011797111.jpg,Two men are talking on a stairway in a public place.,14462
2892,2011797111.jpg,Asian men saying hello to each other.,14463
2892,2011797111.jpg,Two Asian men in dark suits talking.,14464
15576,3663951804.jpg,A closeup of a man skateboarding in a skate park.,77880
15576,3663951804.jpg,A skateboarder executes a jump in a skate park.,77881
15576,3663951804.jpg,A person skateboarding at a skate park.,77882
15576,3663951804.jpg,A child doing a jump on a skateboard,77883
15576,3663951804.jpg,A skateboarder doing a jump.,77884
29836,7700079174.jpg,A indoor girls volleyball match is behind help at the olympic games while one team performs a spike move.,149180
29836,7700079174.jpg,"Two teams of women, one wearing blue and red the other wearing red and white, playing volleyball.",149181
29836,7700079174.jpg,Two groups of volleyball players are playing hard to win the Olympic games.,149182
29836,7700079174.jpg,2 teams of women playing volleyball in an auditorium.,149183
29836,7700079174.jpg,An indoor women's volleyball game.,149184
8426,2780105274.jpg,A woman in brown shorts and green striped shirt stands with a small bag on her back.,42130
8426,2780105274.jpg,The woman in the green striped shirt and backpack has a tattoo on her back.,42131
8426,2780105274.jpg,A woman is wearing a green striped shirt and a brown skirt.,42132
8426,2780105274.jpg,A woman in green stands with her hands on her hips.,42133
8426,2780105274.jpg,Tattoed women in striped top wearing a backpack.,42134
29837,7700080224.jpg,Two women's volleyball teams are competing against each other on a salmon-colored and turquoise court while a referee in black watches.,149185
29837,7700080224.jpg,Women compete in a volleyball match in the London 2012 Olympics.,149186
29837,7700080224.jpg,Women play volleyball while two referees manage the game.,149187
29837,7700080224.jpg,Two girls teams are playing volleyball.,149188
29837,7700080224.jpg,Several women are playing volleyball.,149189
13378,3399906919.jpg,A man and his female teammate watch his shot as they play a game of a beer pong.,66890
13378,3399906919.jpg,A man is throwing a small white ball at some red cups.,66891
13378,3399906919.jpg,A man trying to throw a ball into red cups.,66892
13378,3399906919.jpg,The two people are next to a brown house.,66893
13378,3399906919.jpg,People play beer pong.,66894
28150,6599201429.jpg,A woman on her wedding day with her wedding gown on looking back at a her family.,140750
28150,6599201429.jpg,Several people with their arms around one another at a celebration.,140751
28150,6599201429.jpg,"A crowd is standing under a banner, facing away from the camera.",140752
28150,6599201429.jpg,The bride at a wedding looking back at a woman dressed in brown.,140753
28150,6599201429.jpg,A bride holds her bouquet and gazes back at the crowd.,140754
15155,3609999845.jpg,"A boy hits a ball, with a bat, outside, while others in the background watch him.",75775
15155,3609999845.jpg,A man hitting a red ball with a bat while running in grass.,75776
15155,3609999845.jpg,"Man playing cricket, hits the red ball.",75777
15155,3609999845.jpg,A young man hitting a ball with a bat.,75778
15155,3609999845.jpg,Boy plays baseball in a grass field.,75779
13899,3464368184.jpg,A little blond-haired girl wearing a pink shirt covered by a striped and flowered jumper is having her hair combed by a person wearing a green cardigan sweater.,69495
13899,3464368184.jpg,A young blond-haired girl gets her haircut by someone in a yellow blouse holding a white comb.,69496
13899,3464368184.jpg,A little girl in a pink shirt and pink printed smock dress is getting a haircut.,69497
13899,3464368184.jpg,A little girl looks sad while she is getting her hair combed.,69498
13899,3464368184.jpg,Young girl is getting her hair combed.,69499
5771,2442012496.jpg,An elderly person paints an imitation of a painting having on the wall while sitting.,28855
5771,2442012496.jpg,An elderly woman painting a picture of a painting on a wall in an art gallery.,28856
5771,2442012496.jpg,And older woman sitting on a chair is duplicating a painting.,28857
5771,2442012496.jpg,An elderly lady compares two copies of the same painting.,28858
5771,2442012496.jpg,Old women sitting on stool is copying a painting.,28859
11385,3169199340.jpg,A young boy in Christmas-themed pajamas unwraps a gift and plays with other gifts while family watches him.,56925
11385,3169199340.jpg,Small boy in green Christmas pajamas holding a box.,56926
11385,3169199340.jpg,A young boy opens his Christmas presents.,56927
11385,3169199340.jpg,A child opening Christmas presents.,56928
11385,3169199340.jpg,A boy opening a present.,56929
15337,3635911776.jpg,Three women wearing saris are dancing in front of a flag that is hanging on a wall.,76685
15337,3635911776.jpg,Three women in saris dance near a large flag.,76686
15337,3635911776.jpg,Three women dance before a flag.,76687
15337,3635911776.jpg,Three women in dresses dancing.,76688
15337,3635911776.jpg,Three women dancing in robes.,76689
4431,2272361718.jpg,A woman wearing a black shirt with stars on it holding a bag in her hand.,22155
4431,2272361718.jpg,A woman in the street with a black shirt and stars with her mouth open.,22156
4431,2272361718.jpg,"A woman with a black shirt on with stars on it, talking.",22157
4431,2272361718.jpg,A woman walks down the sidewalk carrying a plastic bag.,22158
4431,2272361718.jpg,The lady on the street seemed very intoxicated.,22159
21816,4711423549.jpg,"A man, talking on a cellphone, bicycles on the sidewalk, passing under a light-post with a hanging flower pot.",109080
21816,4711423549.jpg,"Two people are bicycling down the road in front of a tall, yellow and white building.",109081
21816,4711423549.jpg,A man on a bicycle riding down the sidewalk and talking on the phone.,109082
21816,4711423549.jpg,Two Bicyclist riding on a street with trees and high rises.,109083
21816,4711423549.jpg,Two people riding their bicycles down an empty road.,109084
17099,3944780640.jpg,A woman in a purple sweater and bucket hat is on a sidewalk carrying many shopping bags.,85495
17099,3944780640.jpg,A woman in a bucket hat and purple shirt carries many shopping bags.,85496
17099,3944780640.jpg,A woman in a purple sweater is holding three bags on a street.,85497
17099,3944780640.jpg,A woman in a purple shirt carries three full shopping bags.,85498
17099,3944780640.jpg,A woman in a purple shirt carries shopping bags.,85499
7411,2647593678.jpg,A woman is clapping her hands while running in front of a running brown dog.,37055
7411,2647593678.jpg,The little red dog is running a course in front of blue tents.,37056
7411,2647593678.jpg,A woman leads a small dog through an agility competition.,37057
7411,2647593678.jpg,Woman leading her small dog through an obstacle course.,37058
7411,2647593678.jpg,Woman on grass playing with small dog.,37059
4189,2238019823.jpg,Man surfing under the Golden Gate Bridge on a foggy day.,20945
4189,2238019823.jpg,A man surfs by the Golden Gate bridge on a foggy day.,20946
4189,2238019823.jpg,A surfer rides a wave under a red bridge.,20947
4189,2238019823.jpg,A surfer by a bridge in foggy conditions,20948
4189,2238019823.jpg,A surfer under a bridge.,20949
15098,3604314527.jpg,A man races in a small vehicle while another man hangs off the back.,75490
15098,3604314527.jpg,A racer in a blue car towing a man in a black suit on the street,75491
15098,3604314527.jpg,A blue motorcycle and sidecar is being raced on a wet track.,75492
15098,3604314527.jpg,Racing on wet road while man hangs on back.,75493
15098,3604314527.jpg,Two people on a blue motorcycle.,75494
21050,4648976228.jpg,A middle-age man in a black jacket is standing on a boat holding onto a black rope.,105250
21050,4648976228.jpg,A man waiting for train with a blue coat blue jeans while holing a rope.,105251
21050,4648976228.jpg,A man in a black jacket looking over the railing of a boat.,105252
21050,4648976228.jpg,A man in a black flees holds ropes on a balcony.,105253
21050,4648976228.jpg,A man in black stands behind a railing.,105254
18711,4348999958.jpg,A man is on top of his vehicle that is carrying pieces of plywood.,93555
18711,4348999958.jpg,Two men maneuvering pieces of wood on top of a vehicle.,93556
18711,4348999958.jpg,Man kneels on roof of car and helps unload wood.,93557
18711,4348999958.jpg,A man kneeling on a wood pile on top of a van.,93558
18711,4348999958.jpg,Man arranging lumber on top of a vehicle.,93559
14287,3507045406.jpg,An older gentleman in a checkered shirt carrying milk jugs using a yoke.,71435
14287,3507045406.jpg,The man is carrying tins and taking them somewhere.,71436
14287,3507045406.jpg,A man in plaid yellow carrying two tin buckets.,71437
14287,3507045406.jpg,"A man in costume, carrying two milk jugs.",71438
14287,3507045406.jpg,A gentleman with two milk jugs.,71439
4153,2231847779.jpg,A young baby with food on her face in a purple shirt and both fingers up her nose,20765
4153,2231847779.jpg,A baby sits in a black and white chair and puts its fingers up its nose.,20766
4153,2231847779.jpg,A baby with food smeared on its face and two fingers up its nose.,20767
4153,2231847779.jpg,"A baby with two fingers up its nose, covered in chocolate pudding",20768
4153,2231847779.jpg,A baby with its fingers up its nose.,20769
23166,4818672276.jpg,A woman who looks serious and aloof and a man wearing a strange balloon hat are crossing the street at a crosswalk.,115830
23166,4818672276.jpg,A man with a balloon hat and a woman wearing an orange printed shawl are crossing the street.,115831
23166,4818672276.jpg,A man wearing a crown made out of balloons is walking across the street at a crosswalk.,115832
23166,4818672276.jpg,A man in khaki pants and a woman in a skirt cross a street.,115833
23166,4818672276.jpg,A man wearing a balloon hat is crossing a street.,115834
10335,3032703906.jpg,Many children in loincloths and two older men are sitting in the shade.,51675
10335,3032703906.jpg,A group of children and two adults are sitting on a bench.,51676
10335,3032703906.jpg,People and children are sitting in the shade.,51677
10335,3032703906.jpg,Village people sitting on wooden seats.,51678
10335,3032703906.jpg,A bunch of boys sitting on a bench.,51679
9700,2947274789.jpg,A man in a green shirt and cap puts his hands on a table as he stands next to man wearing headphones around his neck.,48500
9700,2947274789.jpg,There is a guy with headphones around his neck next to a guy in a hat looking off-screen.,48501
9700,2947274789.jpg,One man has his hands outstretched while another has headphones around his neck.,48502
9700,2947274789.jpg,A man wearing a white shirt is sitting next to a man wearing a green shirt.,48503
9700,2947274789.jpg,"Two men are sitting indoors, one of them has headphones.",48504
8676,2819833106.jpg,A woman in a hospital gown sitting next to a woman who is writing on a pad.,43380
8676,2819833106.jpg,An elderly woman in a hospital gown and a young woman writing with a pen.,43381
8676,2819833106.jpg,A patient sits with a woman in a green shirt.,43382
8676,2819833106.jpg,A woman writes a note for an older woman.,43383
8676,2819833106.jpg,The patient is giving the list to write.,43384
13252,3383055716.jpg,"A man wearing a sweater, jeans, and a green beret crouches to operate a mechanical tool.",66260
13252,3383055716.jpg,A man is using a machine on the ground in front of a stone peacock.,66261
13252,3383055716.jpg,Man sitting on the ground fixing a tool.,66262
13252,3383055716.jpg,A man works on installing a floor.,66263
13252,3383055716.jpg,An artist works with his tools.,66264
26277,5436966915.jpg,"A man wearing red ski pants, a black jacket, and a white helmet is skiing down a mountain.",131385
26277,5436966915.jpg,A person dressed in a red and black snowsuit skis downs a mountain.,131386
26277,5436966915.jpg,A skier is leaning to one side to dig their skis into the snow.,131387
26277,5436966915.jpg,A man with a white helmet and red pants skis down a slope.,131388
26277,5436966915.jpg,A man in red pants skiing down a slope.,131389
19602,4489393182.jpg,A woman with a red purse is looking out from a stone deck over the ocean.,98010
19602,4489393182.jpg,"A long-haired woman leans on a stone railing, looking out at the sea.",98011
19602,4489393182.jpg,A lady wearing a long green sweater is looking over at the ocean,98012
19602,4489393182.jpg,"A woman looks out at a body of water, past a stone wall.",98013
19602,4489393182.jpg,A woman with a red purse is looking at the ocean.,98014
146,104824673.jpg,An African individual is looking into the camera while dressed in varying beads and decorations that have a cultural relevance.,730
146,104824673.jpg,An African native gazes into the camera donning a hat of two corn cobs and necklaces of shells and beads.,731
146,104824673.jpg,A member of an African tribe is watching the camera intently in tribal dress.,732
146,104824673.jpg,"An African woman with piercings, lots of necklaces and corn on her head.",733
146,104824673.jpg,A person is wearing a lot of jewelry with corn on his or her head.,734
18515,4303789445.jpg,A man on a bicycle stops for a rest with his leashed dogs.,92575
18515,4303789445.jpg,Guy on bicycle with seeing eye German Shepard dog.,92576
18515,4303789445.jpg,A man has two dogs while sitting on a bike.,92577
18515,4303789445.jpg,A man on a bike with a dog on a leash.,92578
18515,4303789445.jpg,A man on a bike with a dog.,92579
15359,363715836.jpg,There is a bicycle race with a few people watching.,76795
15359,363715836.jpg,Bike riders are racing each other.,76796
15359,363715836.jpg,A group of people riding bicycles.,76797
15359,363715836.jpg,Cyclists are cycling through laps.,76798
15359,363715836.jpg,The bike racers are racing,76799
20304,4567734402.jpg,A man in a blue and red shirt hugs a woman in a blue top.,101520
20304,4567734402.jpg,A man and a woman are about to kiss.,101521
20304,4567734402.jpg,A woman and a man getting closer.,101522
20304,4567734402.jpg,A couple that is about to kiss.,101523
20304,4567734402.jpg,Two young people are kissing.,101524
755,1255599434.jpg,Two young boys in swimming trunks are in the water looking at each other.,3775
755,1255599434.jpg,Three children wearing swim trunks and no shirts play in the surf.,3776
755,1255599434.jpg,Three children playing in the wake of the ocean.,3777
755,1255599434.jpg,Two boys playing in the water wearing shorts.,3778
755,1255599434.jpg,Three boys playing in the ocean.,3779
1096,1348113612.jpg,A black and white dog jumping into a pool with a lot of tennis balls in it.,5480
1096,1348113612.jpg,A dog jumps into a swimming pool to retrieve some floating tennis balls.,5481
1096,1348113612.jpg,A black dog jumps into a pool that has many yellow balls in it.,5482
1096,1348113612.jpg,A black and white dog jumping into a pool after tennis balls.,5483
1096,1348113612.jpg,A dog swims in a pool.,5484
21987,4724702832.jpg,A young male wearing a white shirt with a character outlined very darkly.,109935
21987,4724702832.jpg,A man in jeans and a white shirt is walking down the street,109936
21987,4724702832.jpg,A black man in a white shirt walks down the sidewalk.,109937
21987,4724702832.jpg,Man shirt and jeans walking in a park.,109938
21987,4724702832.jpg,A young guy walking down the walkway.,109939
